タイムスタンプ,受付,国籍※国籍が分かる場合「その他」に国名を記入,時間帯,目的,人数,性別,年齢,問い合わせ内容,Komatsu九館内の案内,交通,目的地※主な所を一ヶ所,周辺店舗、飲食店※複数可,観光案内,パンフレットお渡し,物産,宿泊,イベント,その他（落とし物、ATM、公衆電話、授乳室など）,問い合わせ内容/回答
2025/03/12,窓口,日本,９時台,観光,個人,男性,40代から50代,交通,,バス,小松空港,,,,,,,,
2025/03/12,窓口,日本,９時台,観光,5人以下,男性,20代から30代,交通,,バス,小松空港,,,,,,,,
2025/03/12,窓口,日本,９時台,ビジネス,個人,男性,40代から50代,物産,,,,,,,取扱いのないもの（金沢土産、栗蒸し羊羹等）,,,,ヘアトニック類はどこで買えるかとのお尋ねがあり、コンビニをご案内しましたが無かったとおっしゃっていました。当店ではお取り扱いが無い事をお伝えしました
2025/03/12,電話,日本,10時台,市民利用,個人,女性,20代から30代,イベント,,,,,,,,,その他,,コナンミステリーツアーのデジタルスタンプラリーは3つ集めるとどうなるかとのお電話があり、ノベルティのカードをお渡ししますとお答えし、当たりが入っていると商品応募出来ますとお伝えしました。
2025/03/12,窓口,日本,12時台,観光,個人,男性,20代から30代,Komatsu九館内,お手洗い,,,,,,,,,,
2025/03/12,窓口,日本,14時台,観光,5人以下,男性,60代以上,その他,,,,,,,,,,その他,駅南口で建設中のビルは何かとのお尋ねがあり、北陸電力さん中心の複合ビルで、小松大学のキャンパスやホテルなどが入るとお答え。また、ドラッグストアアオキの横にはドーミーインが建設中ですとお答えしました。
2025/03/12,メール、FAX,欧米,11時台,観光,個人,男性,40代から50代,宿泊,,,,,,,,変なホテル,,,テスト
2025/03/13,電話,日本,14時台,市民利用,個人,男性,20代から30代,Komatsu九館内,Komatsu九館内の案内 *　その他,,,,,,,,,,問い合わせ内容/回答
2025/03/14,電話,韓国,12時台,ビジネス,個人,女性,20代から30代,イベント,,,,,,,,,ＪＣ,,
2025/03/14,窓口,1.日本,16時台,ビジネス,個人,女性,20代から30代,観光案内,,,,,"ハニベ巌窟院, 木場潟公園, こまつの杜","じゃらん, 個別のパンフレット",,,,,
2025/03/24,窓口,1.日本,11時台,観光,個人,男性,学生,Komatsu九館内,お手洗い,,,,,,,,,,
2025/03/24,電話,1.日本,12時台,ビジネス,個人,男性,40代から50代,交通,,バス,小松空港,,,,,,,,
2025/03/27,窓口,1.日本,08時台,ビジネス,個人,男性,40代から50代,Komatsu九館内,お手洗い,,,,,,,,,,
2025/03/27,窓口,1.日本,08時台,ビジネス,個人,男性,40代から50代,Komatsu九館内,お手洗い,,,,,,,,,,
2025/03/27,窓口,1.日本,11時台,観光,2〜5人,女性,40代から50代,周辺店舗、飲食店,,,,"ランチ, 小松うどん、塩焼きそば",,,,,,,勝っちゃんをご案内した。
2025/03/27,窓口,3.欧米,11時台,観光,個人,男性,40代から50代,交通,,バス,名古屋,,,,,,,,
2025/03/27,窓口,1.日本,10時台,市民利用,個人,男性,60代以上,交通,,シェアサイクル,サイクルポート,,,,,,,,
2025/03/27,窓口,3.欧米,11時台,観光,2〜5人,男女,60代以上,観光案内,,,,,那谷寺,個別のパンフレット,,,,,イギリスよりお越しのご年配夫婦、自然が楽しめる場所、ウォーキング/ハイキングができる場所、また荒俣峡までの交通アクセスを教えて欲しいとのこと。那谷寺、滝ヶ原をご案内、全てタクシーでのご移動をご提案しました。(廣瀬)
2025/03/27,窓口,1.日本,12時台,市民利用,2〜5人,女性,40代から50代,交通,,バス,イオンモール,,,,,,,,シャトルバス乗り場をご案内しました。(中出)
2025/03/27,窓口,1.日本,11時台,観光,個人,男性,60代以上,交通,,シェアサイクル,日本自動車博物館,,,,,,,,自動車博物館までのアクセスで1番安くて便利な手段は何か？お尋ねでした。バスと徒歩の利用、電車で粟津駅まで行きそこからタクシーもしくはシェアサイクルを利用する手段をご提案。電車にも乗ってみたいのでとシェアサイクルを利用されるようでした。(中出)
2025/03/27,窓口,2.アジア,14時台,観光,個人,女性,40代から50代,交通,,バス,小松空港,,,,,,,,
2025/03/27,窓口,1.日本,14時台,市民利用,個人,女性,40代から50代,物産,,,,,,,お菓子,,,,ポムポムプリンコラボの羊羹はあるかとのお問い合わせ。松葉屋をご案内しました。（田中）
2025/03/27,窓口,1.日本,17時台,観光,個人,女性,40代から50代,交通,,バス,イオンモール,,,,,,,,オレンジこまちをご案内しました。(中出)
2025/03/28,窓口,1.日本,10時台,観光,2〜5人,男女,60代以上,物産,,,,,,,取扱いのないもの（金沢土産、栗蒸し羊羹等）,,,,長沖のカニの甲羅揚げをお探しで、空港にございますとお答え。今から向かわれるそうでしたので、ご案内しました。(北村)
2025/03/28,窓口,1.日本,14時台,観光,個人,男性,40代から50代,Komatsu九館内,お手洗い,,,,,,,,,,
2025/03/28,窓口,1.日本,14時台,観光,個人,男性,40代から50代,Komatsu九館内,喫煙所,,,,,,,,,,
2025/03/28,メール、FAX,1.日本,13時台,観光,個人,男女,学生,周辺店舗、飲食店,,,,テスト,,,,,,,
2025/03/29,窓口,1.日本,09時台,観光,個人,女性,20代から30代,交通,,バス,いしかわ動物園,,,,,,,,いしかわ動物園までのアクセス案内。(中出)
2025/03/29,窓口,1.日本,10時台,観光,個人,女性,60代以上,観光案内,,,,,ゆのくにの森,個別のパンフレット,,,,,金沢へ行く前に小松で観光のお客様。ゆのくにの森はどうか？と尋ねられ、時間もある様でしたのでおすすめし、アクセス案内をしました。(中出)
2025/03/29,窓口,1.日本,10時台,観光,個人,女性,60代以上,周辺店舗、飲食店,,,,日帰り温泉,,,,,,,周辺の日帰り温泉について。さくら湯、アパホテル小松グランドなどをご紹介しました。(中出)
2025/03/29,窓口,1.日本,10時台,観光,個人,女性,40代から50代,交通,,バス,菟橋神社,,,,,,,,菟橋神社までのバスでのアクセス案内。(中出)
2025/03/29,窓口,1.日本,11時台,観光,個人,男性,40代から50代,観光案内,,,,,松井秀喜ベースボールミュージアム,見て歩きマップ,,,,,松井秀喜ベースボールミュージアムへのアクセス案内と周辺観光案内。(中出)
2025/03/29,窓口,1.日本,13時台,観光,個人,男性,60代以上,交通,,バス,那谷寺,,,,,,,,那谷寺までのアクセス案内。(中出)
2025/03/29,窓口,1.日本,13時台,観光,個人,男性,60代以上,交通,,バス,イオンモール新小松,,,,,,,,アクセス案内。(中出)
2025/03/29,窓口,1.日本,15時台,観光,個人,男性,40代から50代,宿泊,,,,,,,,周辺ホテル,,,本日泊まれる宿はあるか？お尋ねで、周辺宿泊施設の連絡先一覧をお渡ししました。(中出)
2025/03/30,電話,1.日本,08時台,観光,個人,女性,40代から50代,物産,,,,,,,食品,,,,山代の温泉卵があるかお問い合わせ
2025/03/30,電話,1.日本,08時台,観光,個人,女性,40代から50代,物産,,,,,,,お土産を購入したら熨斗を付けてもらえるか,,,,お土産を購入したら熨斗を付けてもらえるかのお問い合わせ、ございますと答えました(大音)
2025/03/30,窓口,1.日本,09時台,観光,家族連れ,男女,20代から30代,交通,,鉄道,日本自動車博物館,,,,,,,,自動車博物館へのアクセス案内。バスが2時間後までなかったので、電車→タクシーで向かうアクセスをご案内しました。(中出)
2025/03/30,窓口,1.日本,09時台,観光,個人,男性,40代から50代,交通,,鉄道,丸岡城,,,,,,,,丸岡城までのアクセス案内。電車→バスでのアクセスを案内しました。(中出)
2025/03/30,窓口,1.日本,10時台,市民利用,個人,女性,60代以上,物産,,,,,,,取扱いのないもの（金沢土産、栗蒸し羊羹等）,,,,小倉織物の扇子を展示してある場所はどこか？とお問い合わせ。ナイン内のギャラリーをご案内しました。(廣瀬)
2025/03/30,窓口,1.日本,10時台,観光,2〜5人,女性,60代以上,交通,,バス,小松空港,,,,,,,,小松空港行きのバス時刻をお伝えしました。(中出)
2025/03/30,窓口,1.日本,09時台,観光,個人,女性,20代から30代,交通,,バス,いしかわ動物園,,,,,,,,いしかわ動物園までのアクセス案内。(中出)
2025/03/30,窓口,3.欧米,14時台,観光,個人,男性,40代から50代,Komatsu九館内,Wi-Fi,,,,,,,,,,Wi-Fiのパスワードをお伝えしました。(中出)
2025/03/30,窓口,1.日本,14時台,観光,個人,女性,40代から50代,交通,,バス,旅館の送迎バス,,,,,,,,旅館の送迎バスが来るのはどこか？とお尋ね。IRの改札の辺りでスタッフが待っていたり、東口、西口のロータリーに車が停まっていたりするので詳しくはご自身で確認していただく様お伝えしました。(中出)
2025/03/31,窓口,2.アジア,10時台,観光,個人,男性,60代以上,観光案内,,,,,みよっさ,見て歩きマップ,,,,,この辺りで見てまわれるのはこまつの杜だけかとのお尋ね。見て歩きマップでみよっさをご案内しました。
2025/03/31,窓口,2.アジア,10時台,観光,個人,男性,20代から30代,落とし物,落とし物,,,,,,,,,,アジアの男性。昨夜ナイン周辺で英語の本3冊を置き忘れたのだが、届いてないかとのお尋ねがあり、事務所にも聞いてみたがありませんでした。念の為交番の場所もご案内しました
2025/03/31,窓口,1.日本,09時台,観光,個人,男性,20代から30代,交通,,バス,鳥越一向一揆歴史館,,,,,,,,鳥越方面のバスを教えて欲しいとの事で、麦口線をご案内しました。(中出)
2025/03/31,窓口,1.日本,11時台,観光,個人,女性,20代から30代,Komatsu九館内,お手洗い,,,,,,,,,,
2025/04/01,窓口,1.日本,11時台,観光,個人,男性,60代以上,観光案内,,,,,こまつの杜,個別のパンフレット,,,,,
2025/04/01,窓口,1.日本,13時台,市民利用,個人,女性,40代から50代,Komatsu九館内,お手洗い,,,,,,,,,,
2025/04/01,窓口,1.日本,12時台,ビジネス,個人,男性,40代から50代,物産,,,,,,,食品,,,,駅弁はあるかとのお問い合わせ。お寿司をご案内し、カブーレでも販売あるとお伝えしました。（田中）
2025/04/01,窓口,1.日本,15時台,市民利用,個人,男性,60代以上,Komatsu九館内,喫煙所,,,,,,,,,,
2025/04/01,窓口,1.日本,17時台,ビジネス,個人,男性,40代から50代,Komatsu九館内,お手洗い,,,,,,,,,,
2025/04/01,窓口,1.日本,17時台,ビジネス,個人,男性,40代から50代,Komatsu九館内,お手洗い,,,,,,,,,,
2025/04/01,窓口,1.日本,12時台,市民利用,個人,女性,学生,交通,,シェアサイクル,駐車場の場所など問い合わせ,,,,,,,,
2025/04/02,窓口,1.日本,09時台,観光,個人,女性,60代以上,交通,,鉄道,不明,,,,,,,,在来線の入り口はどこかとお問い合わせ、案内しました(大音)
2025/04/02,窓口,3.欧米,09時台,観光,個人,男性,40代から50代,観光案内,,,,,那谷寺,バスの時刻表をお渡ししました,,,,,那谷寺に行くバスの時間と乗り場のお問い合わせ、案内しました(大音)
2025/04/02,窓口,1.日本,09時台,観光,個人,男性,40代から50代,周辺店舗、飲食店,,,,パチンコ屋,,,,,,,時間つぶしのためにパチンコ屋に行きたいとお問い合わせ、ご案内しました(大音)
2025/04/02,窓口,1.日本,11時台,観光,2〜5人,女性,60代以上,観光案内,,,,,みよっさ,見て歩きマップ,,,,,みよっさに行くので地図がほしいとお問い合わせ、案内しました(大音)
2025/04/02,窓口,1.日本,09時台,市民利用,個人,女性,20代から30代,Komatsu九館内,お手洗い,,,,,,,,,,
2025/04/02,窓口,1.日本,11時台,観光,2〜5人,男女,40代から50代,観光案内,,,,,安宅住吉神社、安宅の関,お渡しなし,,,,,安宅の関に行くとおっしゃるご夫婦、バスの時刻をご案内しました（大音）
2025/04/02,窓口,1.日本,13時台,観光,2〜5人,男女,40代から50代,観光案内,,,,,"日本自動車博物館, 航空プラザ, こまつの杜","じゃらん, 見て歩きマップ, 個別のパンフレット",,,,,航空プラザ、自動車博物館、こまつの杜のアクセスをご案内しました。（田中）
2025/04/02,窓口,1.日本,11時台,観光,2〜5人,男女,20代から30代,Komatsu九館内,こまつ820ステーション,,,,,,,,,,購入ものを食べれる場所のお問い合わせ
2025/04/02,窓口,1.日本,14時台,観光,2〜5人,女性,60代以上,Komatsu九館内,お手洗い,,,,,,,,,,
2025/04/02,窓口,1.日本,14時台,観光,個人,男性,40代から50代,Komatsu九館内,お手洗い,,,,,,,,,,
2025/04/03,窓口,2.アジア,11時台,観光,2〜5人,男女,40代から50代,交通,,バス,那谷寺,,,,,,,,
2025/04/03,窓口,1.日本,17時台,市民利用,個人,女性,20代から30代,交通,,バス,南口,,,,,,,,
2025/04/04,窓口,2.アジア,09時台,観光,個人,男性,20代から30代,Komatsu九館内,荷物を預ける所はないかのお問い合わせ,,,,,,,,,,荷物を預ける所はないかのお問い合わせで、預ける所はないがロッカーがあると答えました(大音)
2025/04/04,窓口,1.日本,09時台,ビジネス,個人,男性,40代から50代,Komatsu九館内,Komatsu九について,,,,,,,,,,近くに銀行がないか問い合わせがありセブンイレブンを案内しました　(林)
2025/04/04,窓口,1.日本,11時台,市民利用,個人,男性,60代以上,Komatsu九館内,Komatsu九について,,,,,,,,,,コーヒーが飲めるところの問い合わせでユニコーヒーを案内しました(林)
2025/04/04,窓口,1.日本,12時台,観光,個人,男性,40代から50代,交通,,バス,イオンモール,,,,,,,,イオンモールへのバスがあるか問い合わせありました。バス乗り場案内、時刻表と地図を渡しました。(林)
2025/04/04,窓口,1.日本,13時台,市民利用,個人,女性,60代以上,物産,,,,,,,小松市の地図がないかと問い合わせ,,,,小松市の地図がないかと問い合わせあり、渡しました(林)
2025/04/05,窓口,2.アジア,10時台,観光,2〜5人,男女,40代から50代,交通,,バス,日本自動車博物館,,,,,,,,
2025/04/05,窓口,3.欧米,15時台,観光,2〜5人,男女,60代以上,交通,,公共交通機関で行くのは難しいくお車でとお伝え,白山,,,,,,,,
2025/04/05,窓口,2.アジア,19時以降,観光,2〜5人,男性,20代から30代,交通,,バス,小松空港,,,,,,,,
2025/04/05,窓口,1.日本,19時以降,市民利用,個人,女性,40代から50代,Komatsu九館内,お手洗い,,,,,,,,,,
2025/04/06,窓口,1.日本,11時台,観光,個人,女性,60代以上,交通,,タクシーとバス,安宅住吉神社、勧進帳ものがたり館,,,,,,,,
2025/04/06,窓口,1.日本,11時台,観光,個人,女性,60代以上,交通,,鉄道,加賀温泉,,,,,,,,
2025/04/06,窓口,2.アジア,14時台,観光,個人,男性,20代から30代,交通,,シェアサイクル,木場潟公園,,,,,,,,木場潟公園公園までシェアサイクルでどのくらいかかるか？25分ほどとご案内した。（田中）
2025/04/06,窓口,1.日本,13時台,市民利用,2〜5人,男女,40代から50代,交通,,バス,北鉄加賀バス営業所,,,,,,,,北鉄加賀バスの定期券の売り場はどこかとのお問い合わせ。小松インター近くの営業所をご案内した（田中）
2025/04/06,窓口,1.日本,09時台,市民利用,個人,男性,40代から50代,Komatsu九館内,お手洗い,,,,,,,,,,
2025/04/06,窓口,2.アジア,14時台,観光,個人,男性,20代から30代,交通,,バス,小松空港,,,,,,,,
2025/04/07,窓口,1.日本,12時台,ビジネス,個人,男性,20代から30代,Komatsu九館内,喫煙所,,,,,,,,,,
2025/04/07,窓口,1.日本,14時台,市民利用,個人,女性,60代以上,物産,,,,,,,お菓子,,,,徳田のきんつばはあるかとのお問い合わせ。ご用意がないとご案内した（田中）
2025/04/07,窓口,3.欧米,10時台,観光,2〜5人,男女,60代以上,観光案内,,,,,こまつの杜,個別のパンフレット,,,,,
2025/04/07,窓口,1.日本,14時台,市民利用,個人,女性,60代以上,交通,,バス,ソフィア病院,,,,,,,,ソフィア病院までのアクセス。15時までに行きたいとの事でイオンモール行きのシャトルバスをご案内しました（田中）
2025/04/07,窓口,1.日本,17時台,市民利用,個人,女性,40代から50代,周辺店舗、飲食店,,,,"ランチ, 小松うどん、塩焼きそば",,,,,,,来週、若い女性が数名、小松に来る予定で昼食、またバスで行けるおすすめの所のお問い合わせで見て歩きマップ、こまつの杜、ゆのくにの森、那谷寺の案内をしパンフレットをお渡ししました、那谷寺に行く際にはパンプスだと滑る可能性がある事もお伝えしました(大音)
2025/04/08,窓口,1.日本,08時台,市民利用,個人,女性,40代から50代,シェアサイクルについて,シェアサイクルについて,,,,,,,,,,シェアサイクルについて、料金がセブンンイレブンとなぜ違うのか、チケットを購入して自転車がない場合はどうするのかとのお問い合わせ、説明をしました(大音)
2025/04/10,窓口,2.アジア,10時台,観光,個人,女性,20代から30代,交通,,レンタカー,一向一揆歴史館,,,,,,,,
2025/04/10,窓口,1.日本,14時台,観光,2〜5人,男性,60代以上,Komatsu九館内,お手洗い,,,,,,,,,,
2025/04/10,窓口,1.日本,14時台,観光,2〜5人,女性,60代以上,Komatsu九館内,こまつ820ステーション,,,,,,,,,,空港行きのバスの時間までベンチに座りたい。とのことで、こまつ820ステーションを案内しました(林)
2025/04/10,窓口,1.日本,14時台,ビジネス,個人,男性,40代から50代,Komatsu九館内,喫煙所,,,,,,,,,,
2025/04/10,窓口,1.日本,16時台,市民利用,個人,女性,40代から50代,Komatsu九館内,お手洗い,,,,,,,,,,
2025/04/10,窓口,3.欧米,16時台,観光,2〜5人,男女,20代から30代,Komatsu九館内,UNICOFFEE,,,,,,,,,,閉店時間の問い合わせ
2025/04/10,窓口,1.日本,17時台,ビジネス,個人,男性,40代から50代,Komatsu九館内,喫煙所,,,,,,,,,,
2025/04/10,窓口,1.日本,17時台,ビジネス,個人,男性,40代から50代,周辺店舗、飲食店,,,,御朱印店舗の場所,,,,,,,
2025/04/11,窓口,1.日本,10時台,観光,2〜5人,女性,40代から50代,観光案内,,,,,みよっさ,"見て歩きマップ, こまつの杜、こまつぐるめりMAP",,,,,小松は初めてでコナンをみて隈取をしていたと所へ行きたい。とのことでみよっさを案内しました。こまつの杜は行ってみたら本日臨時休園となっていて残念がっていました。焼きそばが有名と聞いてこられてたので勝っちゃんを案内しました。金沢は回転寿司も王道で近くにありますか？と聞かれたのでイオンモールのバスに乗って行き向かいに回転寿司があると伝えました(林)
2025/04/11,窓口,2.アジア,12時台,観光,2〜5人,男女,40代から50代,観光案内,,,,,"ゆのくにの森, 日本自動車博物館, 那谷寺, 粟津温泉総湯",お渡しなし,,,,,韓国からお越しの方、近くに日帰り温泉はないかとお問い合わせ、ゆのくにの森、那谷寺、自動車博物館に行くとのことだったので粟津温泉総湯をご案内(見付)
2025/04/11,窓口,2.アジア,14時台,観光,2〜5人,男女,40代から50代,交通,,バス,那谷寺,,,,,,,,
2025/04/11,窓口,1.日本,14時台,ビジネス,個人,女性,40代から50代,交通,,徒歩,八日市町のマンションへ行きたい,,,,,,,,地図で案内をした(林)
2025/04/11,窓口,2.アジア,17時台,観光,2〜5人,男女,40代から50代,交通,,バス,イオンモール新小松店,,,,,,,,
2025/04/12,窓口,1.日本,09時台,観光,個人,女性,60代以上,交通,,タクシー,ゆのくにの森,,,,,,,,ゆのくにの森までのアクセス案内。バスが丁度いい時間がすぐなかったのでタクシーをご案内しました（田中）
2025/04/12,窓口,1.日本,12時台,観光,個人,女性,40代から50代,観光案内,,,,,粟津温泉,お渡しなし,,,,,小松駅から粟津温泉に行く交通手段のお問い合わせ、バスでの案内をしました(大音)
2025/04/12,窓口,1.日本,11時台,市民利用,個人,男性,40代から50代,Komatsu九館内,お手洗い,,,,,,,,,,
2025/04/13,電話,1.日本,08時台,観光,個人,女性,60代以上,観光案内,,,,,ポムポムプリンについて,送付,,,,,GWにポムポムプリンに関連する店舗、お寺、お勧めの観光のお問い合わせ、パンフレットを送付する事にししました｟大音｠
2025/04/13,窓口,1.日本,09時台,観光,2〜5人,男女,40代から50代,観光案内,,,,,那谷寺,お渡しなし,,,,,那谷寺までにのバスの時刻、タクシーの所要時間をご案内した（田中）
2025/04/13,窓口,1.日本,11時台,観光,個人,男性,60代以上,交通,,バス,粟津温泉,,,,,,,,バス粟津線をご案内しました（田中）
2025/04/13,窓口,1.日本,11時台,観光,個人,女性,40代から50代,Komatsu九館内,お手洗い,,,,,,,,,,
2025/04/13,窓口,1.日本,13時台,観光,個人,女性,40代から50代,物産,,,,,,,九谷もんよう,,,,
2025/04/13,窓口,1.日本,15時台,観光,個人,女性,40代から50代,観光案内,,,,,"ゆのくにの森, 那谷寺","じゃらん, 見て歩きマップ, 個別のパンフレット",,,,,ゆのくにの森と那谷寺に4/14に行かれるとの事。それぞれのアクセス方法をご案内した。また九谷焼が見たいとの事で錦窯をご案内。（田中）
2025/04/13,窓口,2.アジア,13時台,観光,2〜5人,男女,40代から50代,交通,,バス,小松空港,,,,,,,,
2025/04/13,窓口,1.日本,17時台,ビジネス,個人,男性,40代から50代,交通,,バス,小松空港,,,,,,,,
2025/04/14,窓口,1.日本,11時台,観光,個人,女性,40代から50代,Komatsu九館内,お手洗い,,,,,,,,,,
2025/04/14,窓口,1.日本,08時台,観光,2〜5人,女性,40代から50代,Komatsu九館内,営業時間について,,,,,,,,,,
2025/04/14,窓口,1.日本,11時台,観光,2〜5人,男女,40代から50代,周辺店舗、飲食店,,,,小松うどん、塩焼きそば,,,,,,,
2025/04/14,窓口,1.日本,13時台,観光,個人,男性,60代以上,Komatsu九館内,休憩所→820ご案内,,,,,,,,,,
2025/04/14,窓口,1.日本,14時台,市民利用,個人,男性,60代以上,交通,,バス,小松空港,,,,,,,,
2025/04/14,電話,1.日本,14時台,市民利用,個人,女性,40代から50代,物産,,,,,,,お菓子,,,,小松のおすすめのお土産のお問い合わせ。こまつもんを中心にご案内しました（田中）
2025/04/14,電話,1.日本,14時台,市民利用,個人,女性,40代から50代,Komatsu九館内,Wi-fi,,,,,,,,,,
2025/04/15,窓口,1.日本,14時台,市民利用,個人,男性,40代から50代,交通,,バス,イオンモール新小松,,,,,,,,
2025/04/15,窓口,1.日本,13時台,観光,個人,女性,40代から50代,観光案内,,,,,こまつの杜,個別のパンフレット,,,,,"これから金沢まで移動するがすぐ観光できる所はあるかとのお問い合わせ。
こまつの杜をご案内し、お昼につるっとをご案内。I R時刻表をお渡ししました（田中）"
2025/04/15,窓口,1.日本,12時台,市民利用,個人,男性,40代から50代,交通,,バス,市民病院,,,,,,,,バス粟津線をご案内しました（大音)
2025/04/15,窓口,1.日本,12時台,ビジネス,個人,男性,40代から50代,Komatsu九館内,お手洗い,,,,,,,,,,
2025/04/15,窓口,1.日本,10時台,ビジネス,2〜5人,男性,20代から30代,Komatsu九館内,喫煙所,,,,,,,,,,
2025/04/15,窓口,2.アジア,15時台,観光,個人,女性,20代から30代,Komatsu九館内,お手洗い,,,,,,,,,,
2025/04/16,窓口,1.日本,10時台,市民利用,個人,女性,60代以上,交通,,バス,イオンモール行のバスを知りたい,,,,,,,,イオンモールの時刻表を渡し、乗り場案内しました(林)
2025/04/16,窓口,1.日本,12時台,ビジネス,個人,女性,40代から50代,周辺店舗、飲食店,,,,切手を購入したい,,,,,,,駅前の郵便局を案内しました(林)
2025/04/16,窓口,1.日本,15時台,観光,個人,男性,40代から50代,シェアサイクルについて,シェアサイクルについて,,,,,,,,,,シェアサイクルについてのお問い合わせ、説明しました　(大音)
2025/04/16,窓口,2.アジア,16時台,観光,個人,男性,40代から50代,シェアサイクルについて,シェアサイクルについて,,,,,,,,,,シェアサイクルについてで以前、レンタルした時にタイヤの空気とバッテリーの残量が少なかった、その時はどうしたらいいかのお問い合わせで、シェアサイクルに電話で聞いた所、5分以内であれば返却して別の自転車に乗り換えられるとの事でその旨をお伝えしました　(大音)
2025/04/17,電話,1.日本,09時台,観光,個人,男性,40代から50代,観光案内,,,,,橋立漁港,お渡しなし,,,,,来週、橋立漁港に行きたいがバスがあるかのお問い合わせで加賀温泉駅の観光案内を案内しました　(大音)
2025/04/17,窓口,1.日本,10時台,観光,個人,男性,20代から30代,交通,,電車とバスでの行き方をご案内,いしかわ動物園,,,,,,,,
2025/04/17,窓口,1.日本,12時台,観光,個人,女性,40代から50代,能美市に行きたい,能美市に行きたい,,,,,,,,,,能美市の粟生小学校に行きたいとお問い合わ、バスの時刻表をお渡ししバス、電車、乗り場を案内しました、今すぐに見れる観光はないかという事で、みよっさを案内しました　(大音)
2025/04/17,窓口,1.日本,13時台,観光,個人,男性,40代から50代,Komatsu九館内,駅そばはあるのか,,,,,,,,,,駅そばはあるのかお問い合わせ、白山そばと、つるっとを案内しました（大音）
2025/04/17,窓口,1.日本,17時台,ビジネス,個人,女性,60代以上,宿泊,,,,,,,,お通夜で来られたがホテルが取れない,,,京都からお通夜で来られたてホテルが取れないとお問い合わせでグリーンホテルをご案内しました（北出、大音)
2025/04/18,窓口,1.日本,11時台,観光,個人,女性,40代から50代,Komatsu九館内,喫煙所,,,,,,,,,,
2025/04/18,窓口,1.日本,09時台,市民利用,個人,女性,40代から50代,Komatsu九館内,お手洗い,,,,,,,,,,
2025/04/18,窓口,1.日本,12時台,観光,個人,男性,40代から50代,Komatsu九館内,UNICOFFEE,,,,,,,,,,
2025/04/18,窓口,1.日本,13時台,市民利用,個人,男性,60代以上,交通,,バス,市内,,,,,,,,
2025/04/18,電話,1.日本,14時台,ビジネス,個人,女性,40代から50代,交通,,徒歩、タクシー、シェアサイクルをご案内,商工会議所,,,,,,,,
2025/04/18,窓口,1.日本,14時台,観光,個人,女性,60代以上,周辺店舗、飲食店,,,,松葉屋へ行きたい,,,,,,,地図で案内して見て歩きマップをお渡ししました。
2025/04/18,電話,1.日本,16時台,観光,個人,女性,40代から50代,観光案内,,,,,那谷寺,お渡しなし,,,,,足が少し悪いとの事で那谷寺のバリアフリー情報のお問い合わせ。車椅子貸出をしている事、一部階段があるがスロープ設置があるとご案内しました（田中）
2025/04/18,窓口,1.日本,15時台,観光,個人,男性,40代から50代,周辺店舗、飲食店,,,,小松うどん、塩焼きそば,,,,,,,小松うどんが食べられる店はあるかとのお問い合わせ。つるっとは15時で閉店していたためほたやをご案内。また小松の名物として塩焼きそば、アルバカレーをご案内しました（田中）
2025/04/19,窓口,1.日本,09時台,観光,2〜5人,男女,60代以上,交通,,バス,木場道の駅,,,,,,,,
2025/04/19,電話,1.日本,09時台,観光,個人,男性,40代から50代,観光案内,,,,,こまつの杜,お渡しなし,,,,,
2025/04/19,窓口,3.欧米,10時台,観光,個人,男性,40代から50代,交通,,バス,粟津線,,,,,,,,
2025/04/19,窓口,1.日本,11時台,観光,個人,男性,40代から50代,観光案内,,,,,"みよっさ, 安宅住吉神社、安宅の関, こまつの杜","じゃらん, 見て歩きマップ, 個別のパンフレット",,,,,小松駅前で観光出来る所はあるかとのお問い合わせ。こまつの杜、みよっさ、安宅の関をご案内しました（田中）
2025/04/19,窓口,1.日本,12時台,観光,個人,男性,60代以上,観光案内,,,,,周辺を見たい,見て歩きマップ,,,,,見て歩きマップをお渡ししました。(林)
2025/04/19,窓口,1.日本,12時台,観光,個人,男性,40代から50代,物産,,,,,,,キーホルダー,,,,ご当地キーホルダーを探されていてポムポムプリンを案内しましたが思いと違っていてカブーレとコンビニを案内しました。(林)
2025/04/19,窓口,1.日本,13時台,観光,個人,男性,60代以上,Komatsu九館内,待合室,,,,,,,,,,
2025/04/19,窓口,1.日本,13時台,市民利用,個人,男性,60代以上,物産,,,,,,,お菓子,,,,栗蒸し羊羹
2025/04/19,窓口,1.日本,13時台,観光,個人,男性,60代以上,交通,,バス,鳥越城跡,,,,,,,,
2025/04/20,窓口,1.日本,08時台,市民利用,個人,女性,60代以上,Komatsu九館内,コワーキングエリア,,,,,,,,,,
2025/04/20,窓口,3.欧米,09時台,観光,個人,男性,40代から50代,観光案内,,,,,那谷寺,お渡しなし,,,,,バスを案内しましたが待ち時間が長いとのことでタクシー案内しました。(林)
2025/04/20,電話,1.日本,10時台,市民利用,個人,男性,60代以上,周辺店舗、飲食店,,,,周辺の旅行会社,,,,,,,
2025/04/20,電話,1.日本,10時台,市民利用,個人,男性,60代以上,交通,,自家用車,東尋坊,,,,,,,,東尋坊までの所要時間のお問い合わせ。50分から1時間ほどとご案内しました（田中）
2025/04/20,窓口,3.欧米,09時台,観光,2〜5人,男女,60代以上,交通,,タクシー,那谷寺,,,,,,,,那谷寺までタクシーでどのくらいかとのお問い合わせ。35分ほど。5000円ほどかかるとご案内しました。（田中）
2025/04/20,窓口,1.日本,12時台,ビジネス,個人,男性,60代以上,小松市上小松はどこかのお問い合わせ,小松市上小松はどこかのお問い合わせ,,,,,,,,,,小松市上小松はどこかのお問い合わせ、タクシーをご利用だったので乗り場を案内しました(大音)
2025/04/20,窓口,3.欧米,12時台,観光,個人,男女,60代以上,周辺店舗、飲食店,,,,不明,,,,,,,インバウンドの方、タブレットを使いお問い合わせは駅周辺にの地図はあるかとのいう事で、見て歩きマップをお渡ししました(大音)
2025/04/20,窓口,1.日本,12時台,観光,個人,女性,40代から50代,石川県立九谷焼美術館の英語のパンフレットが欲しい。,石川県立九谷焼美術館の英語のパンフレットが欲しい。,,,,,,,,,,石川県立九谷焼美術館の英語のパンフレットが欲しいとお問い合わせ、無かったので渡せませんでした。(林)
2025/04/20,窓口,1.日本,15時台,市民利用,個人,男性,60代以上,Komatsu九館内,UNICOFFEE,,,,,,,,,,
2025/04/20,電話,1.日本,15時台,観光,個人,女性,60代以上,観光案内,,,,,"日本自動車博物館, こまつの杜",お渡しなし,,,,,埼玉県からお孫さんと自動車博物館に行くとの事でルートのお問い合わせ。加賀温泉駅からキャンバスに乗るルートとタクシーをご案内。こまつの杜もご案内しました（田中）
2025/04/21,窓口,1.日本,08時台,市民利用,個人,男性,40代から50代,Komatsu九館内,お手洗い,,,,,,,,,,
2025/04/21,窓口,1.日本,10時台,観光,個人,男性,40代から50代,交通,,バス,那谷寺,,,,,,,,那谷寺に行くバス時間のお問い合わせ、時刻表をお渡しバス乗り場を案内しました(大音)
2025/04/21,窓口,2.アジア,10時台,観光,2〜5人,男女,40代から50代,観光案内,,,,,"日本自動車博物館, 駅周辺",見て歩きマップ,,,,,自動車博物館に行きたいがのお問い合わせで遠いことがわかって自転車で駅周辺を散策したいという事で見て歩きマップをお渡ししました（大音)
2025/04/21,窓口,1.日本,10時台,市民利用,個人,女性,40代から50代,Komatsu九館内,お手洗い,,,,,,,,,,
2025/04/22,窓口,1.日本,10時台,観光,個人,女性,60代以上,観光案内,,,,,多田神社,見て歩きマップ,,,,,多田神社までの道順と小松駅から粟津線の時刻をご案内(見付)
2025/04/22,窓口,1.日本,14時台,観光,個人,女性,60代以上,観光案内,,,,,那谷寺,見て歩きマップ,,,,,那谷寺までのバスやタクシーでの所要時間のご案内、思ったよりも時間がかかるとの事で周辺みよっさ、錦窯展示館をご案内(見付)
2025/04/23,窓口,2.アジア,09時台,観光,個人,女性,40代から50代,交通,,バス,小松空港,,,,,,,,
2025/04/23,窓口,1.日本,10時台,ビジネス,2〜5人,男性,40代から50代,周辺店舗、飲食店,,,,ランチ,,,,,,,10時半頃のお問い合わせでこの時間帯で食事が出来るところをお探しで、つるっとさんご案内(見付)
2025/04/23,窓口,1.日本,13時台,市民利用,個人,女性,40代から50代,交通,,バス,小松市以外（福井、金沢ほか県外）,,,,,,,,粟生小学校までバスでのご案内(見付)
2025/04/23,窓口,1.日本,13時台,観光,個人,男性,40代から50代,観光案内,,,,,"航空プラザ, こまつの杜",個別のパンフレット,,,,,今からこまつの杜をみて歩く時間があるか。明日は航空プラザに行きたい。との事で、パンフレットをお渡ししました。(林)
2025/04/23,窓口,1.日本,17時台,ビジネス,個人,男性,40代から50代,Komatsu九館内,お手洗い,,,,,,,,,,
2025/04/24,窓口,1.日本,08時台,観光,2〜5人,男女,60代以上,観光案内,,,,,安宅住吉神社、安宅の関,見て歩きマップ,,,,,安宅の関に行くバス時刻のお問い合わせ、時刻表とパンフレットをお渡ししました(大音)
2025/04/24,窓口,2.アジア,09時台,観光,個人,男性,20代から30代,シェアサイクル,シェアサイクル,,,,,,,,,,シェアサイクルを利用したいとお問い合わせ、連絡先がない為、ご利用出来ず(大音)
2025/04/24,窓口,1.日本,09時台,観光,個人,女性,40代から50代,周辺店舗、飲食店,,,,松葉屋,,,,,,,松葉屋に行きたいとお問い合わせ、案内しました(大音)
2025/04/24,窓口,1.日本,13時台,ビジネス,個人,男性,40代から50代,交通,,バス,今江町へ行きたい,,,,,,,,バスの時刻表をみて案内しましたが、待ち時間が長いためタクシーも案内しました（林）
2025/04/24,窓口,1.日本,16時台,観光,個人,男性,40代から50代,交通,,バス,福井駅,,,,,,,,小松空港から福井駅までのバス時刻のお問い合わせ。お調べし時刻表をお渡し（田中）
2025/04/25,窓口,1.日本,12時台,ビジネス,2〜5人,男性,40代から50代,駐車場,駐車場,,,,,,,,,,大型バスの駐車場のお問い合わせ、サイエンスヒルズの方ご案内と電話番号をお伝えしました(見付)
2025/04/25,窓口,1.日本,13時台,観光,個人,男性,40代から50代,イオンモール、やわたメディカルセンターへ行きたい,バスに案内,,,,,,,,,,時刻表を渡して乗り場案内しました（林）
2025/04/25,窓口,1.日本,13時台,観光,個人,男性,20代から30代,携帯充電器の置いてある場所を聞かれました,充電器の場所を案内(林),,,,,,,,,,
2025/04/25,窓口,1.日本,18時台,市民利用,個人,男性,40代から50代,Komatsu九館内,お手洗い,,,,,,,,,,
2025/04/26,窓口,1.日本,10時台,観光,個人,女性,40代から50代,観光案内,,,,,"安宅住吉神社、安宅の関, 鳥越城","見て歩きマップ, 個別のパンフレット",,,,,鳥越城に行きたいとのお問い合わせ。麦口線をご案内したがなかなかアクセスが悪いとのことで安宅の関に行く事になった。お城が好きとの事だったので芦城公園もご案内しました。（田中）
2025/04/26,電話,1.日本,10時台,観光,個人,男性,20代から30代,物産,,,,,,,ポムポムプリングッズ,,,,駅周辺のポムポムプリンのグッズや見て回れる箇所のお問い合わせ。空駅、土産店、あずまやなどをご案内しました（田中）
2025/04/26,窓口,1.日本,10時台,市民利用,個人,女性,40代から50代,Komatsu九館内,お手洗い,,,,,,,,,,
2025/04/26,窓口,1.日本,10時台,観光,個人,女性,40代から50代,交通,,バス,小松空港,,,,,,,,
2025/04/26,窓口,1.日本,12時台,観光,個人,男性,20代から30代,Komatsu九館内,お手洗い,,,,,,,,,,
2025/04/26,窓口,1.日本,15時台,観光,2〜5人,男女,40代から50代,観光案内,,,,,みよっさ,"見て歩きマップ, 個別のパンフレット",,,,,近くで見るところはあるかとのお問い合わせ。みよっさをご案内（田中）
2025/04/26,窓口,1.日本,17時台,観光,個人,女性,40代から50代,周辺店舗、飲食店,,,,温泉,,,,,,,小松駅周辺に温泉はあるかとのお問い合わせ。あまり時間が無いとの事だったのでさくら湯をご案内。（田中）
2025/04/27,窓口,1.日本,09時台,観光,個人,女性,40代から50代,交通,,バス,安宅住吉神社、勧進帳ものがたり館,,,,,,,,安宅の関に行かれる方、帰りのバスの時間をご案内(見付)
2025/04/27,窓口,2.アジア,10時台,観光,2〜5人,男女,40代から50代,交通,,バス,イオンモール,,,,,,,,
2025/04/27,窓口,1.日本,10時台,観光,個人,男性,60代以上,交通,,バス,那谷寺,,,,,,,,那谷寺と安宅の関までのご案内( 見付)
2025/04/27,窓口,1.日本,13時台,観光,個人,男性,60代以上,観光案内,,,,,苔の里,個別のパンフレット,,,,,苔里に行くバスのお問い合わせ、タクシーを案内を案内しました(田中)
2025/04/27,窓口,1.日本,11時台,市民利用,個人,女性,40代から50代,Komatsu九館内,お手洗い,,,,,,,,,,
2025/04/27,窓口,1.日本,12時台,観光,個人,女性,20代から30代,交通,,バス,セラボ,,,,,,,,セラボまで行かれる方、循環バスかイオンモールのシャトルバスと徒歩でのご案内(見付)
2025/04/27,窓口,1.日本,18時台,観光,個人,女性,40代から50代,Komatsu九館内,お手洗い,,,,,,,,,,
2025/04/27,窓口,1.日本,18時台,観光,個人,男女,20代から30代,周辺店舗、飲食店,,,,空の駅,,,,,,,空の駅の営業時間のお問い合わせ
2025/04/28,窓口,1.日本,12時台,観光,個人,男性,40代から50代,交通,,バス,加賀温泉駅,,,,,,,,
2025/04/28,窓口,1.日本,11時台,観光,個人,男性,40代から50代,物産,,,,,,,お菓子,,,,栗むし羊羹のお問い合わせ。セブンイレブンとカブーレをご案内（田中）
2025/04/28,電話,1.日本,14時台,観光,個人,女性,60代以上,観光案内,,,,,"日本自動車博物館, 花嫁のれん館（七尾）",お渡しなし,,,,,加賀温泉駅から自動車博物館までアクセスのお問い合わせ→キャンバスをご案内。また七尾の花嫁のれん館へのアクセスのお問い合わせ。金沢駅から特急かがり火で50分ほどとご案内しました（田中）
2025/04/28,窓口,1.日本,18時台,観光,個人,男性,40代から50代,周辺店舗、飲食店,,,,近くを散策、夕食のお問い合わせ,,,,,,,1人でサッと入れるお店、近隣を散策したいとお問い合わせ、安宅の関の夕焼けをおすすめし夕食は勝っちゃんをおすすめしました、明日は敦賀に行くそうなので福井のマップなどをお渡ししました(大音)
2025/04/29,窓口,1.日本,09時台,観光,個人,女性,60代以上,交通,,電車とバス,九谷焼美術館,,,,,,,,能美根上駅からバスでのご案内(見付)
2025/04/29,窓口,2.アジア,09時台,観光,個人,女性,20代から30代,交通,,バス,小松空港,,,,,,,,
2025/04/30,窓口,1.日本,10時台,観光,個人,男性,40代から50代,Komatsu九館内,アルバのカレー,,,,,,,,,,場所を案内しました（林）
2025/04/30,窓口,1.日本,14時台,観光,2〜5人,男女,40代から50代,交通,,バス,小松空港,,,,,,,,空港行のバスチケットを販売しているか？バス内でお買い求めくださいとご案内しました（田中）
2025/04/30,窓口,1.日本,15時台,観光,個人,女性,40代から50代,Komatsu九館内,お手洗い,,,,,,,,,,
2025/04/30,窓口,1.日本,15時台,観光,2〜5人,女性,60代以上,Komatsu九館内,UNICOFFEE,,,,,,,,,,
2025/05/01,電話,1.日本,10時台,観光,10人以上,女性,60代以上,観光案内,,,,,滝ヶ原の石切場,お渡しなし,,,,,7/10に30名程で滝ヶ原の石切場に行きたいがガイドはあるかのお問い合わせ、ホームページからの予約を案内しました（大音)
2025/05/01,窓口,1.日本,14時台,観光,個人,女性,40代から50代,交通,,バス,イオンモール,,,,,,,,イオンモールのバス停のお問い合わせ、時刻表をお渡ししました（倉本)
2025/05/01,窓口,2.アジア,14時台,観光,2〜5人,男女,20代から30代,末広テニスコートノー予約,末広テニスコートの予約方法,,,,,,,,,,予約は、受け付けしておりません。先着順となってます。お伝えしました。(林)
2025/05/01,窓口,1.日本,18時台,観光,個人,女性,20代から30代,交通,,バス,小松空港,,,,,,,,
2025/05/02,窓口,1.日本,08時台,観光,個人,女性,40代から50代,観光案内,,,,,"那谷寺, 苔の里","個別のパンフレット, バス時刻表",,,,,苔の里まで行きたいとの事。その後那谷寺と安宅の関も行きたいとの事だった為、タクシーをご案内しそれぞれのバス時刻表をお渡ししました。また電話番号の一覧をお渡ししました（田中）
2025/05/02,窓口,1.日本,10時台,市民利用,個人,女性,40代から50代,物産,,,,,,,お菓子,,,,栗蒸し羊羹
2025/05/02,窓口,1.日本,09時台,市民利用,個人,女性,60代以上,交通,,バス,小松空港,,,,,,,,
2025/05/02,窓口,1.日本,08時台,観光,個人,女性,40代から50代,物産,,,,,,,お菓子,,,,小松土産店の売れ筋のお菓子。芋掘り長者や明月堂のバウムクーヘンなどをご案内しました（田中）
2025/05/02,窓口,1.日本,11時台,市民利用,個人,男性,40代から50代,Komatsu九館内,お手洗い,,,,,,,,,,
2025/05/02,窓口,1.日本,15時台,観光,個人,女性,40代から50代,観光案内,,,,,那谷寺,お渡しなし,,,,,7月に那谷寺に行き山代温泉に行く方法のお問い合わせ、バスで小松駅、加賀温泉駅、タクシーの場合の案内をしました（大音)
2025/05/02,電話,1.日本,15時台,観光,個人,女性,40代から50代,観光案内,,,,,那谷寺,お渡しなし,,,,,那谷寺までのバスのお問い合わせ。粟津線をご案内しました（田中）
2025/05/02,窓口,1.日本,17時台,ビジネス,個人,男性,20代から30代,宿泊,,,,,,,,ルートイン美川インター,,,ルートイン美川インターまでのアクセス。タクシーか電車（美川駅から徒歩30分）とご案内しました（田中）
2025/05/02,窓口,2.アジア,17時台,観光,個人,女性,40代から50代,観光案内,,,,,"ゆのくにの森, 日本自動車博物館, みよっさ, 那谷寺","じゃらん, 見て歩きマップ, 個別のパンフレット",,,,,明日５/3那谷寺周辺を観光予定との事。アクセスと自動車博物館やゆのくにの森を一緒にご案内しました。夕食に勝っちゃんをご案内しました（田中）
2025/05/02,窓口,1.日本,13時台,観光,個人,女性,40代から50代,観光案内,,,,,那谷寺,キャンバスのチラシ,,,,,
2025/05/03,窓口,1.日本,12時台,観光,2〜5人,男女,40代から50代,観光案内,,,,,芦城公園,お渡しなし,,,,,芦城公園まで徒歩での所要時間ご案内(見付)
2025/05/03,窓口,1.日本,12時台,市民利用,個人,女性,40代から50代,交通,,バス,市民病院,,,,,,,,
2025/05/03,窓口,1.日本,14時台,観光,個人,女性,40代から50代,交通,,バス,小松空港,,,,,,,,
2025/05/03,窓口,1.日本,13時台,観光,2〜5人,女性,40代から50代,ポムポムプリンのパネル,ポムポムプリンのパネル,,,,,,,,,,ポムポムプリンのパネルはあるかとのお問い合わせ。改札前の柱近くにあるとご案内。以前のスタンプラリーのパネルは小松駅と小松空港のみとご案内しました（田中）
2025/05/03,窓口,1.日本,16時台,市民利用,個人,女性,40代から50代,周辺店舗、飲食店,,,,しまむら,,,,,,,しまむら園町店までのアクセス。徒歩15〜20分とご案内しました（田中）
2025/05/03,窓口,1.日本,14時台,観光,個人,男性,40代から50代,Komatsu九館内,カブーレ,,,,,,,,,,松葉屋の羊羹はカブーレにありますとご案内しました（林）
2025/05/04,窓口,3.欧米,09時台,観光,2〜5人,男性,20代から30代,観光案内,,,,,五箇山,お渡しなし,,,,,五箇山へのルート
2025/05/04,窓口,1.日本,09時台,観光,家族連れ,男女,60代以上,観光案内,,,,,安宅住吉神社、安宅の関,お渡しなし,,,,,安宅住吉神社にはバスが出ているか
2025/05/04,電話,1.日本,09時台,観光,個人,男性,60代以上,イベント,,,,,,,,,お旅まつり,,お旅まつりの日程と駐車場
2025/05/04,窓口,1.日本,10時台,観光,家族連れ,男女,20代から30代,観光案内,,,,,サイエンスヒルズ,お渡しなし,,,,,
2025/05/04,窓口,1.日本,10時台,観光,個人,男性,40代から50代,駅弁,カブーレ,,,,,,,,,,
2025/05/04,窓口,1.日本,10時台,観光,個人,男性,40代から50代,イベント,,,,,,,,,九谷茶碗まつり,,
2025/05/04,窓口,1.日本,11時台,観光,2〜5人,女性,40代から50代,周辺店舗、飲食店,,,,ランチ,,,,,,,
2025/05/04,窓口,1.日本,11時台,観光,2〜5人,女性,40代から50代,イベント,,,,,,,,,お旅まつり,,
2025/05/04,窓口,1.日本,11時台,観光,2〜5人,男女,40代から50代,観光案内,,,,,"安宅住吉神社、安宅の関, 松井秀喜ベースボールミュージアム",安宅の関,,,,,
2025/05/04,窓口,1.日本,11時台,観光,2〜5人,男女,40代から50代,交通,,canバス,小松市以外（福井、金沢ほか県外）,,,,,,,,
2025/05/04,窓口,1.日本,14時台,観光,個人,女性,60代以上,交通,,駐車場,駐車場の場所など問い合わせ,,,,,,,,
2025/05/05,窓口,1.日本,09時台,観光,個人,女性,40代から50代,イベント,,,,,,,,,子ども歌舞伎まつり,,
2025/05/05,窓口,1.日本,10時台,観光,2〜5人,女性,60代以上,交通,,バス,イオン,,,,,,,,
2025/05/05,窓口,1.日本,10時台,観光,個人,男性,60代以上,観光案内,,,,,ボンネット広場,お渡しなし,,,,,ボンネット電車の見学ができるか
2025/05/05,窓口,1.日本,11時台,観光,個人,女性,40代から50代,周辺店舗、飲食店,,,,洋服の青山,,,,,,,
2025/05/05,窓口,1.日本,13時台,観光,個人,男性,60代以上,観光案内,,,,,ボンネット広場,お渡しなし,,,,,
2025/05/05,窓口,1.日本,13時台,観光,個人,女性,60代以上,周辺店舗、飲食店,,,,ATM,,,,,,,近くのATMを教えてほしい
2025/05/05,窓口,1.日本,13時台,観光,個人,女性,40代から50代,Komatsu九館内,喫煙所,,,,,,,,,,
2025/05/05,窓口,1.日本,14時台,観光,2〜5人,男女,20代から30代,交通,,バス,北陸小松,,,,,,,,高速バスの停留所、北陸小松へ行くバスはどれか
2025/05/05,窓口,1.日本,15時台,観光,家族連れ,男女,60代以上,観光案内,,,,,こまつの杜,お渡しなし,,,,,こまつの杜の駐車場はどこか
2025/05/06,窓口,1.日本,12時台,市民利用,2〜5人,男女,60代以上,Komatsu九館内,鯉のぼりのトンネル,,,,,,,,,,鯉のぼりのトンネルの場所の問い合わせで案内しました（林）
2025/05/07,窓口,3.欧米,08時台,観光,2〜5人,男女,40代から50代,レンタサイクル,５日間、夫婦でレンタサイクルを利用したい。,,,,,,,,,,Komatsuシェアサイクルに問い合わせをしました。夫婦で５日間だと料金が高くなりやめられました。木場潟へ行きたい。とのことでバス、タクシー、レンタカーの案内をしました。(林)
2025/05/07,窓口,3.欧米,09時台,観光,2〜5人,男女,40代から50代,観光案内,,,,,木場潟公園,"お渡しなし, バス時刻表",,,,,木場潟公園まで行きたいとの事。バスのご案内と数日小松にいらっしゃるとの事だったのでレンタカーもご案内しました（田中）
2025/05/07,窓口,1.日本,10時台,市民利用,個人,女性,40代から50代,Komatsu九館内,お手洗い,,,,,,,,,,
2025/05/07,窓口,3.欧米,10時台,観光,2〜5人,男女,40代から50代,交通,,シェアサイクル,利用方法について,,,,,,,,シェアサイクルの利用方法についてお問い合わせ。（田中）
2025/05/07,窓口,3.欧米,12時台,観光,個人,男女,20代から30代,交通,,シェアサイクル,子ども用自転車の貸し出しについて,,,,,,,,子ども用自転車の貸し出しについて。大人用のみ貸し出し可能。また滝ヶ原に行かれるとの事で簡易ポートをご案内しました（田中）
2025/05/07,窓口,1.日本,13時台,市民利用,個人,女性,20代から30代,Komatsu九館内,お手洗い,,,,,,,,,,
2025/05/07,窓口,3.欧米,13時台,観光,2〜5人,男女,20代から30代,交通,,シェアサイクル,那谷寺,,,,,,,,ロンドンからお越しのファミリー。那谷寺にいくとのこと。シェアサイクル１日券を２日分販売。返却ポートをご案内し、ヘルメットは必ず土産店に返却していただくようお願いしました（田中）
2025/05/07,窓口,3.欧米,17時台,観光,2〜5人,女性,60代以上,宿泊,,,,,,,,ハイパーホテル,,,フランスからご旅行で来られたとの事。ハイパーホテルをお探しとの事。西口までご案内しました（田中）
2025/05/08,窓口,3.欧米,09時台,観光,2〜5人,男女,40代から50代,交通,,シェアサイクル,シェアサイクル使い方,,,,,,,,シェアサイクル使い方について。ポートまでご案内し使い方をお教えしました（田中）
2025/05/08,窓口,3.欧米,10時台,観光,個人,男性,40代から50代,交通,,シェアサイクル,シェアサイクルサイクルの利用料金について,,,,,,,,シェアサイクルサイクルの利用料金について。お客様のご覧になられている情報が古かったのでシェアサイクルのパンフレットをお渡ししました（田中）
2025/05/08,窓口,1.日本,10時台,観光,個人,女性,60代以上,観光案内,,,,,みよっさ,個別のパンフレット,,,,,駅周辺で見るところをお探し、みよっさとこまつの杜をご案内しました。お茶会で富山からお越しとの事でした（田中）
2025/05/08,窓口,1.日本,11時台,観光,個人,女性,40代から50代,観光案内,,,,,"みよっさ, 安宅住吉神社、安宅の関, こまつの杜","見て歩きマップ, 個別のパンフレット",,,,,
2025/05/08,窓口,3.欧米,10時台,観光,2〜5人,女性,20代から30代,交通,,バス,小松イオン,,,,,,,,
2025/05/08,窓口,1.日本,15時台,観光,2〜5人,女性,20代から30代,観光案内,,,,,みよっさ,見て歩きマップ,,,,,
2025/05/09,窓口,1.日本,11時台,観光,個人,男性,60代以上,観光案内,,,,,お旅まつり,"見て歩きマップ, お旅まつり",,,,,
2025/05/09,窓口,1.日本,16時台,ビジネス,個人,男性,40代から50代,物産,,,,,,,お菓子,,,,お旅だんごのお問い合わせ、品切れの為、道の駅に在庫がある為、取り置きしてもらい、お客様が直接行かれたました（大音)
2025/05/10,窓口,1.日本,08時台,観光,個人,男性,40代から50代,観光案内,,,,,"日本自動車博物館, 安宅住吉神社、安宅の関, 那谷寺, お旅まつり","見て歩きマップ, 個別のパンフレット",,,,,
2025/05/10,窓口,2.アジア,09時台,観光,2〜5人,男性,20代から30代,公衆電話,公衆電話,,,,,,,,,,
2025/05/10,窓口,3.欧米,10時台,観光,個人,男性,40代から50代,シェアサイクル,シェアサイクルログイン方法,,,,,,,,,,
2025/05/10,窓口,1.日本,11時台,観光,個人,男性,40代から50代,イベント,,,,,,,,,お旅まつり,,今日の公演場所と時間、変なホテルの場所の問い合わせ。パンフレットを見て案内しました（林）
2025/05/10,窓口,1.日本,10時台,観光,個人,女性,40代から50代,Komatsu九館内,お手洗い,,,,,,,,,,
2025/05/10,窓口,1.日本,10時台,観光,個人,女性,60代以上,物産,,,,,,,お菓子,,,,月よみ山路の問い合わせ。カブーレを案内しました（林）
2025/05/10,窓口,1.日本,11時台,観光,個人,男性,60代以上,Komatsu九館内,無料休憩所,,,,,,,,,,こまつ820ステーションを案内しました（林）
2025/05/10,窓口,1.日本,12時台,観光,個人,女性,20代から30代,Komatsu九館内,お手洗い,,,,,,,,,,
2025/05/10,窓口,1.日本,12時台,観光,個人,女性,20代から30代,観光案内,,,,,金沢に行きたい,お渡しなし,,,,,IRの乗り場を案内しました(大音)
2025/05/10,窓口,1.日本,12時台,観光,個人,男性,40代から50代,交通,,バス,小松インター,,,,,,,,小松インターまでのアクセス。バス安宅線をご案内しました（田中）
2025/05/10,窓口,1.日本,13時台,観光,2〜5人,女性,40代から50代,観光案内,,,,,多田神社,見て歩きマップ,,,,,
2025/05/10,窓口,1.日本,13時台,観光,2〜5人,男女,60代以上,イベント,,,,,,,,,お旅まつり,,お旅まつりの場所と演目の時間の問い合わせ。パンフレットを見て案内しました（林）
2025/05/10,窓口,1.日本,13時台,観光,個人,男性,40代から50代,イベント,,,,,,,,,お旅まつり,,お旅まつりの上演場所についてお問い合わせ。パンフレットを見ながらご案内しました。（倉元　見付）
2025/05/11,窓口,1.日本,10時台,観光,個人,女性,60代以上,観光案内,,,,,いしかわ動物園,お渡しなし,,,,,いしかわ動物園へのお問い合でIR、のみバスの利用を案内しました(大音)
2025/05/11,窓口,1.日本,10時台,観光,個人,男性,40代から50代,観光案内,,,,,航空プラザ,お渡しなし,,,,,航空プラザに行くには、空港行のバスに乗り徒歩で行けると案内しました(大音)
2025/05/11,電話,1.日本,12時台,観光,個人,男性,60代以上,交通,,駐車場,駐車場の場所など問い合わせ,,,,,,,,
2025/05/11,窓口,1.日本,12時台,市民利用,個人,女性,40代から50代,交通,,シェアサイクル,利用方法について,,,,,,,,シェアサイクルの利用方法についてお問い合わせ。パンフレットをお見せしながらご案内しました（田中）
2025/05/11,窓口,1.日本,13時台,観光,個人,女性,60代以上,交通,,バス,芦城公園、本陣記念美術館,,,,,,,,芦城公園と本陣記念美術館への交通手段について、バスと徒歩をご案内しました。　（倉元）
2025/05/11,電話,1.日本,10時台,観光,個人,女性,60代以上,イベント,,,,,,,,,お旅まつり,,お旅まつりの上演時間と場所の問い合わせで、上演時間と、みよっさがわかるとおっしゃっていたので、みよっさからの行き方を案内しました（林）
2025/05/11,窓口,1.日本,11時台,観光,個人,女性,40代から50代,無料休憩所,無料休憩所,,,,,,,,,,こまつ820ステーションを案内しました。(林)
2025/05/11,窓口,1.日本,09時台,観光,個人,女性,40代から50代,Komatsu九館内,お手洗い,,,,,,,,,,
2025/05/12,窓口,1.日本,09時台,観光,個人,女性,60代以上,交通,,バス,那谷寺,,,,,,,,那谷寺までのバスの時刻のお問い合わせ(見付)
2025/05/12,窓口,1.日本,12時台,市民利用,個人,女性,60代以上,交通,,電車とバス,宝珠記念病院,,,,,,,,宝珠病院まで、電車とバスでのご案内(見付)
2025/05/12,窓口,2.アジア,14時台,観光,個人,女性,40代から50代,交通,,バス,小松空港,,,,,,,,小松空港とイオンモールのバスについてご案内(見付)
2025/05/12,窓口,1.日本,08時台,観光,個人,男性,40代から50代,交通,,バス,航空プラザ,,,,,,,,木場潟道の駅へのバス案内をしましたが、バスの待ち時間があるのでタクシーも案内しました。航空プラザへは、空港行のバスを案内しました（林)
2025/05/12,窓口,1.日本,08時台,市民利用,個人,女性,60代以上,交通,,バス,市民病院,,,,,,,,バスと乗り場の案内しました。(林)
2025/05/12,窓口,1.日本,08時台,観光,個人,女性,60代以上,Komatsu九館内,お手洗い,,,,,,,,,,
2025/05/12,電話,1.日本,14時台,観光,個人,女性,40代から50代,宿泊,,,,,,,,駅周辺,,,航空祭の際にホテルを予約するので、小松駅周辺と空港周辺のホテルと電話番号のご案内(見付)
2025/05/12,窓口,1.日本,15時台,観光,2〜5人,女性,60代以上,交通,,バス,小松空港,,,,,,,,小松空港を利用予定、バスの時刻、タクシーでの所要時間などご案内(見付)
2025/05/12,窓口,1.日本,15時台,ビジネス,個人,男性,40代から50代,Komatsu九館内,喫煙所,,,,,,,,,,
2025/05/12,窓口,1.日本,15時台,ビジネス,個人,男性,40代から50代,Komatsu九館内,お手洗い,,,,,,,,,,
2025/05/13,電話,1.日本,10時台,市民利用,個人,女性,20代から30代,物産,,,,,,,その他雑貨,,,,お線香はあるかのお問い合わせ、取り扱いなしとお伝えしました(大音)
2025/05/13,窓口,3.欧米,10時台,観光,2〜5人,男女,40代から50代,観光案内,,,,,こまつの杜,個別のパンフレット,,,,,欧米の夫婦こまつの杜のお問い合わせ、パンフレットと入口ご案内(見付)
2025/05/13,窓口,1.日本,10時台,観光,個人,女性,40代から50代,観光案内,,,,,"みよっさ, 錦窯展示館、北國とおり町","見て歩きマップ, 個別のパンフレット, うさる詣",,,,,13時までの空き時間に周辺施設、レンタサイクル、うさる詣のマップサイトご案内。(見付)
2025/05/13,窓口,1.日本,11時台,観光,個人,男性,40代から50代,交通,,バス,小松空港,,,,,,,,"金沢駅から小松空港行くにはどうしたらいいかのお問い合わせ,リムジンバスの案内をしました（大音)"
2025/05/13,窓口,1.日本,13時台,観光,2〜5人,男性,60代以上,交通,,鉄道,白山トレインパーク,,,,,,,,電車の時間とタクシーご案内しました。（田中　倉元）
2025/05/13,窓口,1.日本,13時台,観光,個人,女性,60代以上,観光案内,,,,,こまつの杜,個別のパンフレット,,,,,1時間程見て回れる所という事で、小松の杜とパンフレットお渡ししました。（大音　倉元）
2025/05/14,窓口,1.日本,10時台,ビジネス,個人,男性,60代以上,物産,,,,,,,食品,,,,のどぐろしぐれ煮はあるかとのお問い合わせ。土産店では取り扱いない事。空港に行かれるとの事だったので取り扱いの可能性がある空港内のこまQを案内しました（田中）
2025/05/14,窓口,1.日本,12時台,市民利用,個人,女性,60代以上,交通,,バス,やわたメディカルセンター,,,,,,,,"明日やわたメディカルセンターに行かれる方、こまちの南ルートをご案内しました。
また大阪のご親族に送るお菓子をお探しとの事で色々ご案内し、御朱印と安宅の関、ほたるいかいしるぼしを買っていかれた。（田中）"
2025/05/14,窓口,1.日本,11時台,市民利用,個人,女性,60代以上,交通,,バス,おかやま眼科,,,,,,,,こまちでおかやま眼科まで行くにはどのルートで行けば良いかお問い合わせ。沖町方面の病院だったので南コースをご案内した
2025/05/14,窓口,1.日本,11時台,市民利用,個人,女性,20代から30代,Komatsu九館内,お手洗い,,,,,,,,,,
2025/05/14,窓口,1.日本,10時台,観光,個人,男性,40代から50代,交通,,タクシー,タクシー乗り場,,,,,,,,
2025/05/14,窓口,3.欧米,17時台,ビジネス,個人,男性,40代から50代,落とし物について,落とし物について,,,,,,,,,,駅周辺でパソコンの落とし物はなかったか？とのお問い合わせ。交番までご案内→その後見つかったととの事。（田中）
2025/05/15,窓口,1.日本,10時台,観光,2〜5人,女性,40代から50代,周辺店舗、飲食店,,,,イオンモール,,,,,,,イオンモールに行くバス乗り場のお問い合わせ、お伝えしました(大音)
2025/05/15,窓口,1.日本,12時台,ビジネス,個人,男性,40代から50代,交通,,バス,小松空港,,,,,,,,小松空港行きのバスについて他の方法がないかのお問い合わせ、安宅線を案内しました（大音)
2025/05/15,窓口,1.日本,15時台,観光,個人,男性,60代以上,観光案内,,,,,不明,まるごと観光マップ、石川の道の駅,,,,,石川県のマップがほしいとのお問い合わせで、まるごと観光マップと石川の道の駅のマップをお渡ししました（大音)
2025/05/15,窓口,1.日本,11時台,観光,個人,男性,60代以上,宿泊,,,,,,,,安い宿泊施設のお問い合わせ,,,安い宿泊施設のお問い合わせで、老松旅館を案内しました、墓参りついでに観光するとおっしゃっていました（大音)
2025/05/16,窓口,1.日本,08時台,ビジネス,個人,女性,40代から50代,交通,,バス,株式会社大京,,,,,,,,株式会社大京までのルートのお問い合わせ。バス月津線をご案内しました。またお土産にホワイトサンドを買っていかれた（田中）
2025/05/16,窓口,2.アジア,09時台,観光,個人,男女,40代から50代,交通,,バス,木場潟公園,,,,,,,,中国からお越しの方。木場潟公園に行きたいとの事。こまち木場潟線をご案内。加賀温泉にも行かれるとの事だったのでキャンバスもご案内しました（田中）
2025/05/16,窓口,2.アジア,09時台,観光,2〜5人,男女,60代以上,観光案内,,,,,那谷寺,個別のパンフレット,,,,,中国からお越しの方。那谷寺までのルートをご案内。（田中）
2025/05/16,窓口,1.日本,09時台,市民利用,個人,女性,40代から50代,Komatsu九館内,お手洗い,,,,,,,,,,
2025/05/16,窓口,1.日本,09時台,観光,2〜5人,女性,40代から50代,物産,,,,,,,駅弁,,,,駅弁をお探し。お寿司各種とカブーレで取り扱いがあるとご案内した（田中）
2025/05/16,窓口,1.日本,10時台,観光,2〜5人,男女,60代以上,宿泊,,,,,,,,粟津温泉,,,大江戸温泉物語粟津グランドホテルに電話が繋がらない。とのことで電話をかけてお繋ぎしました。(林)
2025/05/16,窓口,1.日本,12時台,観光,個人,女性,40代から50代,交通,,バス,那谷寺,,,,,,,,那谷寺までのバス往復の時刻のご案内(見付)
2025/05/16,窓口,1.日本,12時台,観光,個人,男性,40代から50代,交通,,バス,小松空港,,,,,,,,
2025/05/16,窓口,1.日本,13時台,観光,個人,女性,60代以上,交通,,バス,ゆのくにの森,,,,,,,,ゆのくにの森までバスでのご案内(見付)
2025/05/16,窓口,1.日本,14時台,市民利用,個人,男性,40代から50代,交通,,バス,八幡メディカルセンター,,,,,,,,やわたメディカルセンターまで循環バスでのご案内(見付)
2025/05/17,窓口,1.日本,11時台,市民利用,個人,男性,40代から50代,交通,,バス,小松空港,,,,,,,,自動運転バスの時刻が知りたいとのことで、一覧表お渡ししました。（倉元）
2025/05/17,窓口,1.日本,12時台,観光,6〜9人,男性,60代以上,周辺店舗、飲食店,,,,寿司,,,,,,,三重県から６名で来店、車椅子の方がいるという事で、大西寿司を案内し、その場で予約をしました、電話番号と住所をメモしてお渡ししました（大音)
2025/05/17,窓口,1.日本,12時台,観光,個人,男性,40代から50代,Komatsu九館内,お手洗い,,,,,,,,,,トイレのお問い合わせで、案内しました(大音)
2025/05/17,電話,1.日本,15時台,観光,個人,男性,60代以上,観光案内,,,,,那谷寺,お渡しなし,,,,,和倉温泉から那谷寺までの車での時間、料金の問い合わせ。調べてお伝えしました。(林)
2025/05/17,電話,1.日本,13時台,観光,個人,男性,40代から50代,小松城のパンフレットの問い合わせ,小松城のパンフレットの問い合わせ,,,,,,,,,,小松城のパンフレットの問い合わせ。TOSHITSUNEのパンフレットに小松城のことが出ているとお伝えしました。夕方に取りに来られるとのことで用意しました。(林)
2025/05/17,窓口,1.日本,08時台,市民利用,個人,女性,40代から50代,Komatsu九館内,お手洗い,,,,,,,,,,
2025/05/18,窓口,1.日本,08時台,市民利用,個人,女性,40代から50代,交通,,駐車場,不明,,,,,,,,タイムズの駐車場に停めたが狭いので他にないか、お問い合わせ　１日400円、サイエンスヒルズ、立体駐車場を案内しました(大音)
2025/05/18,窓口,2.アジア,13時台,観光,個人,女性,40代から50代,交通,,バス,イオンモール,,,,,,,,イオンモールのバス乗り場のお問い合わせ　案内しました(大音)
2025/05/18,窓口,1.日本,14時台,観光,個人,男性,40代から50代,交通,,バス,グリーンホテル,,,,,,,,グリーンホテルまでバスで行きたい、安宅線でのご案内(見付)
2025/05/18,窓口,1.日本,14時台,観光,個人,男性,20代から30代,観光案内,,,,,航空プラザ,お渡しなし,,,,,航空プラザに行く交通手段のお問い合わせ、小松空港行のバスを案内しました(大音)
2025/05/19,窓口,1.日本,10時台,観光,個人,男性,40代から50代,観光案内,,,,,"安宅住吉神社、安宅の関, 浅井畷古戦場、串茶屋資料館","見て歩きマップ, 個別のパンフレット",,,,,バス、シェアサイクルでの移動手段でご案内(見付)
2025/05/19,窓口,1.日本,12時台,市民利用,個人,女性,60代以上,交通,,バス,三協フロンティア福乃宮店,,,,,,,,三協フロンティア福乃宮店までのアクセス。近くまで止まるバスが無い為徒歩のルートをご案内しました（田中）
2025/05/19,窓口,1.日本,10時台,観光,個人,男性,40代から50代,物産,,,,,,,食品,,,,駅弁
2025/05/19,窓口,1.日本,12時台,市民利用,個人,男性,60代以上,Komatsu九館内,お手洗い,,,,,,,,,,
2025/05/19,窓口,1.日本,12時台,市民利用,個人,男性,40代から50代,Komatsu九館内,UNICOFFEE,,,,,,,,,,
2025/05/19,窓口,1.日本,12時台,市民利用,個人,男性,40代から50代,交通,,バス,イオンモール新小松,,,,,,,,
2025/05/19,電話,1.日本,13時台,観光,個人,男性,40代から50代,交通,,バス,那谷寺,,,,,,,,東京から来県予定、那谷寺〜ゆのくにの森〜粟津温泉〜粟津駅　バス、タクシー、徒歩などの手段と時刻などのご案内(見付)
2025/05/20,窓口,1.日本,08時台,観光,2〜5人,男女,60代以上,交通,,バス,山中温泉,,,,,,,,山中温泉の川床に行きたいとのことで加賀温泉からの路線バスの案内をしました。(林)
2025/05/20,窓口,1.日本,10時台,市民利用,個人,女性,40代から50代,交通,,バス,本江西、イオンモール,,,,,,,,本江西のバス停に行きたい。乗り場と時間案内、イオンモールのバス時間を知りたい。時刻表をお渡ししました。(林)
2025/05/20,窓口,1.日本,10時台,観光,2〜5人,男女,40代から50代,交通,,バス,市役所,,,,,,,,循環バス時刻表をお渡ししました。(林)
2025/05/20,窓口,1.日本,10時台,ビジネス,個人,男性,40代から50代,Komatsu九館内,UNICOFFEE,,,,,,,,,,
2025/05/20,窓口,1.日本,12時台,市民利用,個人,女性,60代以上,交通,,タクシー,安宅住吉神社、勧進帳ものがたり館,,,,,,,,安宅の関までタクシーでどれくらいか。10分ほどとご案内しました（田中）
2025/05/20,窓口,1.日本,12時台,観光,個人,男性,20代から30代,物産,,,,,,,駅弁,,,,
2025/05/20,窓口,1.日本,16時台,観光,個人,女性,40代から50代,Komatsu九館内,観光,,,,,,,,,,羽生さんにチラシはないですか。聞かれ、ありません。と伝えました。パネルと一緒に写真を撮りました。近場の観光を聞かれたので、みよっさ案内しました。(林)
2025/05/21,窓口,1.日本,11時台,観光,2〜5人,男女,60代以上,周辺店舗、飲食店,,,,ランチ,,,,,,,つるっとへ行きたい。案内しました。加賀温泉の地図が欲しい。るるぶ加賀の國お渡しして、加賀温泉駅でお聞きください。お伝えしました。(林)
2025/05/23,窓口,1.日本,08時台,市民利用,個人,女性,40代から50代,交通,,バス,高速バスの乗り場,,,,,,,,
2025/05/23,電話,1.日本,09時台,市民利用,個人,女性,20代から30代,観光案内,,,,,小松運動公園バラ園,お渡しなし,,,,,小松運動公園バラ園についてお問い合わせ。犬と一緒に入れるか。小松市緑化公園課の電話番号0761-24-8108をご案内しました（田中）
2025/05/23,窓口,2.アジア,18時台,観光,家族連れ,女性,20代から30代,交通,,バス,小松空港,,,,,,,,中国圏のお客様、空港までのバスの時刻、料金、支払い方法のご案内(見付)
2025/05/24,窓口,1.日本,10時台,ビジネス,個人,男性,20代から30代,交通,,バス,北陸先端技術大学行きのバス乗り場,,,,,,,,北陸先端技術大学行きのバス乗り場のお問い合わせ
2025/05/24,電話,1.日本,12時台,観光,個人,女性,40代から50代,観光案内,,,,,加賀市の漁港についてのお問い合わせ,お渡しなし,,,,,11月に加賀市に旅行に行き漁港、復興割引はあるかのお問い合わせ　加賀市観光案内所を案内しました（大音）
2025/05/24,窓口,1.日本,14時台,観光,個人,女性,60代以上,交通,,バス,粟津温泉,,,,,,,,粟津温泉までのバス乗り場と時刻のご案内(見付)
2025/05/24,窓口,1.日本,15時台,観光,個人,男性,40代から50代,交通,,IRとバス,たがわ龍泉閣,,,,,,,,たがわ龍泉閣までIRと能美市のバスでの行き方、またはタクシーと交通手段のご案内(見付)
2025/05/24,窓口,1.日本,17時台,観光,2〜5人,女性,60代以上,周辺店舗、飲食店,,,,ディナー,,,,,,,
2025/05/24,窓口,1.日本,17時台,観光,2〜5人,男性,60代以上,周辺店舗、飲食店,,,,寿司,,,,,,,
2025/05/25,窓口,1.日本,09時台,観光,個人,男性,40代から50代,Komatsu九館内,喫煙所,,,,,,,,,,
2025/05/25,窓口,1.日本,09時台,観光,個人,女性,60代以上,Komatsu九館内,お手洗い,,,,,,,,,,
2025/05/25,窓口,1.日本,10時台,市民利用,2〜5人,女性,40代から50代,Komatsu九館内,UNICOFFEE,,,,,,,,,,
2025/05/25,窓口,1.日本,10時台,観光,個人,女性,40代から50代,周辺店舗、飲食店,,,,道の駅小松,,,,,,,道の駅小松への
2025/05/25,窓口,1.日本,13時台,市民利用,個人,男性,20代から30代,土産店で購入した際に熨斗を付けてもらえるか,土産店について,,,,,,,,,,土産店で購入した際に熨斗を付けてもらえるかのお問い合わせで、ご用意できますとお答えしました（大音)
2025/05/26,窓口,1.日本,10時台,観光,個人,女性,40代から50代,交通,,バス,小松空港,,,,,,,,夕方小松空港に行くまでの間どこか見れる所をお探しのお客様、見て歩きマップ、みよっさ、錦窯、せめてきまっしパンフレットなどお渡し、小松うどんを食べるとの事で空港店と中佐中店ご案内(見付)
2025/05/26,窓口,1.日本,10時台,観光,2〜5人,女性,60代以上,交通,,タクシー,ハニベ巌窟院,,,,,,,,ハニべまでタクシーでの所要時間と近くの花屋さんのお問い合わせ、ライラックさんご案内(見付)
2025/05/26,窓口,1.日本,11時台,観光,個人,女性,60代以上,交通,,バス,永平寺,,,,,,,,小松駅から芦原温泉駅まで行くお客様、芦原温泉駅から永平寺までのバスはあるかお問い合わせ、お調べして時刻表のお渡し(見付)
2025/05/26,窓口,3.欧米,11時台,観光,2〜5人,男女,60代以上,観光案内,,,,,那谷寺,個別のパンフレット,,,,,那谷寺までの時刻と所要時間のご案内と、駅周辺　みよっさ、錦窯展示館のご案内(見付)
2025/05/27,窓口,1.日本,08時台,観光,個人,男性,60代以上,Komatsu九館内,お手洗い,,,,,,,,,,
2025/05/27,窓口,2.アジア,11時台,観光,個人,男性,20代から30代,観光案内,,,,,"木場潟公園, 那谷寺",個別のパンフレット,,,,,中国圏のお客様、小松の自然が見れる所のお問い合わせで木場潟、那谷寺、石切り場などご案内(見付)
2025/05/27,窓口,1.日本,08時台,ビジネス,個人,男女,40代から50代,交通,,シェアサイクル,ネットで予約したが鍵が開かない,,,,,,,,前はネットで予約して乗れたが、今回は鍵が開かない。パンフレットを見て説明してもう一度してもらいましたが開きませんでした。明日もシェアサイクルを利用するとのことで、ネット予約部分は明日利用、今日の分は土産店で購入されました。パンフレットの問い合わせ先もお知らせしました。(林)
2025/05/27,窓口,1.日本,14時台,観光,家族連れ,男女,60代以上,観光案内,,,,,安宅住吉神社、安宅の関,安宅の関、勧進帳ものがたり館,,,,,安宅の関までのバスを聞かれ時刻表で案内。待ち時間が長くタクシーで行くことになりました。（林)
2025/05/27,窓口,1.日本,15時台,ビジネス,個人,男性,20代から30代,Komatsu九館内,UNICOFFEE,,,,,,,,,,
2025/05/28,窓口,2.アジア,12時台,観光,2〜5人,女性,40代から50代,交通,,バス,尾小屋資料館、滝ヶ原、鞍掛山,,,,,,,,尾小屋資料館へのバスは最寄りのバス停から歩いて2時間、滝ヶ原へは最寄りのバス停から30分と案内。山にハイキングに行きたい。鞍掛山を案内。(林)
2025/05/29,窓口,3.欧米,08時台,観光,個人,女性,20代から30代,交通,,バス,小松空港,,,,,,,,お空港行きのバス停、時刻のお問い合わせ、時刻表をお渡しし案内しました　(大音)
2025/05/29,窓口,3.欧米,08時台,観光,個人,女性,20代から30代,Komatsu九館内,お手洗い,,,,,,,,,,トイレのお問い合わせ　案内しました　(大音)
2025/05/30,窓口,1.日本,09時台,観光,2〜5人,女性,60代以上,観光案内,,,,,"ゆのくにの森, 日本自動車博物館, 那谷寺","じゃらん, 個別のパンフレット",,,,,那谷寺、ゆのくにの森に行くとのことで加賀周遊バスキャンバスをご案内しました。（田中）
2025/05/30,電話,1.日本,10時台,観光,個人,男性,60代以上,交通,,バス,石川動物園,,,,,,,,電話にて、石川動物園までバスでの行き方のお問い合わせ、お伝えしました(見付)
2025/05/30,窓口,1.日本,11時台,観光,個人,女性,60代以上,周辺店舗、飲食店,,,,行松旭松堂,,,,,,,行松旭松堂に行きたい、福井駅に行く電車の時効のお問い合わせとお問い合わせ、見て歩きマップをお渡しして案内しました(大音)
2025/05/30,窓口,1.日本,15時台,観光,個人,男性,40代から50代,交通,,電車とバス,辰口温泉,,,,,,,,小松駅から辰口温泉までのルートのご案内(見付)
2025/05/31,電話,1.日本,08時台,観光,個人,男性,40代から50代,小松駅の電話番号,小松駅,,,,,,,,,,小松の電話番号のお問い合わせ、調べてお伝えしました　(大音)
2025/05/31,窓口,1.日本,10時台,観光,2〜5人,女性,20代から30代,交通,,バス,木場潟公園,,,,,,,,木場潟公園へのバス時刻と障害者手帳が使えるか。時刻表お渡ししバスの中で聞いて下さい。と伝えしました。周辺の観光はちょこっとこまつ観光、食事はKomatsu Nineをお渡ししました。(林)
2025/05/31,窓口,3.欧米,11時台,観光,個人,女性,20代から30代,交通,,バス,イオンモール,,,,,,,,イオンモールへのバス案内。イオンモール行きが出てしまった後だったので麦口線糸町で下車、徒歩を案内しました。(林)
2025/05/31,窓口,1.日本,11時台,市民利用,個人,女性,60代以上,Komatsu九館内,UNICOFFEE,,,,,,,,,,
2025/05/31,窓口,1.日本,11時台,観光,2〜5人,女性,40代から50代,周辺店舗、飲食店,,,,小松うどん、塩焼きそば,,,,,,,周辺で小松うどんを食べたい。つるっとを案内しました。(林)
2025/05/31,窓口,1.日本,13時台,観光,個人,男性,60代以上,観光案内,,,,,"みよっさ, こまつの杜",見て歩きマップ,,,,,周辺で観光できる所はあるかとのお問い合わせ。みてあるきマップとちょこっと小松観光を見せながらご案内しました（田中）
2025/05/31,窓口,1.日本,13時台,市民利用,個人,女性,40代から50代,物産,,,,,,,駅弁,,,,
2025/05/31,窓口,1.日本,13時台,市民利用,個人,男性,20代から30代,物産,,,,,,,取扱いのないもの（金沢土産、栗蒸し羊羹等）,,,,森八の大福はあるかとのお問い合わせ。
2025/06/01,窓口,2.アジア,10時台,観光,個人,男性,20代から30代,Komatsu九館内,切手を買える所,,,,,,,,,,日曜の為コンビニをご案内(見付)
2025/06/01,窓口,1.日本,11時台,市民利用,個人,女性,20代から30代,Komatsu九館内,お手洗い,,,,,,,,,,
2025/06/01,窓口,1.日本,11時台,市民利用,個人,女性,40代から50代,Komatsu九館内,お手洗い,,,,,,,,,,
2025/06/02,窓口,1.日本,09時台,市民利用,個人,男性,60代以上,交通,,タクシー,安宅住吉神社、勧進帳ものがたり館,,,,,,,,水曜日にお客さんが来るので安宅の関など回りたい。バスというわけにいかない。とのことで、小松市のライドシェアのカード持ってこられたが、タクシー会社さんに相談されたらどうでしょう。タクシーの電話番号表を渡しました。安宅の関は水曜日はお休みで安宅住吉神社を案内しました。(林)
2025/06/02,窓口,1.日本,11時台,観光,2〜5人,女性,40代から50代,交通,,レンタカー,ハニベ巌窟院,,,,,,,,ハニべ巌窟院、苔の里、工芸村へバスで行きたい。ハニべ巌窟院のバス時刻表を見て説明しましたが、バスが少なくここへ行ったら次に他に行っても時間が少なかったり、閉まっている可能性もある。レンタカーを案内しました。(林)
2025/06/02,窓口,1.日本,09時台,ビジネス,2〜5人,男女,40代から50代,シェアサイクル,シェアサイクル,,,,,,,,,,シェアサイクルの自転車置き場はどこかのお問い合わせ　お伝えしました(大音)
2025/06/02,窓口,1.日本,17時台,観光,個人,男性,40代から50代,宿泊,,,,,,,,近くの安いホテル,,,宿泊先一覧をお渡し、お問い合わせ下さい。伝えしました。(林)
2025/06/03,窓口,2.アジア,09時台,観光,2〜5人,男女,40代から50代,交通,,レンタカー,日本レンタカー,,,,,,,,日本レンタカーへ行きたい。地図で案内しました。(林)
2025/06/03,窓口,3.欧米,10時台,観光,個人,女性,40代から50代,交通,,バス,苔の里,,,,,,,,苔の里へのバスでの行き方。最寄りのバス乗り場無し。那谷寺へは時刻表をお渡ししました。(林)
2025/06/03,窓口,1.日本,15時台,市民利用,個人,女性,60代以上,周辺店舗、飲食店,,,,ランチ,,,,,,,吉竹町、どん吉に行くバスのお問い合わせ　案内しました(大音)
2025/06/04,窓口,2.アジア,09時台,観光,個人,男女,40代から50代,周辺店舗、飲食店,,,,イオンモール,,,,,,,イオンモールのバス乗り場と時刻のお問い合わせ　お伝えしました（大音)
2025/06/04,窓口,1.日本,12時台,ビジネス,個人,女性,40代から50代,Komatsu九館内,お手洗い,,,,,,,,,,トイレとパン屋のお問い合わせ　お伝えしました　(大音)
2025/06/05,電話,1.日本,10時台,観光,個人,男性,60代以上,周辺店舗、飲食店,,,,団体利用できる店,,,,,,,鹿児島から40名ほどの団体旅行計画しているが、夕食に利用できる店はあるかとのお問い合わせ。小松駅周辺にお泊りとのこと。送迎バスのある南月と梅八をご案内、予約電話番号もお伝えしました（田中）
2025/06/05,窓口,1.日本,16時台,観光,2〜5人,女性,60代以上,交通,,バス,佐野線,,,,,,,,
2025/06/05,窓口,1.日本,16時台,市民利用,個人,男性,60代以上,物産,,,,,,,取扱いのないもの（金沢土産、栗蒸し羊羹等）,,,,
2025/06/06,窓口,1.日本,09時台,観光,個人,男性,20代から30代,観光案内,,,,,安宅住吉神社、安宅の関,個別のパンフレット,,,,,安宅の関周辺の地図はないか
2025/06/06,窓口,1.日本,11時台,市民利用,個人,男性,60代以上,周辺店舗、飲食店,,,,小松うどん、塩焼きそば,,,,,,,めん塾に行きたいとのこと。タクシーで15分ほどお伝えしました。（田中）
2025/06/06,窓口,2.アジア,12時台,観光,2〜5人,男女,40代から50代,交通,,バス,小松空港,,,,,,,,韓国からお越しのご夫婦。加賀温泉駅と小松空港までのアクセスのお問い合わせ。（田中）
2025/06/06,窓口,1.日本,12時台,観光,個人,女性,40代から50代,物産,,,,,,,食品,,,,加越のおろしたれはあるかとのお問い合わせ。昨年冬に買って美味しかった為また買いに来たとのことでした。（田中）
2025/06/07,窓口,1.日本,11時台,観光,個人,男性,20代から30代,観光案内,,,,,小松市,じゃらん,,,,,小松市の無料のパンフレットが欲しい。棚を案内。パンフレットお渡ししました。（林)
2025/06/07,窓口,1.日本,13時台,観光,2〜5人,男女,40代から50代,交通,,バス,安宅住吉神社、勧進帳ものがたり館,,,,,,,,安宅の関へのバスでの行き方。時刻表お渡し。安宅住吉神社とものがたり館案内。（林)
2025/06/07,窓口,2.アジア,14時台,観光,個人,男性,20代から30代,交通,,バス,十二ヶ滝,,,,,,,,十二ヶ滝までに行きたいとのこと。バス大杉線とタクシーをご案内しました。（田中）
2025/06/07,窓口,1.日本,15時台,観光,家族連れ,男女,40代から50代,交通,,徒歩,芳生堂にあんみつを食べに行きたい。,,,,,,,,地図を見て案内しました。(林)
2025/06/07,窓口,1.日本,11時台,観光,個人,男性,60代以上,観光案内,,,,,みよっさ,見て歩きマップ,,,,,みよっさの場所をご案内しました（田中）
2025/06/07,窓口,1.日本,11時台,市民利用,個人,男性,60代以上,Komatsu九館内,お手洗い,,,,,,,,,,
2025/06/08,窓口,1.日本,14時台,観光,2〜5人,女性,40代から50代,Komatsu九館内,UNICOFFEE,,,,,,,,,,
2025/06/09,窓口,1.日本,09時台,市民利用,個人,女性,40代から50代,交通,,駐車場,駐車場の場所など問い合わせ,,,,,,,,
2025/06/09,窓口,2.アジア,09時台,ビジネス,個人,男性,40代から50代,落とし物について,落とし物について,,,,,,,,,,金沢駅でiPadを落とされたとのこと。交番と金沢駅にご連絡をしていただくようお伝えしました（田中）
2025/06/09,窓口,1.日本,11時台,観光,2〜5人,男女,60代以上,観光案内,,,,,"ゆのくにの森, 那谷寺","見て歩きマップ, 個別のパンフレット",,,,,那谷寺、ゆのくにの森、山中温泉へのルートのお問い合わせ。キャンバスやバス粟津線をご案内しました（田中）
2025/06/10,窓口,1.日本,09時台,ビジネス,2〜5人,男性,40代から50代,Komatsu九館内,お手洗い,,,,,,,,,,
2025/06/10,窓口,1.日本,09時台,ビジネス,2〜5人,男性,40代から50代,周辺店舗、飲食店,,,,ランチ,,,,,,,カブーレ、つねを案内しました。(林)
2025/06/10,窓口,1.日本,09時台,観光,個人,女性,40代から50代,交通,,徒歩,安宅住吉神社、勧進帳ものがたり館,,,,,,,,普段トレッキングをしているので徒歩で行きたい。バスの時刻表とタクシーも案内しました。(林)
2025/06/10,窓口,1.日本,09時台,ビジネス,2〜5人,男性,60代以上,Komatsu九館内,カブーレ,,,,,,,,,,
2025/06/10,窓口,1.日本,10時台,市民利用,家族連れ,男女,60代以上,交通,,バス,イオンモール小松,,,,,,,,時刻表と乗り場をご案内しました。(林)
2025/06/10,窓口,1.日本,12時台,観光,個人,女性,40代から50代,交通,,徒歩,宮本三郎美術館,,,,,,,,宮本三郎美術館への行き方。材木町の街並みを見て、すみげんさんの蕎麦も食べたい。見て歩きマップで案内しました。(林)
2025/06/10,窓口,1.日本,12時台,観光,個人,男性,60代以上,周辺店舗、飲食店,,,,ランチ,,,,,,,つるっとへ行きたい。地図で案内しました。(林)
2025/06/10,窓口,1.日本,12時台,観光,家族連れ,男女,20代から30代,交通,,バス,弁慶スタジアム,,,,,,,,弁慶スタジアムに行きたい。バスと徒歩の案内。石川ミリオンスターズ対阪神タイガース(ファーム)交流戦(林)
2025/06/10,窓口,1.日本,14時台,ビジネス,個人,男性,60代以上,交通,,バス,ルートイングランティア,,,,,,,,グランティアホテルまでバスでの行き方のご案内(見付)
2025/06/11,窓口,1.日本,15時台,観光,個人,男性,20代から30代,Komatsu九館内,お手洗い,,,,,,,,,,
2025/06/11,窓口,1.日本,13時台,ビジネス,個人,男性,20代から30代,Komatsu九館内,お手洗い,,,,,,,,,,
2025/06/12,電話,1.日本,10時台,観光,個人,男性,20代から30代,宿泊,,,,,,,,粟津温泉,,,小松駅から粟津温泉に行くバス時刻、コンビニ、の有無のお問い合わせ、時刻、近くにドラッグストアがある事をお伝えしました（大音）
2025/06/12,窓口,1.日本,09時台,市民利用,個人,男性,60代以上,Komatsu九館内,UNICOFFEE,,,,,,,,,,
2025/06/12,窓口,1.日本,09時台,観光,個人,男性,60代以上,Komatsu九館内,お手洗い,,,,,,,,,,
2025/06/12,窓口,1.日本,13時台,市民利用,個人,女性,40代から50代,周辺店舗、飲食店,,,,ランチ,,,,,,,定食屋をお探しとのこと。辻屋商店食堂をご案内しました。（田中）
2025/06/12,窓口,1.日本,10時台,観光,個人,男性,60代以上,周辺店舗、飲食店,,,,ニッポンレンタカー,,,,,,,地図を見て案内しました。(林)
2025/06/13,電話,1.日本,10時台,観光,個人,女性,20代から30代,小松駅周辺で持ち込みで飲食できる所,小松駅周辺で持ち込みで飲食できる所,,,,,,,,,,"小松駅周辺で持ち込みで飲食できる所はあるかとのこと。お子様5名、大人4名。
日曜日に利用したいとのことだったのでサイエンスのレインボーオアシス（休憩所・40名利用可能•赤ちゃんスペースあり）をご案内しました。（田中）"
2025/06/13,窓口,1.日本,13時台,観光,2〜5人,男女,20代から30代,Komatsu九館内,新幹線を見れる所,,,,,,,,,,新幹線を見れる所のお問い合わせ、車でお越しだったのでトレインパークを案内しました　（大音）
2025/06/14,窓口,1.日本,17時台,ビジネス,個人,男性,40代から50代,Komatsu九館内,コワーキングエリア,,,,,,,,,,コワーキングの利用方法を知りたいとお問い合わせで、ナインの事務所を案内し、小坂さんが対応しました(大音)
2025/06/14,窓口,1.日本,18時台,観光,2〜5人,女性,60代以上,Komatsu九館内,UNICOFFEE,,,,,,,,,,
2025/06/15,窓口,1.日本,11時台,観光,個人,男性,60代以上,観光案内,,,,,苔の里,"じゃらん, 見て歩きマップ, 個別のパンフレット",,,,,苔の里に行きたいとのこと。タクシーをご案内しました。また山代温泉にお泊りとの事だったので、キャンバスもご案内しました。（田中）
2025/06/15,窓口,1.日本,12時台,観光,個人,男性,20代から30代,Komatsu九館内,カブーレ,,,,,,,,,,
2025/06/15,窓口,3.欧米,14時台,観光,2〜5人,男女,60代以上,交通,,鉄道,日本自動車博物館,,,,,,,,自動車博物館、ショッピングモール　地図で案内　バス時刻表お渡ししました。(林)
2025/06/16,窓口,1.日本,10時台,観光,個人,男性,20代から30代,観光案内,,,,,日本自動車博物館,お渡しなし,,,,,日本自動車博物館までのアクセス、小松駅からだと20分、粟津駅からだと10分ほどとご案内。タクシーをご案内しました。（田中）
2025/06/16,窓口,1.日本,10時台,市民利用,個人,男性,60代以上,駐車場,駐車場,,,,,,,,,,駐車場のお問い合わせ　サイエンスの駐車場を案内しました　(大音)
2025/06/16,窓口,1.日本,10時台,市民利用,個人,女性,60代以上,交通,,バス,加茂整形,,,,,,,,県外から加茂整形までこられたとのこと。アクセスとランチのお問い合わせ。竹屋をご案内。寺井線で梯で下車とご案内しました。（田中）
2025/06/16,窓口,1.日本,12時台,観光,個人,女性,60代以上,駅,駅,,,,,,,,,,小松駅に来たというのを小松駅のロゴを写メを撮りたいというお問い合わせで、南口の方から見える場所をご案内しました　(大音)
2025/06/16,窓口,1.日本,13時台,観光,個人,男性,40代から50代,シェアサイクルのお問い合わせ,シェアサイクルのお問い合わせ,,,,,,,,,,シェアサイクルの返却が処理されているかのお問い合わせ、アプリからのご利用だった為、お問い合わせ先の電話番号をお伝えしました　(大音)
2025/06/17,電話,1.日本,11時台,観光,個人,男性,40代から50代,温泉について,温泉について,,,,,,,,,,小松市内の温泉についてのお問い合わせ。無色透明のお湯とご案内。また各温泉協会も一緒にご案内しました（田中）
2025/06/18,電話,1.日本,16時台,観光,個人,女性,40代から50代,宿泊,,,,,,,,アパホテル,,,ハイパーホテルを予約しようとしたらいっぱいだった。駅近くで、1人で居酒屋に行きたいのでそちらも近くにあるといい。
2025/06/18,電話,1.日本,16時台,ビジネス,個人,女性,40代から50代,宿泊,,,,,,,,アパホテル,,,ハイパーホテルがいっぱいだった。駅の周辺で、1人で居酒屋とか食べるところがあるホテル。アパホテル他案内し、ホテルで近くで食事できるところを聞いてください。伝えしました。(林)
2025/06/19,窓口,不明,13時台,観光,6〜9人,男女,40代から50代,Komatsu九館内,Komatsu九について,,,,,,,,,,お祈りをするスペースはないかのお問い合わせ　ない事をお伝えしました　(大音)
2025/06/20,窓口,1.日本,18時台,観光,2〜5人,男性,20代から30代,周辺店舗、飲食店,,,,"ディナー, 小松うどん、塩焼きそば",,,,,,,Kaga Spa Trail Endurance100（マラソン）でお越しの男性3名。ご当地グルメをお探しとのこで勝っちゃんをご案内しました。(田中)
2025/06/21,電話,1.日本,11時台,市民利用,個人,男性,60代以上,交通,,駐車場,駐車場の場所など問い合わせ,,,,,,,,立体駐車場の場所と料金のご案内(見付)
2025/06/21,窓口,2.アジア,10時台,観光,個人,女性,40代から50代,交通,,バス,市内,,,,,,,,中国圏のお客様、循環バスのご利用で料金のご案内(見付)
2025/06/22,窓口,2.アジア,09時台,観光,個人,女性,20代から30代,交通,,バス,イオンモール,,,,,,,,イオンモールのバス乗り場ご案内(林)
2025/06/22,電話,1.日本,13時台,市民利用,個人,女性,60代以上,宿泊,,,,,,,,おびし荘,,,おびし荘の電話番号のお問い合わせ。HPの問い合わせ番号をご案内しました（田中）
2025/06/23,窓口,1.日本,10時台,観光,2〜5人,男女,40代から50代,交通,,バス,小松空港,,,,,,,,
2025/06/23,窓口,1.日本,10時台,観光,個人,男性,20代から30代,交通,,バス,イオンモール,,,,,,,,時刻表お渡しして乗り場案内
2025/06/23,窓口,2.アジア,17時台,観光,2〜5人,男女,20代から30代,宿泊のキャンセル代理,宿泊キャンセル,,,,,,,,,,
2025/06/24,窓口,1.日本,10時台,観光,個人,男性,40代から50代,Komatsu九館内,喫煙所,,,,,,,,,,
2025/06/24,窓口,1.日本,10時台,観光,6〜9人,男性,60代以上,周辺店舗、飲食店,,,,小松うどん、塩焼きそば,,,,,,,秋田から来られた男性。お昼に駅周辺のランチをお探し。竹屋、アルバ、つるっとなどをご案内。（田中）
2025/06/25,窓口,1.日本,11時台,ビジネス,2〜5人,男性,40代から50代,周辺店舗、飲食店,,,,ランチ,,,,,,,お昼の食事のお問い合わせ　勝っちゃん、アルバ、つるっとを安心しました　(大音)
2025/06/26,窓口,1.日本,13時台,市民利用,個人,女性,40代から50代,交通,,バス,片山津温泉までのアクセス,,,,,,,,片山津温泉までのアクセス　電車で加賀温泉駅→バスをご案内しました。（田中）
2025/06/26,電話,1.日本,14時台,観光,個人,男性,60代以上,周辺店舗、飲食店,,,,喜多八のパンフレット,,,,,,,喜多八のパンフレットのありますか。問い合わせ。喜多八に直接お電話してください。お伝えしました。(林)
2025/06/27,窓口,1.日本,09時台,ビジネス,2〜5人,男性,40代から50代,物産,,,,,,,酒,,,,ししのさとのお酒のお問い合わせ、直接ししのさとに電話することをお伝えしました　(林)
2025/06/28,窓口,1.日本,08時台,観光,個人,男性,60代以上,シェアサイクル,シェアサイクル,,,,,,,,,,シェアサイクルについてお問い合わせ。乗り場、乗り方などお伝えしました（田中）
2025/06/28,窓口,1.日本,10時台,観光,個人,女性,40代から50代,観光案内,,,,,九谷陶芸村,お渡しなし,,,,,九谷陶芸村までのアクセス。バス佐野線とのみバスをご案内しました（田中）
2025/06/28,窓口,1.日本,10時台,市民利用,個人,女性,60代以上,Komatsu九館内,お手洗い,,,,,,,,,,
2025/06/28,窓口,1.日本,10時台,市民利用,個人,女性,40代から50代,Komatsu九館内,クーリングシェルター,,,,,,,,,,小松駅のクーリングシェルターの場所のお問い合わせ。カブーレとギャラリースペースをご案内しました田中）
2025/06/29,電話,1.日本,08時台,市民利用,個人,女性,60代以上,周辺店舗、飲食店,,,,行松,,,,,,,行松の電話番号のお問い合わせ（田中）
2025/06/29,窓口,1.日本,11時台,観光,個人,男女,40代から50代,観光案内,,,,,木場潟公園,お渡しなし,,,,,木場潟公園までのアクセス、タクシーをご案内しました（田中）
2025/06/29,窓口,1.日本,11時台,市民利用,個人,男性,40代から50代,Komatsu九館内,お手洗い,,,,,,,,,,
2025/06/29,窓口,1.日本,10時台,市民利用,個人,女性,学生,Komatsu九館内,UNICOFFEE,,,,,,,,,,
2025/06/29,窓口,1.日本,12時台,観光,個人,男性,40代から50代,観光案内,,,,,みよっさ,お渡しなし,,,,,みよっさのお問い合わせ、御朱印の氷室饅頭を購入の際に御朱印が近くにあるとお伝えしました　(大音)
2025/06/30,電話,1.日本,17時台,市民利用,個人,女性,40代から50代,交通,,バス,商工会議所,,,,,,,,平日に商工会議所行くのにどのバスに乗ればいいかのお問い合わせ、８時頃のバスがいいという事で佐野線を案内しました　(大音)
2025/07/02,窓口,2.アジア,10時台,観光,2〜5人,男女,20代から30代,交通,,バス,イオンモール新小松,,,,,,,,イオンモールまでのバスの時刻表のお渡し(見付)
2025/07/02,窓口,1.日本,11時台,観光,個人,男性,60代以上,交通,,バス,小松空港,,,,,,,,小松空港から駅までのバスのご案内(見付)
2025/07/02,窓口,2.アジア,09時台,観光,家族連れ,男女,40代から50代,交通,,バス,那谷寺,,,,,,,,バスの支払い方法のご案内(見付)
2025/07/03,窓口,1.日本,11時台,市民利用,個人,女性,40代から50代,Komatsu九館内,お手洗い,,,,,,,,,,
2025/07/03,窓口,1.日本,11時台,ビジネス,2〜5人,男女,40代から50代,Komatsu九館内,喫煙所,,,,,,,,,,
2025/07/04,窓口,1.日本,16時台,観光,個人,女性,40代から50代,Komatsu九館内,フリーWi-Fiについて,,,,,,,,,,フリーWi-Fiありますか。パスワード案内しました。(林)
2025/07/05,電話,1.日本,10時台,観光,10人以上,女性,40代から50代,周辺店舗、飲食店,,,,ランチ,,,,,,,30名の団体でランチが食べられるお店をお探し。和食が良いとので南月と長沖をご案内しました（田中）
2025/07/05,窓口,1.日本,09時台,市民利用,個人,男性,40代から50代,Komatsu九館内,お手洗い,,,,,,,,,,
2025/07/05,窓口,1.日本,10時台,市民利用,個人,女性,40代から50代,Komatsu九館内,お手洗い,,,,,,,,,,
2025/07/05,窓口,1.日本,15時台,市民利用,個人,男女,40代から50代,交通,,バス,小松空港,,,,,,,,
2025/07/06,窓口,1.日本,09時台,観光,2〜5人,男女,60代以上,交通,,バス,国府ものがたり館,,,,,,,,ものがたり館までバスの時刻のご案内(見付)
2025/07/06,電話,1.日本,13時台,観光,個人,男性,60代以上,宿泊,,,,,,,,変なホテル,,,今すぐ泊まるのではないが宿泊施設を案内してほしい。駅周辺のホテル案内。予約も言われたのでホテルに問い合わせしてください。お伝えしました。(林)
2025/07/06,窓口,1.日本,11時台,観光,個人,男性,40代から50代,Komatsu九館内,お手洗い,,,,,,,,,,
2025/07/07,窓口,1.日本,08時台,市民利用,個人,女性,40代から50代,小松市役所,小松市役所,,,,,,,,,,小松市役所に徒歩で行く場合の道のお問い合わせ　見て歩きマップで案内しました(大音)
2025/07/07,窓口,1.日本,08時台,市民利用,個人,女性,40代から50代,周辺店舗、飲食店,,,,イオンモール,,,,,,,イオンモールに行くバスの問い合わせ　バスが行きたい時間にない為、タクシーを案内しました(大音)
2025/07/07,窓口,1.日本,13時台,市民利用,個人,男性,60代以上,周辺店舗、飲食店,,,,小松うどん、塩焼きそば,,,,,,,つるっとが休みの為空港の中佐をご案内しました（田中）
2025/07/07,窓口,1.日本,15時台,市民利用,個人,男性,40代から50代,周辺店舗、飲食店,,,,花山亭,,,,,,,花山亭までのアクセスをご案内しました（田中）
2025/07/09,窓口,1.日本,09時台,観光,個人,女性,40代から50代,物産,,,,,,,取扱いのないもの（金沢土産、栗蒸し羊羹等）,,,,
2025/07/09,窓口,1.日本,12時台,ビジネス,個人,女性,20代から30代,周辺店舗、飲食店,,,,小松うどん、塩焼きそば,,,,,,,歩いて行ける距離でお昼を食べれる所のお問い合わせでつるっとを案内しました(大音)
2025/07/09,窓口,1.日本,11時台,観光,2〜5人,男女,20代から30代,周辺店舗、飲食店,,,,デザートを食べられる所,,,,,,,アイスクリームを食べる所のお問い合わせでカブーレを案内しました(大音)
2025/07/10,窓口,1.日本,08時台,ビジネス,個人,男性,40代から50代,Komatsu九館内,喫煙所,,,,,,,,,,
2025/07/10,窓口,1.日本,08時台,市民利用,個人,男性,40代から50代,Komatsu九館内,お手洗い,,,,,,,,,,
2025/07/10,窓口,1.日本,08時台,観光,個人,女性,40代から50代,Komatsu九館内,お手洗い,,,,,,,,,,
2025/07/10,窓口,1.日本,09時台,ビジネス,2〜5人,男性,40代から50代,Komatsu九館内,お手洗い,,,,,,,,,,
2025/07/10,窓口,1.日本,09時台,ビジネス,個人,男性,40代から50代,交通,,バス,イオンモール,,,,,,,,無料バス案内
2025/07/10,窓口,1.日本,09時台,観光,個人,女性,60代以上,交通,,バス,九谷陶芸村,,,,,,,,バス案内しましたが時間がかかるのでタクシーも案内しました（林)
2025/07/10,窓口,2.アジア,12時台,観光,個人,男性,20代から30代,交通,,バス,小松空港,,,,,,,,
2025/07/10,窓口,1.日本,12時台,観光,個人,男性,40代から50代,観光案内,,,,,芦城公園　錦窯　小松天満宮,"見て歩きマップ, 個別のパンフレット",,,,,芦城公園　錦窯　小松天満宮までのルートのご案内。（田中）
2025/07/10,窓口,2.アジア,14時台,観光,家族連れ,男女,40代から50代,交通,,バス,小松空港,,,,,,,,時刻表と乗り場を案内しました（林)
2025/07/10,窓口,2.アジア,15時台,観光,個人,男性,40代から50代,交通,,バス,小松空港,,,,,,,,時刻表お渡しと乗り場案内しました。(林)
2025/07/10,窓口,1.日本,16時台,観光,個人,女性,40代から50代,Komatsu九館内,お手洗い,,,,,,,,,,
2025/07/11,窓口,1.日本,10時台,観光,個人,男性,60代以上,タバコ,喫煙所,,,,,,,,,,喫煙所のお問い合わせ　ご案内しました　(大音)
2025/07/11,窓口,1.日本,10時台,観光,個人,男性,40代から50代,Komatsu九館内,御周印,,,,,,,,,,御周印のお問い合わせ、事務局に問い合わせしギャラリースペースにあることが分かり案内しました(大音)
2025/07/11,窓口,1.日本,12時台,ビジネス,2〜5人,男性,40代から50代,周辺店舗、飲食店,,,,海鮮が食べたい,,,,,,,海鮮を食べたいとお問い合わせ、お車でお越しなので大西寿司案内しました（大音)
2025/07/11,窓口,1.日本,10時台,観光,個人,男性,40代から50代,Komatsu九館内,喫煙所,,,,,,,,,,喫煙所のお問い合わせ　案内しました（大音）
2025/07/11,電話,1.日本,13時台,観光,個人,男性,40代から50代,宿泊,,,,,,,,赤穂谷温泉,,,赤穂谷温泉に電話しても繋がらない。しているのか。していない。とお伝えしました（林)
2025/07/11,窓口,1.日本,16時台,観光,個人,男性,60代以上,周辺店舗、飲食店,,,,ディナー,,,,,,,
2025/07/12,窓口,1.日本,12時台,市民利用,個人,女性,40代から50代,交通,,バス,小松空港,,,,,,,,
2025/07/12,窓口,1.日本,16時台,観光,個人,男性,40代から50代,Komatsu九館内,喫煙所,,,,,,,,,,
2025/07/13,窓口,1.日本,08時台,市民利用,個人,男性,40代から50代,交通,,バス,イオンモール新小松,,,,,,,,
2025/07/13,窓口,1.日本,08時台,市民利用,個人,男性,40代から50代,Komatsu九館内,お手洗い,,,,,,,,,,
2025/07/13,窓口,2.アジア,09時台,観光,個人,男性,40代から50代,交通,,バス,小松空港,,,,,,,,
2025/07/13,窓口,1.日本,09時台,観光,個人,男性,40代から50代,交通,,バス,イオンモール,,,,,,,,イオンモールのバス乗り場案内しました。(林)
2025/07/13,窓口,2.アジア,12時台,観光,個人,男性,40代から50代,交通,,バス,小松空港,,,,,,,,小松空港までの時刻表のお渡し(見付)
2025/07/13,窓口,2.アジア,14時台,観光,個人,男性,40代から50代,交通,,バス,小松空港,,,,,,,,バスでの支払いのご案内(見付)
2025/07/13,窓口,1.日本,16時台,観光,個人,女性,40代から50代,Komatsu九館内,お手洗い,,,,,,,,,,
2025/07/13,窓口,1.日本,10時台,観光,2〜5人,男女,60代以上,Komatsu九館内,御周印について,,,,,,,,,,御周印についてお問い合わせ。ナイン事務所をご案内しました。(林)
2025/07/13,窓口,1.日本,11時台,観光,個人,男性,40代から50代,Komatsu九館内,お手洗い,,,,,,,,,,
2025/07/13,窓口,1.日本,17時台,市民利用,2〜5人,女性,40代から50代,交通,,バス,貸切バス,,,,,,,,貸切バスのお問い合わせ、北鉄バスの電話番号、スマイルレンタカーのパンフレットのお渡し(見付)
2025/07/14,窓口,1.日本,08時台,市民利用,個人,女性,60代以上,Komatsu九館内,お手洗い,,,,,,,,,,
2025/07/14,窓口,1.日本,08時台,市民利用,個人,女性,60代以上,交通,,バス,バス乗り場,,,,,,,,
2025/07/14,窓口,1.日本,08時台,観光,2〜5人,男性,40代から50代,Komatsu九館内,営業時間のお問い合わせ,,,,,,,,,,komatsuナイン全体の営業時間のお問い合わせ
2025/07/14,窓口,1.日本,12時台,観光,個人,女性,40代から50代,物産,,,,,,,お菓子,,,,トマトカレーおかきのお問い合わせ、道に駅か空港にあるとお伝えしました　(大音)
2025/07/14,窓口,1.日本,11時台,ビジネス,個人,男女,40代から50代,Komatsu九館内,お手洗い,,,,,,,,,,トイレのお問い合わせ　案内しました　(大音)
2025/07/14,窓口,1.日本,12時台,観光,個人,女性,20代から30代,Komatsu九館内,お手洗い,,,,,,,,,,トイレのお問い合わせ　案内しました　（大音）
2025/07/14,窓口,1.日本,14時台,市民利用,個人,女性,40代から50代,交通,,バス,小松郵便局,,,,,,,,小松郵便局までのアクセス、大杉線とこまちをご案内しました（田中）
2025/07/15,窓口,1.日本,11時台,市民利用,個人,男性,60代以上,交通,,バス,やわたメディカル,,,,,,,,バスの時刻のご案内(見付)
2025/07/15,窓口,1.日本,12時台,観光,2〜5人,男女,20代から30代,観光案内,,,,,九谷陶芸村,お渡しなし,,,,,九谷陶芸村に行くバスのお問い合わせ　佐野線を案内しました　(大音)
2025/07/15,窓口,1.日本,13時台,観光,個人,男性,60代以上,観光案内,,,,,"みよっさ, こまつの杜, 錦窯展示館","見て歩きマップ, ちょっことこまつ観光",,,,,空き時間に回れる所をお探し、ちょこっとこまつ観光で周辺ご案内(見付)
2025/07/15,窓口,3.欧米,15時台,観光,家族連れ,男女,20代から30代,交通,,タクシー,小松空港,,,,,,,,朝に空港に行く為、駅前にタクシーは何時からいるかとお問い合わせ、タクシー会社の電話番号一覧お渡し(見付)
2025/07/16,窓口,1.日本,08時台,市民利用,個人,男性,40代から50代,周辺施設,ハローワーク、市役所,,,,,,,,,,ハローワーク、市役所までの行き方のご案内(見付)
2025/07/16,電話,1.日本,09時台,観光,個人,女性,40代から50代,宿泊,,,,,,,,駅周辺ホテル,,,10月に小松駅周辺のホテルをお探し、各ホテルの電話番号をご案内(見付)
2025/07/16,窓口,1.日本,10時台,観光,個人,女性,40代から50代,Komatsu九館内,Wifi,,,,,,,,,,
2025/07/16,窓口,1.日本,12時台,ビジネス,個人,女性,20代から30代,Komatsu九館内,お手洗い,,,,,,,,,,
2025/07/16,窓口,1.日本,19時以降,観光,2〜5人,男女,40代から50代,Komatsu九館内,お手洗い,,,,,,,,,,
2025/07/16,窓口,1.日本,18時台,観光,2〜5人,男女,60代以上,Komatsu九館内,無料休憩所,,,,,,,,,,820ステーション案内しました。(林)
2025/07/16,窓口,1.日本,19時以降,観光,個人,男性,60代以上,Komatsu九館内,お手洗い,,,,,,,,,,
2025/07/17,窓口,2.アジア,12時台,ビジネス,個人,男性,40代から50代,Komatsu九館内,お手洗い,,,,,,,,,,
2025/07/17,窓口,1.日本,10時台,観光,個人,女性,40代から50代,交通,,バス,イオンモール小松,,,,,,,,
2025/07/17,電話,1.日本,12時台,観光,個人,男性,40代から50代,観光案内,,,,,"航空プラザ, こまつの杜",お渡しなし,,,,,小松駅からコマツの杜　航空プラザ　温泉のお問い合わせ　温泉はお風呂でもおいいという事でアパホテルとさくら湯を案内しました　(大音)
2025/07/17,窓口,1.日本,11時台,観光,2〜5人,女性,20代から30代,交通,,バス,イオンモール,,,,,,,,イオンモールに行くバス乗り場のお問い合わせ　案内しました　(大音)
2025/07/17,窓口,1.日本,17時台,観光,2〜5人,女性,40代から50代,周辺店舗、飲食店,,,,小松うどん、塩焼きそば,,,,,,,
2025/07/18,窓口,1.日本,10時台,ビジネス,個人,女性,40代から50代,交通,,バス,丸の内中学校,,,,,,,,時刻表、乗り場を案内しました。(林)
2025/07/18,窓口,1.日本,10時台,ビジネス,個人,女性,40代から50代,周辺店舗、飲食店,,,,"ランチ, 小松うどん、塩焼きそば, お魚",,,,,,,つるっと、勝っちゃん、壱　案内しました。(林)
2025/07/18,窓口,1.日本,11時台,ビジネス,個人,男性,40代から50代,Komatsu九館内,お手洗い,,,,,,,,,,
2025/07/18,窓口,1.日本,18時台,観光,個人,男性,40代から50代,Komatsu九館内,お手洗い,,,,,,,,,,
2025/07/18,窓口,1.日本,12時台,観光,個人,女性,60代以上,観光案内,,,,,"安宅住吉神社、安宅の関, 松井秀喜ベースボールミュージアム","じゃらん, 見て歩きマップ, 個別のパンフレット",,,,,
2025/07/19,窓口,1.日本,08時台,観光,個人,男性,40代から50代,観光案内,,,,,尾小屋鉄道,お渡しなし,,,,,尾小屋鉄道のパンフレットのお問い合わせ　ない事をお伝えしました　(大音)
2025/07/19,窓口,1.日本,09時台,観光,個人,男性,40代から50代,交通,,徒歩,小松高校,,,,,,,,小松高校までの道順のお問い合わせ、徒歩でのご案内(見付)
2025/07/19,窓口,1.日本,09時台,観光,家族連れ,女性,40代から50代,交通,,バス,安宅の海,,,,,,,,安宅線のご案内(見付)
2025/07/19,窓口,1.日本,10時台,市民利用,家族連れ,女性,40代から50代,交通,,バス,小松工業高校,,,,,,,,ハニべ線と尾小屋線でご案内(見付)
2025/07/19,窓口,1.日本,11時台,観光,2〜5人,女性,60代以上,周辺店舗、飲食店,,,,お風呂と食事,,,,,,,お風呂が入れる施設と食事ができる所のお問い合わせで年配の方がいるとういうので、さくら湯とつるっとを案内しました　(大音)
2025/07/19,窓口,1.日本,15時台,ビジネス,2〜5人,男性,40代から50代,Komatsu九館内,喫煙所,,,,,,,,,,
2025/07/19,窓口,1.日本,16時台,観光,2〜5人,女性,40代から50代,Komatsu九館内,お手洗い,,,,,,,,,,
2025/07/19,窓口,1.日本,14時台,観光,2〜5人,女性,40代から50代,Komatsu九館内,羽生さんのポスター,,,,,,,,,,羽生結弦さんのポスターはどこにあるのか。パンフレットのところにあります。案内しました。(林)
2025/07/19,窓口,1.日本,18時台,市民利用,個人,男性,40代から50代,Komatsu九館内,喫煙所,,,,,,,,,,
2025/07/20,窓口,1.日本,09時台,観光,個人,男性,20代から30代,Komatsu九館内,お手洗い,,,,,,,,,,
2025/07/20,窓口,1.日本,09時台,観光,個人,女性,40代から50代,Komatsu九館内,お手洗い,,,,,,,,,,
2025/07/20,窓口,1.日本,09時台,観光,個人,男性,60代以上,観光案内,,,,,"みよっさ, 安宅住吉神社、安宅の関, 図書館","見て歩きマップ, 個別のパンフレット, 安宅の関行き時刻表",,,,,安宅の関のバス時刻、周辺飲食店、スーパー、図書館のご案内(見付)
2025/07/20,窓口,1.日本,10時台,観光,個人,女性,20代から30代,観光案内,,,,,サイエンスヒルズこまつ,お渡しなし,,,,,サイエンスヒルズこまつまでのルート（田中）
2025/07/20,窓口,1.日本,11時台,市民利用,個人,女性,40代から50代,Komatsu九館内,お手洗い,,,,,,,,,,
2025/07/20,窓口,1.日本,11時台,観光,2〜5人,女性,20代から30代,周辺店舗、飲食店,,,,サイエンスヒルズ,,,,,,,サイエンスヒルズはどういう所かのお問い合わせ　車で来県されていたので　他に自動車博物館　航空プラザ　トレインパークのパンフレットをお渡ししました　(大音)
2025/07/20,窓口,1.日本,12時台,観光,2〜5人,男女,60代以上,周辺店舗、飲食店,,,,團十郎芸術劇場はどこかのお問い合わせ　案内しました　(大音),,,,,,,
2025/07/20,窓口,1.日本,14時台,市民利用,個人,女性,60代以上,周辺店舗、飲食店,,,,スーパー,,,,,,,近くにスーパーはあるかとのお問い合わせ。犬丸屋をご案内しました。（田中）
2025/07/20,窓口,1.日本,17時台,ビジネス,個人,男性,60代以上,Komatsu九館内,お手洗い,,,,,,,,,,
2025/07/21,窓口,1.日本,08時台,観光,個人,女性,40代から50代,Komatsu九館内,お手洗い,,,,,,,,,,
2025/07/21,窓口,1.日本,08時台,観光,2〜5人,女性,60代以上,Komatsu九館内,お手洗い,,,,,,,,,,
2025/07/21,窓口,1.日本,08時台,観光,個人,男性,40代から50代,交通,,バス,小松空港,,,,,,,,
2025/07/21,窓口,1.日本,08時台,観光,個人,女性,40代から50代,Komatsu九館内,お手洗い,,,,,,,,,,
2025/07/21,窓口,1.日本,09時台,観光,個人,女性,40代から50代,Komatsu九館内,お手洗い,,,,,,,,,,
2025/07/21,窓口,1.日本,12時台,観光,個人,男性,60代以上,観光案内,,,,,"日本自動車博物館, こまつの杜","じゃらん, 見て歩きマップ, 個別のパンフレット",,,,,こまつの杜、自動車博物館に行きたいとのこと。開園日とルートをご案内しました。（田中）
2025/07/21,窓口,1.日本,13時台,観光,個人,男性,60代以上,観光案内,,,,,図書館,お渡しなし,,,,,図書館までの道順のご案内(見付)
2025/07/21,窓口,1.日本,18時台,市民利用,個人,女性,20代から30代,Komatsu九館内,お手洗い,,,,,,,,,,
2025/07/22,窓口,1.日本,08時台,観光,2〜5人,男女,40代から50代,観光案内,,,,,"ゆのくにの森, 那谷寺",那谷寺　ゆのくにの森,,,,,東京から法師に宿泊されるので近くの観光はどこがいいかとお問い合わせ　那谷寺とゆのくにの森を案内しました　(大音)
2025/07/23,窓口,1.日本,10時台,観光,個人,女性,20代から30代,交通,,タクシー,イオンモール,,,,,,,,今月27日に映画館に行くが21時頃になる為の交通手段のお問い合わせ　タクシーを案内しました(大音)
2025/07/23,窓口,1.日本,16時台,観光,個人,男性,60代以上,交通,,バス,イオンモール小松,,,,,,,,バス乗り場のご案内(見付)
2025/07/23,窓口,1.日本,15時台,観光,個人,女性,40代から50代,Komatsu九館内,お手洗い,,,,,,,,,,
2025/07/23,窓口,1.日本,15時台,観光,個人,男性,20代から30代,イベント,,,,,,,,,日本遺産御朱印,,ナイン事務局ご案内(見付)
2025/07/23,窓口,1.日本,16時台,観光,個人,男性,40代から50代,交通,,バス,小松空港,,,,,,,,
2025/07/23,電話,1.日本,18時台,市民利用,個人,女性,60代以上,Komatsu九館内,カブーレ,,,,,,,,,,カブーレの電話番号のご案内(見付)
2025/07/24,窓口,1.日本,08時台,ビジネス,個人,男性,40代から50代,Komatsu九館内,UNICOFFEE,,,,,,,,,,
2025/07/24,窓口,1.日本,10時台,ビジネス,個人,男性,40代から50代,Komatsu九館内,お手洗い,,,,,,,,,,
2025/07/24,窓口,1.日本,10時台,観光,個人,女性,60代以上,Komatsu九館内,お手洗い,,,,,,,,,,
2025/07/24,窓口,1.日本,10時台,観光,個人,女性,40代から50代,交通,,鉄道,金沢,,,,,,,,金沢へのお得なチケットがあるか。無いむねお伝えしました。(林)
2025/07/24,窓口,1.日本,10時台,観光,個人,男性,60代以上,交通,,バス,那谷寺,,,,,,,,時刻表お渡し、乗り場を案内しました。(林)
2025/07/24,窓口,1.日本,12時台,市民利用,2〜5人,男女,20代から30代,Komatsu九館内,お弁当を食べれる場所,,,,,,,,,,お弁当を食べる場所とのことで820ステーションを案内しました。(林)
2025/07/24,窓口,1.日本,12時台,観光,2〜5人,男女,20代から30代,交通,,バス,イオンモール,,,,,,,,イオンモール行きの時刻表お渡し、乗り場ご案内しました。(林)
2025/07/24,窓口,1.日本,13時台,観光,個人,男性,40代から50代,周辺店舗、飲食店,,,,スーパー銭湯、100均,,,,,,,スーパー銭湯はアパスパ小松グランド、100均ほイオンモールをご案内しました。(林)
2025/07/24,電話,1.日本,15時台,観光,2〜5人,男性,20代から30代,交通,,バス,小松空港,,,,,,,,
2025/07/24,電話,1.日本,16時台,観光,個人,男性,40代から50代,周辺店舗、飲食店,,,,ランチ,,,,,,,
2025/07/24,窓口,1.日本,17時台,観光,個人,女性,20代から30代,Komatsu九館内,お手洗い,,,,,,,,,,
2025/07/24,窓口,1.日本,18時台,市民利用,2〜5人,女性,学生,イオンモール新小松送迎バスの連絡先,イオンモール新小松送迎バスの連絡先,,,,,,,,,,イオンモール新小松送迎バスの連絡先についてお問い合わせ。イオンモール新小松の電話番号をご案内しました（田中）
2025/07/25,窓口,1.日本,08時台,観光,2〜5人,男女,40代から50代,観光案内,,,,,木場潟公園,"じゃらん, 見て歩きマップ, 個別のパンフレット",,,,,白山を一望できる場所はあるかとのこと。お車だったので木場潟公園をご案内しました（田中）
2025/07/25,窓口,1.日本,10時台,観光,個人,女性,40代から50代,Komatsu九館内,BIKKE,,,,,,,,,,
2025/07/25,窓口,2.アジア,12時台,観光,個人,男性,60代以上,宿泊,,,,,,,,法師,,,法師までの行き方のご案内(見付)
2025/07/26,窓口,1.日本,13時台,観光,個人,男性,60代以上,宿泊,,,,,,,,ハイパーホテル,,,
2025/07/26,窓口,1.日本,18時台,観光,個人,女性,40代から50代,周辺店舗、飲食店,,,,ドラッグストア,,,,,,,ドラッグストアのお問い合わせ　アオキを案内しました　(大音)
2025/07/27,窓口,1.日本,13時台,観光,個人,男性,40代から50代,交通,,タクシー,憩いの森,,,,,,,,
2025/07/28,電話,1.日本,12時台,観光,個人,女性,40代から50代,周辺店舗、飲食店,,,,ランチ,,,,,,,愛知県からジェイバスに見学に行くので、ランチのお問い合わせ　山桜　大西寿司を案内しました　(大音)
2025/07/29,電話,1.日本,10時台,観光,個人,男性,60代以上,観光案内,,,,,"みよっさ, こまつの杜",お渡しなし,,,,,小松駅周辺の観光施設のお問い合わせ。こまつの杜、みよっさ、サイエンスヒルズをご案内。また永平寺も行きたいとのことだったので新幹線→永平寺ライナーをご案内しました（田中）
2025/07/29,電話,1.日本,11時台,市民利用,個人,男性,60代以上,物産,,,,,,,九谷焼,,,,九谷焼についての問い合わせ、陶芸村の電話番号のご案内(見付)
2025/07/29,窓口,1.日本,16時台,観光,個人,女性,40代から50代,交通,,バス,小松空港,,,,,,,,
2025/07/29,窓口,3.欧米,14時台,観光,個人,女性,20代から30代,交通,,バス,粟津温泉,,,,,,,,粟津温泉まで行かれる欧米の方、バス乗り場のご案内(見付)
2025/07/29,窓口,1.日本,16時台,観光,個人,女性,40代から50代,Komatsu九館内,お手洗い,,,,,,,,,,
2025/07/29,窓口,1.日本,16時台,ビジネス,個人,男性,40代から50代,周辺店舗、飲食店,,,,ランチ,,,,,,,11月に20名の団体旅行で利用できる料亭をお探し。長沖、梶助、一狼などをご案内しました。またこまつ観光ナビの特集小松の料亭料理屋特集のページもご案内しました（田中）
2025/07/29,窓口,1.日本,16時台,観光,個人,男性,20代から30代,物産,,,,,,,お菓子,,,,
2025/07/29,窓口,1.日本,17時台,ビジネス,個人,男性,20代から30代,物産,,,,,,,お菓子,,,,
2025/07/30,窓口,1.日本,11時台,観光,2〜5人,男女,20代から30代,周辺店舗、飲食店,,,,小松うどん、塩焼きそば,,,,,,,つるっとのお問い合わせ　案内しました（大音）
2025/07/31,窓口,1.日本,09時台,ビジネス,個人,男性,40代から50代,物産,,,,,,,その他雑貨,,,,自衛隊の飛行機のハガキはないかのお問い合わせ　航空プラザに確認したところないとのことでお伝えしました　売店の方はハガキを書く時代ではないと言いました　(大音)
2025/07/31,窓口,3.欧米,09時台,観光,家族連れ,男女,20代から30代,交通,,バス,別宮,,,,,,,,
2025/07/31,窓口,1.日本,09時台,観光,個人,女性,40代から50代,周辺店舗、飲食店,,,,カネルブレッド,,,,,,,カネルブレッドまで徒歩での行き方のご案内(見付)
2025/07/31,窓口,1.日本,13時台,市民利用,個人,女性,20代から30代,交通,,バス,小松空港,,,,,,,,
2025/08/01,窓口,1.日本,10時台,観光,2〜5人,男女,40代から50代,Komatsu九館内,お手洗い,,,,,,,,,,
2025/08/01,窓口,1.日本,11時台,観光,2〜5人,男性,40代から50代,交通,,バス,イオンモール,,,,,,,,時刻表お渡し、乗り場ご案内しました。(林)
2025/08/01,窓口,1.日本,13時台,市民利用,個人,男性,20代から30代,観光案内,,,,,"ゆのくにの森, 日本自動車博物館, みよっさ, 勧進帳ものがたり館, 安宅住吉神社、安宅の関, 木場潟公園, 那谷寺, 航空プラザ, こまつの杜","じゃらん, 見て歩きマップ, 個別のパンフレット",,,,,
2025/08/01,窓口,1.日本,14時台,ビジネス,個人,男性,40代から50代,交通,,バス,アルプラザ小松,,,,,,,,アルプラザまでバスでのお問い合わせ、循環、大杉線、小杉線でのご案内(見付)
2025/08/01,窓口,1.日本,14時台,観光,個人,女性,20代から30代,周辺店舗、飲食店,,,,山上福寿堂,,,,,,,山上福寿堂ご案内しました。(林)
2025/08/01,窓口,1.日本,15時台,市民利用,個人,女性,60代以上,交通,,バス,国府台,,,,,,,,国府台のバス時刻表お渡し、乗り場ご案内しました。(林)
2025/08/02,窓口,1.日本,10時台,観光,個人,男性,20代から30代,交通,,バス,高速バス,,,,,,,,高速バスについてのお問い合わせ　結局ヒッチハイクだったので８号線と道の駅と石川の地図をお渡ししました　(大音)
2025/08/02,窓口,1.日本,11時台,観光,個人,女性,40代から50代,交通,,バス,小松高等学校,,,,,,,,小松高等学校に行くバスのお問い合わせ　お伝えしました　(大音)
2025/08/02,窓口,1.日本,12時台,観光,個人,男性,60代以上,周辺店舗、飲食店,,,,花屋,,,,,,,ライラックご案内(見付)
2025/08/02,窓口,1.日本,16時台,観光,家族連れ,男女,40代から50代,周辺店舗、飲食店,,,,スーパー,,,,,,,犬丸屋ご案内(見付)
2025/08/03,窓口,1.日本,13時台,観光,個人,女性,60代以上,周辺店舗、飲食店,,,,ランチ,,,,,,,塩焼きそばを食べたい。とのことで勝っちゃんを案内しました。(林)
2025/08/03,窓口,1.日本,14時台,観光,2〜5人,男女,40代から50代,周辺店舗、飲食店,,,,サイエンスヒルズ,,,,,,,サイエンスのお問い合わせ　案内しました　(大音)
2025/08/03,窓口,3.欧米,14時台,観光,個人,男性,20代から30代,観光案内,,,,,芦城公園,見て歩きマップ,,,,,芦城公園までの徒歩での案内しました。(林)
2025/08/04,窓口,3.欧米,10時台,観光,個人,男性,20代から30代,交通,,バス,航空プラザ,,,,,,,,
2025/08/04,窓口,1.日本,11時台,観光,2〜5人,男女,40代から50代,交通,,バス,小松空港,,,,,,,,
2025/08/04,窓口,1.日本,13時台,観光,2〜5人,男女,60代以上,交通,,鉄道,丸岡城,,,,,,,,
2025/08/05,窓口,1.日本,09時台,市民利用,個人,女性,60代以上,交通,,バス,アルプラザ小松,,,,,,,,
2025/08/05,窓口,1.日本,10時台,市民利用,個人,女性,60代以上,交通,,タクシー,小松裁判所,,,,,,,,
2025/08/05,窓口,1.日本,10時台,観光,個人,女性,20代から30代,周辺店舗、飲食店,,,,カブッキーランド,,,,,,,カブッキーランドの場所ご案内しました。(林)
2025/08/05,窓口,1.日本,10時台,観光,個人,女性,40代から50代,Komatsu九館内,お手洗い,,,,,,,,,,
2025/08/05,窓口,1.日本,10時台,観光,2〜5人,女性,60代以上,周辺店舗、飲食店,,,,サイエンスヒルズ,,,,,,,サイエンスヒルズの場所ご案内しました。(林)
2025/08/05,窓口,1.日本,13時台,観光,家族連れ,男女,40代から50代,周辺店舗、飲食店,,,,こまつの杜,,,,,,,こまつの杜の場所ご案内しました。(林)
2025/08/06,窓口,1.日本,10時台,ビジネス,個人,男性,40代から50代,交通,,バス,小松空港,,,,,,,,小松空港行きバスの支払い方法のお問い合わせ　お伝えしました　(大音)
2025/08/06,窓口,1.日本,11時台,ビジネス,個人,男性,40代から50代,Komatsu九館内,喫煙所,,,,,,,,,,
2025/08/06,窓口,1.日本,12時台,観光,2〜5人,男性,学生,交通,,バス,吉野観光　釣堀,,,,,,,,吉野観光釣堀　鶴来からのバスご案内しました。(林)
2025/08/06,電話,1.日本,17時台,観光,個人,男性,40代から50代,自衛隊,自衛隊訓練,,,,,,,,,,自衛隊訓練の予定はわからない。お伝えしました。(林)
2025/08/07,窓口,1.日本,10時台,観光,個人,女性,40代から50代,観光案内,,,,,白山トレインパーク,お渡しなし,,,,,電車が止まっているためタクシーをご案内しました（田中）
2025/08/07,窓口,1.日本,10時台,市民利用,個人,女性,60代以上,交通,,バス,米原,,,,,,,,新幹線が止まっているためバスで米原まで行けるルートはあるかとのお問い合わせ。色々お調べしたがルートがなく、再開を待たれるとのことだった（田中）
2025/08/07,窓口,1.日本,12時台,観光,2〜5人,男女,20代から30代,周辺店舗、飲食店,,,,寿司,,,,,,,
2025/08/07,窓口,2.アジア,14時台,観光,個人,女性,20代から30代,交通,,バス,福井駅,,,,,,,,
2025/08/07,窓口,2.アジア,14時台,観光,個人,女性,20代から30代,交通,,バス,イオンモール新小松,,,,,,,,
2025/08/07,窓口,1.日本,13時台,観光,2〜5人,男女,20代から30代,周辺店舗、飲食店,,,,寿司,,,,,,,
2025/08/07,窓口,1.日本,12時台,観光,2〜5人,男女,20代から30代,周辺店舗、飲食店,,,,寿司,,,,,,,
2025/08/07,窓口,1.日本,18時台,観光,2〜5人,男性,20代から30代,交通,,バス,グランドホテル白山,,,,,,,,グランドホテル白山までのルートのお問い合わせ。IRいしかわ鉄道が運休のため佐野線→金沢寺井線に乗り継ぎのルートををご案内しました（田中）
2025/08/08,窓口,1.日本,08時台,ビジネス,個人,男性,40代から50代,Komatsu九館内,休憩所　,,,,,,,,,,休憩所　820ステーションご案内しました。(林)
2025/08/08,窓口,1.日本,12時台,観光,家族連れ,男女,40代から50代,周辺店舗、飲食店,,,,ランチ,,,,,,,
2025/08/08,窓口,2.アジア,12時台,観光,家族連れ,男女,40代から50代,交通,,バス,ハニベ巌窟院,,,,,,,,
2025/08/08,窓口,1.日本,12時台,観光,個人,男性,40代から50代,観光案内,,,,,芦城公園,お渡しなし,,,,,
2025/08/08,窓口,2.アジア,13時台,観光,個人,女性,40代から50代,交通,,バス,那谷寺,,,,,,,,那谷寺までの時刻表お渡し、乗り場ご案内しました。(林)
2025/08/08,窓口,1.日本,15時台,市民利用,個人,女性,60代以上,交通,,バス,小松市民病院,,,,,,,,
2025/08/09,窓口,1.日本,10時台,市民利用,個人,男性,40代から50代,Komatsu九館内,お手洗い,,,,,,,,,,
2025/08/09,窓口,1.日本,10時台,観光,個人,男性,40代から50代,物産,,,,,,,お弁当,,,,
2025/08/09,窓口,3.欧米,11時台,観光,個人,男性,20代から30代,交通,,シェアサイクル,サイクルポート,,,,,,,,
2025/08/09,窓口,2.アジア,17時台,観光,個人,女性,40代から50代,交通,,バス,小松空港,,,,,,,,バスの支払い方法のお問い合わせ　案内しました　(大音)
2025/08/10,窓口,1.日本,12時台,観光,2〜5人,男女,60代以上,観光案内,,,,,みよっさ,見て歩きマップ,,,,,1時間半くらいで観光できるとこるで　みよっさ　御朱印を案内しました　(大音)
2025/08/10,窓口,1.日本,10時台,観光,個人,男性,40代から50代,Komatsu九館内,お手洗い,,,,,,,,,,
2025/08/10,窓口,1.日本,10時台,ビジネス,2〜5人,男性,60代以上,周辺店舗、飲食店,,,,ランチ,,,,,,,お魚が食べたい。竹屋ご案内しました。(林)
2025/08/10,窓口,1.日本,13時台,観光,個人,女性,40代から50代,Komatsu九館内,お手洗い,,,,,,,,,,
2025/08/10,窓口,1.日本,13時台,ビジネス,個人,男性,40代から50代,Komatsu九館内,お手洗い,,,,,,,,,,
2025/08/10,窓口,1.日本,11時台,観光,2〜5人,男女,20代から30代,交通,,バス,イオンモール,,,,,,,,イオンモール行きのバスご案内しました。(林)
2025/08/11,窓口,1.日本,10時台,観光,2〜5人,女性,20代から30代,周辺店舗、飲食店,,,,カブッキーランド,,,,,,,カブッキーランドご案内しました。(林)
2025/08/11,窓口,1.日本,11時台,観光,2〜5人,女性,40代から50代,Komatsu九館内,お手洗い,,,,,,,,,,
2025/08/12,窓口,1.日本,13時台,観光,個人,男性,40代から50代,交通,,バス,循環バスの乗り場,,,,,,,,
2025/08/12,窓口,1.日本,09時台,観光,個人,女性,40代から50代,Komatsu九館内,お手洗い,,,,,,,,,,
2025/08/12,窓口,1.日本,12時台,観光,個人,女性,40代から50代,公衆電話,公衆電話,,,,,,,,,,
2025/08/13,窓口,1.日本,08時台,観光,家族連れ,男女,20代から30代,手取川川下り,手取川川下り,,,,,,,,,,吉野にある観光協会の電話番号をお伝えしました。(林)
2025/08/13,窓口,1.日本,09時台,観光,個人,男性,40代から50代,観光案内,,,,,安宅住吉神社、安宅の関,個別のパンフレット,,,,,
2025/08/13,窓口,2.アジア,14時台,観光,個人,女性,20代から30代,小松アズスクエア,小松アズスクエア,,,,,,,,,,小松アズスクエア横のバス乗り場。南口バス乗り場ご案内しました。（林)
2025/08/13,窓口,1.日本,14時台,観光,個人,女性,40代から50代,Komatsu九館内,お手洗い,,,,,,,,,,
2025/08/14,窓口,1.日本,08時台,市民利用,個人,男性,60代以上,周辺店舗、飲食店,,,,NTT,,,,,,,地図見て案内しました。(林)
2025/08/14,窓口,1.日本,14時台,市民利用,個人,男性,60代以上,公衆電話,公衆電話,,,,,,,,,,近くの公衆電話を案内しました。(林)
2025/08/14,電話,1.日本,15時台,ビジネス,個人,女性,40代から50代,Komatsu九館内,ポムポムプリンとの撮影、ガラスにプリンが貼ってある場所,,,,,,,,,,ポムポムプリンとの撮影スポット、ガラスにプリンが貼ってある820ステーションご案内しました。(林)
2025/08/14,窓口,1.日本,11時台,観光,2〜5人,女性,40代から50代,Komatsu九館内,お手洗い,,,,,,,,,,
2025/08/15,窓口,1.日本,09時台,観光,個人,女性,40代から50代,観光案内,,,,,"安宅住吉神社、安宅の関, 能美ふるさとミュージアム",お渡しなし,,,,,それぞれのアクセスをご案内しました。安宅線、寺井線（田中）
2025/08/15,電話,1.日本,13時台,市民利用,個人,男性,40代から50代,物産,,,,,,,鮮魚の買えるところ。犬丸屋をご案内しました（田中）,,,,鮮魚の買えるところ。犬丸屋をご案内しました（田中）
2025/08/15,窓口,1.日本,13時台,市民利用,個人,男性,40代から50代,Komatsu九館内,お手洗い,,,,,,,,,,
2025/08/15,窓口,1.日本,13時台,観光,個人,男性,20代から30代,Komatsu九館内,お手洗い,,,,,,,,,,
2025/08/16,窓口,1.日本,12時台,観光,個人,男性,40代から50代,交通,,タクシー,九谷芸術村,,,,,,,,
2025/08/16,窓口,1.日本,13時台,観光,2〜5人,男女,40代から50代,Komatsu九館内,お手洗い,,,,,,,,,,
2025/08/16,窓口,1.日本,13時台,観光,個人,女性,40代から50代,Komatsu九館内,お手洗い,,,,,,,,,,
2025/08/17,窓口,1.日本,09時台,観光,個人,男性,40代から50代,観光案内,,,,,"ゆのくにの森, 日本自動車博物館, 片山津温泉","見て歩きマップ, 個別のパンフレット",,,,,芦原温泉に行く道中によるところはないかとのお問い合わせ。片山津温泉、ゆのくにの森などをご案内しました（田中）
2025/08/17,窓口,1.日本,11時台,市民利用,個人,女性,40代から50代,Komatsu九館内,お手洗い,,,,,,,,,,
2025/08/17,窓口,1.日本,12時台,観光,2〜5人,男女,40代から50代,交通,,シェアサイクル,駐車場の場所など問い合わせ,,,,,,,,
2025/08/18,窓口,1.日本,11時台,観光,個人,女性,40代から50代,Komatsu九館内,お手洗い,,,,,,,,,,
2025/08/18,窓口,1.日本,12時台,市民利用,個人,男性,40代から50代,Komatsu九館内,喫煙所,,,,,,,,,,
2025/08/18,窓口,1.日本,12時台,市民利用,個人,男性,40代から50代,物産,,,,,,,取扱いのないもの（金沢土産、栗蒸し羊羹等）,,,,
2025/08/19,窓口,1.日本,10時台,観光,2〜5人,女性,40代から50代,交通,,バス,ゆのくにの森,,,,,,,,バス時刻表お渡し、タクシーも案内しました。(林)
2025/08/19,窓口,1.日本,13時台,観光,2〜5人,女性,40代から50代,交通,,バス,小松空港,,,,,,,,自動運転バスのお問い合わせ、時刻表乗り場ご案内しました。(林)
2025/08/19,窓口,1.日本,13時台,観光,個人,女性,40代から50代,Komatsu九館内,お手洗い,,,,,,,,,,
2025/08/20,窓口,1.日本,11時台,観光,個人,女性,40代から50代,交通,,バス,那谷寺,,,,,,,,
2025/08/20,窓口,1.日本,11時台,観光,2〜5人,男女,60代以上,観光案内,,,,,那谷寺,個別のパンフレット,,,,,
2025/08/20,窓口,1.日本,10時台,観光,個人,女性,20代から30代,Komatsu九館内,お手洗い,,,,,,,,,,
2025/08/21,窓口,1.日本,10時台,観光,2〜5人,男女,60代以上,観光案内,,,,,"みよっさ, こまつの杜","見て歩きマップ, 個別のパンフレット",,,,,小松駅周辺の観光スポット。みよっさ、サイエンスヒルズ、こまつの杜をご案内しました。（田中）
2025/08/21,窓口,1.日本,09時台,観光,個人,女性,40代から50代,交通,,バス,小松空港,,,,,,,,
2025/08/21,窓口,1.日本,18時台,観光,2〜5人,男性,20代から30代,タクシーの電話番号,タクシーの電話番号,,,,,,,,,,外国人が携帯電話をタクシーに忘れたので電話番号を知りたい。番号表をお渡しして警察に届けたらよい。と伝えました。(林)
2025/08/22,窓口,1.日本,09時台,観光,個人,男性,60代以上,観光案内,,,,,"安宅住吉神社、安宅の関, 本陣美術館","見て歩きマップ, 個別のパンフレット",,,,,本陣美術館、安宅の関までのバスをご案内しました（田中）
2025/08/22,窓口,1.日本,11時台,市民利用,個人,男性,40代から50代,Komatsu九館内,お手洗い,,,,,,,,,,
2025/08/22,窓口,3.欧米,17時台,ビジネス,個人,女性,20代から30代,観光案内,,,,,みよっさ,見て歩きマップ,,,,,
2025/08/22,窓口,1.日本,12時台,ビジネス,個人,男性,40代から50代,Komatsu九館内,お手洗い,,,,,,,,,,
2025/08/22,窓口,1.日本,12時台,ビジネス,個人,男性,40代から50代,Komatsu九館内,喫煙所,,,,,,,,,,
2025/08/23,窓口,1.日本,10時台,観光,個人,女性,20代から30代,交通,,バス,イオンモール,,,,,,,,イオンモールの時刻表お渡し、乗り場ご案内しました。(林)
2025/08/23,窓口,1.日本,11時台,観光,個人,男性,60代以上,Komatsu九館内,喫煙所,,,,,,,,,,
2025/08/23,窓口,1.日本,14時台,ビジネス,2〜5人,女性,40代から50代,Komatsu九館内,お手洗い,,,,,,,,,,
2025/08/24,窓口,2.アジア,14時台,観光,2〜5人,男性,20代から30代,交通,,バス,小松空港,,,,,,,,空港バスの支払い方法お伝えしました。(林)
2025/08/24,窓口,1.日本,13時台,観光,2〜5人,男性,60代以上,Komatsu九館内,喫煙所,,,,,,,,,,
2025/08/24,窓口,1.日本,12時台,ビジネス,2〜5人,女性,40代から50代,Komatsu九館内,お手洗い,,,,,,,,,,
2025/08/24,窓口,1.日本,09時台,観光,個人,女性,60代以上,観光案内,,,,,本陣美術館,見て歩きマップ,,,,,近隣の観光、本陣美術館までの行き方。バスご案内しました。
2025/08/25,電話,1.日本,08時台,観光,個人,女性,40代から50代,シェアサイクル,シェアサイクル,,,,,,,,,,シェアサイクルについて　お答えしました　（大音)
2025/08/25,窓口,1.日本,13時台,観光,個人,女性,40代から50代,観光案内,,,,,みよっさ,個別のパンフレット,,,,,18時の飛行機で帰るまでの観光のお問い合わせ　みよっさとお寺巡りを案内しました　(大音)
2025/08/25,窓口,1.日本,15時台,市民利用,個人,女性,20代から30代,交通,,バス,鳥越城,,,,,,,,鳥越城までルート。バス麦口線　三坂下車　徒歩13分とご案内しました（田中）
2025/08/25,窓口,1.日本,14時台,市民利用,個人,男性,60代以上,Komatsu九館内,お手洗い,,,,,,,,,,
2025/08/25,窓口,1.日本,14時台,観光,個人,女性,40代から50代,Komatsu九館内,お手洗い,,,,,,,,,,
2025/08/26,窓口,1.日本,11時台,市民利用,個人,女性,40代から50代,Komatsu九館内,お手洗い,,,,,,,,,,
2025/08/26,窓口,1.日本,17時台,観光,個人,男性,20代から30代,物産,,,,,,,お菓子,,,,
2025/08/27,窓口,1.日本,10時台,観光,個人,女性,60代以上,交通,,タクシー,おびし町,,,,,,,,粟津駅からおびし町までのルート。タクシーで10分ほどとご案内しました（田中）
2025/08/27,窓口,1.日本,08時台,観光,個人,男性,40代から50代,Komatsu九館内,小松土産店営業時間,,,,,,,,,,
2025/08/27,窓口,1.日本,10時台,観光,個人,男性,60代以上,Komatsu九館内,喫煙所,,,,,,,,,,
2025/08/27,窓口,1.日本,10時台,観光,2〜5人,男女,40代から50代,交通,,バス,ひまわり畑への行き方,,,,,,,,ひまわり畑への行き方。バス下車後、徒歩とご案内。
2025/08/27,窓口,1.日本,10時台,観光,2〜5人,男女,40代から50代,交通,,バス,安宅住吉神社、勧進帳ものがたり館,,,,,,,,バス時刻表お渡ししました。(林)
2025/08/28,窓口,1.日本,08時台,市民利用,個人,男性,40代から50代,交通,,バス,やわたメディカル,,,,,,,,
2025/08/28,窓口,1.日本,13時台,観光,個人,男性,40代から50代,交通,,タクシー,本陣美術館,,,,,,,,
2025/08/28,窓口,2.アジア,13時台,観光,2〜5人,男女,20代から30代,交通,,タクシー,農口尚彦研究所,,,,,,,,
2025/08/28,窓口,1.日本,14時台,観光,個人,男性,20代から30代,Komatsu九館内,Komatsu九について,,,,,,,,,,落とし物の問い合わせ。ナインの事務所ご案内しました。(林)
2025/08/30,窓口,1.日本,12時台,観光,個人,女性,60代以上,Komatsu九館内,お手洗い,,,,,,,,,,
2025/08/31,窓口,1.日本,10時台,市民利用,個人,男性,60代以上,加茂整形外科,加茂整形外科,,,,,,,,,,加茂整形外科に行くバスのお問い合わせ　お伝えしました　（大音）
2025/08/31,窓口,1.日本,14時台,ビジネス,個人,男性,40代から50代,物産,,,,,,,お菓子,,,,琥珀糖をお探し、石華をご案内しました（田中）
2025/08/31,窓口,1.日本,14時台,観光,家族連れ,男女,60代以上,交通,,バス,イオンモール,,,,,,,,イオンモールの時刻表お渡し、乗り場ご案内しました。(林)
2025/08/31,窓口,1.日本,12時台,市民利用,個人,女性,40代から50代,Komatsu九館内,お手洗い,,,,,,,,,,
2025/08/31,窓口,1.日本,13時台,市民利用,個人,男女,40代から50代,Komatsu九館内,喫煙所,,,,,,,,,,
2025/08/31,窓口,1.日本,14時台,観光,個人,女性,60代以上,物産,,,,,,,取扱いのないもの（金沢土産、栗蒸し羊羹等）,,,,
2025/09/01,窓口,1.日本,08時台,市民利用,個人,女性,40代から50代,Komatsu九館内,お手洗い,,,,,,,,,,
2025/09/02,窓口,1.日本,13時台,市民利用,個人,女性,40代から50代,交通,,タクシー,小松市国際交流協会,,,,,,,,小松市国際交流協会までのルートのご案内。タクシーで行かれるとのこと（田中）
2025/09/02,窓口,1.日本,10時台,市民利用,個人,女性,40代から50代,Komatsu九館内,お手洗い,,,,,,,,,,
2025/09/02,窓口,1.日本,12時台,市民利用,個人,女性,20代から30代,交通,,バス,イオンモール新小松,,,,,,,,イオンモール新小松へのバスのお問い合わせ。シャトルバスをご案内（田中）
2025/09/02,窓口,1.日本,13時台,市民利用,個人,女性,60代以上,Komatsu九館内,お手洗い,,,,,,,,,,
2025/09/03,窓口,1.日本,12時台,観光,個人,女性,60代以上,Komatsu九館内,お手洗い,,,,,,,,,,
2025/09/03,窓口,1.日本,10時台,観光,個人,男性,60代以上,交通,,バス,小松城,,,,,,,,時刻表お渡し、乗り場、降り場案内しました。(林)
2025/09/03,電話,1.日本,11時台,観光,個人,男性,40代から50代,交通,,バス,東京から小松までの夜行バス,,,,,,,,東京から小松までの夜行バス。バス会社の電話番号をお伝えしました。（大音）
2025/09/05,窓口,1.日本,10時台,観光,個人,男性,60代以上,交通,,バス,粟津温泉,,,,,,,,北鉄バス粟津線をご案内。翌日、キャンバスで観光されるとのこと（大音）
2025/09/05,窓口,1.日本,11時台,観光,個人,男性,60代以上,物産,,,,,,,お菓子,,,,
2025/09/05,窓口,1.日本,13時台,ビジネス,個人,男性,20代から30代,物産,,,,,,,取扱いのないもの（金沢土産、栗蒸し羊羹等）,,,,
2025/09/05,窓口,1.日本,14時台,ビジネス,個人,男性,40代から50代,Komatsu九館内,お手洗い,,,,,,,,,,
2025/09/05,窓口,1.日本,15時台,ビジネス,個人,男性,60代以上,Komatsu九館内,お手洗い,,,,,,,,,,
2025/09/06,窓口,1.日本,08時台,観光,個人,男性,40代から50代,Komatsu九館内,お手洗い,,,,,,,,,,
2025/09/06,窓口,1.日本,12時台,観光,個人,女性,60代以上,Komatsu九館内,お手洗い,,,,,,,,,,
2025/09/06,窓口,1.日本,11時台,観光,個人,男性,40代から50代,Komatsu九館内,お手洗い,,,,,,,,,,
2025/09/06,窓口,1.日本,13時台,観光,個人,女性,40代から50代,Komatsu九館内,お手洗い,,,,,,,,,,
2025/09/06,窓口,1.日本,13時台,市民利用,個人,女性,40代から50代,Komatsu九館内,お手洗い,,,,,,,,,,
2025/09/07,窓口,1.日本,10時台,観光,個人,女性,60代以上,交通,,バス,安宅住吉神社、勧進帳ものがたり館,,,,,,,,時刻表お渡しして乗り場ご案内しました（林)
2025/09/08,窓口,1.日本,09時台,市民利用,個人,女性,40代から50代,交通,,バス,泉ヶ丘高校までの金沢駅から出るバス,,,,,,,,泉ヶ丘高校までの金沢駅から出るバスのお問い合わせ。北鉄バス光が丘住宅線をご案内（田中）
2025/09/08,窓口,1.日本,10時台,観光,個人,女性,60代以上,Komatsu九館内,お手洗い,,,,,,,,,,
2025/09/08,窓口,1.日本,13時台,観光,家族連れ,男女,40代から50代,Komatsu九館内,お手洗い,,,,,,,,,,
2025/09/09,窓口,1.日本,10時台,観光,家族連れ,男女,60代以上,交通,,バス,安宅の関,,,,,,,,安宅の関までの時刻表お渡し、乗り場、安宅の関周辺の案内をしました。（林)
2025/09/09,窓口,2.アジア,11時台,観光,個人,男女,40代から50代,交通,,バス,イオンモール新小松行きのバス,,,,,,,,
2025/09/09,窓口,2.アジア,10時台,観光,個人,男性,40代から50代,Komatsu九館内,営業時間についてのお問い合わせ,,,,,,,,,,
2025/09/09,窓口,1.日本,18時台,観光,個人,女性,40代から50代,営業時間,小松土産店,,,,,,,,,,
2025/09/10,窓口,1.日本,12時台,観光,個人,女性,40代から50代,宿泊,,,,,,,,ゲストハウス,,,小松駅周辺のゲストハウスや民宿のお問い合わせ。松屋、龍助25をご案内しました（田中）
2025/09/10,窓口,1.日本,11時台,市民利用,個人,男性,40代から50代,Komatsu九館内,お手洗い,,,,,,,,,,
2025/09/10,窓口,1.日本,13時台,市民利用,個人,男性,60代以上,営業時間,営業時間,,,,,,,,,,
2025/09/10,窓口,1.日本,10時台,ビジネス,2〜5人,男性,40代から50代,周辺店舗、飲食店,,,,小松うどん、塩焼きそば,,,,,,,つるっとご案内しました（田中）
2025/09/11,窓口,1.日本,14時台,観光,個人,男性,60代以上,交通,,バス,小松城,,,,,,,,バス時刻表お渡し、乗り場ご案内しました。(林)
2025/09/11,窓口,1.日本,11時台,観光,個人,男性,60代以上,Komatsu九館内,お手洗い,,,,,,,,,,
2025/09/11,窓口,1.日本,11時台,ビジネス,2〜5人,男性,40代から50代,Komatsu九館内,UNICOFFEE,,,,,,,,,,
2025/09/12,窓口,1.日本,17時台,ビジネス,個人,男性,20代から30代,Komatsu九館内,お手洗い,,,,,,,,,,
2025/09/13,窓口,3.欧米,10時台,観光,個人,女性,20代から30代,観光案内,,,,,那谷寺,バス時刻表,,,,,那谷寺までのルート。粟津線をご案内しました（田中）
2025/09/13,窓口,1.日本,11時台,市民利用,2〜5人,女性,60代以上,交通,,バス,イオンモール新小松,,,,,,,,
2025/09/13,窓口,2.アジア,12時台,観光,個人,女性,40代から50代,観光案内,,,,,いしかわ動物園,お渡しなし,,,,,いしかわ動物園までのバス。北鉄佐野線をご案内しました（田中）
2025/09/13,窓口,1.日本,17時台,市民利用,個人,男性,60代以上,Komatsu九館内,お手洗い,,,,,,,,,,
2025/09/13,窓口,1.日本,14時台,市民利用,2〜5人,女性,60代以上,Komatsu九館内,バス停,,,,,,,,,,
2025/09/14,窓口,1.日本,10時台,観光,個人,男性,60代以上,観光案内,,,,,こまつうらら,"じゃらん, 見て歩きマップ",,,,,
2025/09/16,窓口,1.日本,10時台,観光,2〜5人,男性,60代以上,交通,,バス,小松空港,,,,,,,,
2025/09/16,窓口,1.日本,11時台,市民利用,個人,男女,60代以上,観光案内,,,,,安宅住吉神社、安宅の関,個別のパンフレット,,,,,
2025/09/16,窓口,1.日本,11時台,市民利用,個人,男性,40代から50代,Komatsu九館内,お手洗い,,,,,,,,,,
2025/09/16,電話,1.日本,10時台,観光,個人,男性,60代以上,観光案内,,,,,戦闘機の離発着がみれるとこ,お渡しなし,,,,,戦闘機の離発着がみれる公園ができると聞いたがあるのか？とのお問い合わせ。調べたが情報がなかったので、事務局に確認→できる予定は無いとの事でお客様にご案内しました。また小松空港の展望デッキ、スカイパークをご案内しました（田中）
2025/09/17,窓口,1.日本,09時台,観光,個人,女性,60代以上,Komatsu九館内,UNICOFFEE,,,,,,,,,,
2025/09/17,窓口,1.日本,16時台,ビジネス,個人,女性,20代から30代,Komatsu九館内,ギャラリーエリア,,,,,,,,,,
2025/09/18,窓口,1.日本,11時台,市民利用,個人,男性,60代以上,観光案内,,,,,安宅住吉神社、安宅の関,個別のパンフレット,,,,,
2025/09/18,窓口,1.日本,10時台,観光,個人,男性,40代から50代,Komatsu九館内,お手洗い,,,,,,,,,,
2025/09/18,窓口,1.日本,12時台,市民利用,個人,女性,40代から50代,物産,,,,,,,取扱いのないもの（金沢土産、栗蒸し羊羹等）,,,,
2025/09/18,窓口,1.日本,15時台,ビジネス,個人,男性,40代から50代,周辺店舗、飲食店,,,,アパ温泉,,,,,,,
2025/09/19,窓口,1.日本,11時台,観光,個人,男性,60代以上,シェアサイクル,シェアサイクル,,,,,,,,,,
2025/09/19,窓口,2.アジア,12時台,観光,2〜5人,男女,20代から30代,交通,,バス,支払い方法,,,,,,,,
2025/09/19,窓口,1.日本,13時台,観光,個人,女性,40代から50代,交通,,バス,今江町,,,,,,,,今江町に行く交通手段のお問い合わせ　バスを案内しました　(大音)
2025/09/19,窓口,1.日本,15時台,市民利用,個人,女性,60代以上,交通,,バス,イオンモール新小松行きのバス,,,,,,,,イオンモール新小松行きのバス
2025/09/19,窓口,1.日本,16時台,市民利用,個人,男性,60代以上,Komatsu九館内,お手洗い,,,,,,,,,,
2025/09/19,窓口,1.日本,11時台,市民利用,個人,女性,40代から50代,交通,,バス,イオンモール新小松,,,,,,,,
2025/09/20,窓口,1.日本,15時台,観光,2〜5人,男女,40代から50代,交通,,バス,小松空港,,,,,,,,空港行きのバス料金のお問い合わせ　お伝えしました　(大音)
2025/09/20,窓口,1.日本,16時台,市民利用,個人,女性,60代以上,行政センター,行政センター,,,,,,,,,,
2025/09/21,窓口,1.日本,08時台,市民利用,個人,女性,60代以上,交通,,バス,第一コミュニティセンター,,,,,,,,第一コミュニティセンターまでのバス。こまちをご案内しました。（田中）
2025/09/21,窓口,1.日本,08時台,市民利用,個人,男性,60代以上,Komatsu九館内,営業時間,,,,,,,,,,
2025/09/21,窓口,1.日本,17時台,市民利用,個人,男女,40代から50代,Komatsu九館内,お手洗い,,,,,,,,,,
2025/09/22,窓口,1.日本,12時台,ビジネス,個人,男性,40代から50代,Komatsu九館内,お手洗い,,,,,,,,,,
2025/09/22,窓口,1.日本,14時台,ビジネス,個人,男性,40代から50代,物産,,,,,,,お菓子,,,,
2025/09/22,窓口,1.日本,18時台,市民利用,個人,女性,60代以上,交通,,バス,イオンモール新小松,,,,,,,,
2025/09/22,窓口,1.日本,17時台,市民利用,個人,女性,40代から50代,交通,,バス,イオンモール新小松,,,,,,,,
2025/09/23,窓口,1.日本,13時台,観光,個人,女性,40代から50代,観光案内,,,,,みよっさ,"じゃらん, 見て歩きマップ, 個別のパンフレット",,,,,
2025/09/23,窓口,1.日本,12時台,市民利用,個人,女性,20代から30代,Komatsu九館内,お手洗い,,,,,,,,,,
2025/09/23,窓口,1.日本,15時台,市民利用,個人,女性,20代から30代,Komatsu九館内,授乳室,,,,,,,,,,
2025/09/23,窓口,1.日本,15時台,ビジネス,個人,男性,40代から50代,Komatsu九館内,喫煙所,,,,,,,,,,
2025/09/25,窓口,1.日本,11時台,観光,個人,男性,40代から50代,Komatsu九館内,喫煙所,,,,,,,,,,みよっさのお問い合わせ　本日は休館日とお伝えしました　(大音)
2025/09/25,窓口,1.日本,14時台,市民利用,個人,男性,40代から50代,Komatsu九館内,お手洗い,,,,,,,,,,
2025/09/26,窓口,1.日本,10時台,ビジネス,個人,男性,40代から50代,観光案内,,,,,みよっさ,見て歩きマップ,,,,,2時間くらい時間があるので観光のお問い合わせ、コマツの杜、みよっさ、錦窯、御朱印、トイレを案内しました　(大音)
2025/09/27,窓口,1.日本,09時台,市民利用,個人,男性,60代以上,Komatsu九館内,お手洗い,,,,,,,,,,
2025/09/27,窓口,1.日本,09時台,観光,2〜5人,男女,40代から50代,交通,,シェアサイクル,駐車場の場所など問い合わせ,,,,,,,,
2025/09/27,窓口,1.日本,11時台,市民利用,個人,男性,60代以上,周辺店舗、飲食店,,,,"ランチ, 寿司",,,,,,,
2025/09/27,窓口,1.日本,12時台,観光,個人,女性,40代から50代,観光案内,,,,,白山比咩神社,バス時刻表,,,,,白山比咩神社までのルート。大阪から旅行で来られたとのこと。西金沢駅から石川線→鶴来駅→一宮のバス停までルートをご案内しました（田中）
2025/09/27,窓口,1.日本,15時台,市民利用,個人,女性,20代から30代,交通,,バス,市民センター,,,,,,,,
2025/09/27,窓口,1.日本,15時台,観光,個人,女性,40代から50代,観光案内,,,,,宮本三郎美術館,"見て歩きマップ, 個別のパンフレット",,,,,
2025/09/27,窓口,1.日本,17時台,観光,個人,女性,60代以上,Komatsu九館内,お手洗い,,,,,,,,,,
2025/09/27,窓口,1.日本,17時台,観光,個人,女性,60代以上,観光案内,,,,,宮本三郎美術館,見て歩きマップ,,,,,
2025/09/28,窓口,1.日本,09時台,市民利用,個人,男性,60代以上,交通,,徒歩,土居原町公民館,,,,,,,,
2025/09/28,窓口,2.アジア,09時台,観光,個人,男性,20代から30代,交通,,バス,小松空港,,,,,,,,空港行きバスのチケットのお問い合わせ　支払い方法をお伝えしました　(大音)
2025/09/28,窓口,1.日本,15時台,観光,2〜5人,男女,60代以上,Komatsu九館内,ビールが飲める所,,,,,,,,,,お土産を購入した後にビールが飲める所のお問い合わせ、カブーレを案内しました　(大音)
2025/09/28,窓口,1.日本,16時台,観光,個人,男性,60代以上,歩いて日本横断中　福井に行く地図がほしい,福井県に行く方法,,,,,,,,,,日本横断中　福井県に行く方法　8号線からか山から向かうかのお問い合わせ　地図をお渡しました　(大音)
2025/09/28,窓口,1.日本,17時台,観光,個人,男性,60代以上,観光案内,,,,,こまつの杜,個別のパンフレット,,,,,
2025/09/28,窓口,2.アジア,18時台,市民利用,個人,女性,20代から30代,交通,,バス,白山登山,,,,,,,,登山バスについてのお問い合わせ。西金沢駅→市ノ瀬→別当出合までのバスをご案内しました（田中）
2025/09/29,窓口,1.日本,13時台,観光,個人,男性,60代以上,観光案内,,,,,"こまつの杜, 宮本三郎美術館、小松市立本陣記念美術館","見て歩きマップ, 個別のパンフレット",,,,,
2025/09/29,窓口,1.日本,15時台,ビジネス,個人,男性,40代から50代,物産,,,,,,,食品,,,,
2025/09/29,窓口,1.日本,13時台,市民利用,個人,女性,40代から50代,Komatsu九館内,喫煙所,,,,,,,,,,
2025/09/29,窓口,1.日本,08時台,市民利用,個人,女性,40代から50代,交通,,バス,イオンモール新小松,,,,,,,,
2025/09/30,窓口,1.日本,14時台,市民利用,個人,男性,60代以上,観光案内,,,,,トレインパーク,個別のパンフレット,,,,,
2025/09/30,窓口,1.日本,14時台,市民利用,個人,男性,20代から30代,交通,,バス,イオンモール新小松,,,,,,,,
2025/09/30,窓口,1.日本,12時台,観光,個人,女性,40代から50代,交通,,バス,小松空港,,,,,,,,
2025/09/30,窓口,1.日本,10時台,観光,個人,女性,20代から30代,観光案内,,,,,"勧進帳ものがたり館, 安宅住吉神社、安宅の関",個別のパンフレット,,,,,歌舞伎にまつわる観光地のお問い合わせ。みよっさと安宅住吉、ものがたり館、うららをご案内しました。（田中）
2025/09/30,窓口,1.日本,14時台,市民利用,2〜5人,女性,60代以上,周辺店舗、飲食店,,,,カフェ,,,,,,,小松駅内のカフェをご案内しました
2025/10/01,窓口,2.アジア,13時台,観光,個人,女性,20代から30代,交通,,バス,イオンモール,,,,,,,,イオン行きのバスをお探し。無料バスは終了のためこまちをご案内。
2025/10/02,窓口,1.日本,08時台,観光,2〜5人,男女,60代以上,観光案内,,,,,サイエンスヒルズ,個別のパンフレット,,,,,サイエンスヒルズの連絡先を知りたい。パンフレットでご案内。
2025/10/02,電話,1.日本,09時台,観光,個人,男性,60代以上,イベント,,,,,,,,,航空祭,,航空祭のパンフレットをお探し。公式のお送りできるものはないとお伝え。
2025/10/02,電話,1.日本,09時台,観光,個人,男性,60代以上,イベント,,,,,,,,,航空祭,,以前、航空祭関係の資料をお送りしたお客様より、お礼の連絡をいただいた
2025/10/02,窓口,1.日本,12時台,観光,個人,男性,40代から50代,交通,,バス,ハニベ巌窟院,,,,,,,,バスでのアクセスをご案内した。
2025/10/02,窓口,1.日本,13時台,観光,家族連れ,男女,60代以上,観光案内,,,,,みよっさ,見て歩きマップ,,,,,駅中の曳山の模型を見て、本物は観れるのかとの問い合わせ。みよっさをご案内した。
2025/10/03,窓口,2.アジア,10時台,観光,個人,女性,20代から30代,交通,,バス,小松空港,,,,,,,,バスの時間と料金をご案内した。
2025/10/03,窓口,1.日本,10時台,市民利用,個人,女性,60代以上,交通,,バス,イオンモール,,,,,,,,イオン行きのバスをお探し。コミュニティバスをご案内した。
2025/10/03,窓口,1.日本,10時台,観光,個人,女性,60代以上,観光案内,,,,,トレインパーク白山,個別のパンフレット,,,,,アクセス方法をご案内し、パンフレットをお渡しした。
2025/10/03,窓口,1.日本,08時台,観光,2〜5人,男女,40代から50代,観光案内,,,,,駅周辺,見て歩きマップ,,,,,小松駅周辺を散策する予定とのことで多太神社やすみげんさん、とら屋陶器店などの場所をご案内した。
2025/10/04,窓口,1.日本,10時台,観光,個人,男性,40代から50代,物産,,,,,,,九谷焼,,,,道の駅で九谷焼の豆皿を購入したいとお問い合わせ　石川県の道の駅ガイドブックマップをお渡ししました　(大音)
2025/10/04,電話,1.日本,11時台,観光,個人,男性,40代から50代,交通,,駐車場,航空祭,,,,,,,,工業団地に車は止めれるかのお問い合わせ　確実に止めれるかはわからない、他で駅周辺、新小松イオンモールを案内しましたが確実ではないとお伝えしました　(大音)
2025/10/04,窓口,1.日本,12時台,観光,個人,女性,20代から30代,ロッカーの有無,ロッカーの有無,,,,,,,,,,ロッカーの有無について。今日と明日は空きがないと思います。案内の際はない可能性が大きいことをお伝えください（田中）
2025/10/04,窓口,1.日本,14時台,観光,2〜5人,男女,40代から50代,交通,,シェアサイクル,航空祭,,,,,,,,シェアサイクルを借りたいとのことで在庫の確認。今日明日は在庫がほとんど無い可能があるとお伝え。（田中）
2025/10/04,窓口,1.日本,14時台,市民利用,個人,男性,60代以上,Komatsu九館内,喫煙所,,,,,,,,,,
2025/10/04,窓口,3.欧米,13時台,観光,2〜5人,男性,60代以上,交通,,バス,粟津温泉,,,,,,,,
2025/10/04,電話,1.日本,12時台,市民利用,個人,男性,40代から50代,イベント,,,,,,,,,航空祭,,
2025/10/04,窓口,1.日本,14時台,観光,個人,男性,40代から50代,イベント,,,,,,,,,航空祭,,
2025/10/05,窓口,1.日本,08時台,観光,個人,男性,20代から30代,Komatsu九館内,コインロッカー,,,,,,,,,,コインロッカーをお探し。駅内に他の手荷物預かりは無いことをお伝え。
2025/10/05,窓口,1.日本,08時台,観光,個人,男性,20代から30代,Komatsu九館内,コインロッカー,,,,,,,,,,コインロッカーをお探し。駅では手荷物預かりがないことをお伝え。
2025/10/06,窓口,1.日本,08時台,市民利用,個人,女性,40代から50代,交通,,バス,イオンモール,,,,,,,,イオン行きのバスをお探しで、こまちをご案内した。
2025/10/07,窓口,2.アジア,09時台,観光,家族連れ,男女,60代以上,観光案内,,,,,みよっさ,見て歩きマップ,,,,,半日、小松駅周辺で観光したいとのことで、みよっさをご案内した。その他に芦城公園までの案内や小松うどんが食べられる店としてつるっとをご案内した。
2025/10/07,窓口,1.日本,12時台,ビジネス,個人,男性,20代から30代,交通,,バス,別宮,,,,,,,,別宮行きのバスをお探し。麦口線をご案内した。
2025/10/07,窓口,1.日本,12時台,観光,個人,女性,20代から30代,Komatsu九館内,お手洗い,,,,,,,,,,
2025/10/08,窓口,1.日本,09時台,観光,個人,男女,60代以上,観光案内,,,,,那谷寺,"じゃらん, 見て歩きマップ, 個別のパンフレット",,,,,
2025/10/08,窓口,1.日本,12時台,市民利用,2〜5人,女性,40代から50代,物産,,,,,,,取扱いのないもの（金沢土産、栗蒸し羊羹等）,,,,
2025/10/08,窓口,1.日本,13時台,市民利用,個人,女性,40代から50代,Komatsu九館内,お手洗い,,,,,,,,,,
2025/10/09,窓口,1.日本,08時台,観光,2〜5人,女性,60代以上,周辺店舗、飲食店,,,,小松うどん、塩焼きそば,,,,,,,小松うどんを食べられるお店をお探し。つるっとが休みだったのでほたやをご案内。
2025/10/11,窓口,1.日本,09時台,市民利用,個人,女性,60代以上,イベント,,,,,,,,,どんどんまつり,,協賛事業、ライオンズクラブのイベントをお探し。12日のみの開催であることとギャラリーをご案内した。
2025/10/11,窓口,1.日本,11時台,市民利用,個人,男性,60代以上,周辺店舗、飲食店,,,,行政サービスセンター,,,,,,,行政サービスセンターをお探し。うららをご案内した。
2025/10/11,窓口,1.日本,10時台,市民利用,個人,女性,60代以上,イベント,,,,,,,,,どんどんまつり,,ライオンズクラブのイベントをお探し。開催は12日のみのことをお伝えしギャラリーをご案内した。
2025/10/11,窓口,2.アジア,14時台,観光,個人,男性,20代から30代,交通,,バス,小松空港,,,,,,,,
2025/10/12,窓口,1.日本,12時台,市民利用,個人,女性,40代から50代,Komatsu九館内,ギャラリーエリア,,,,,,,,,,
2025/10/12,窓口,1.日本,10時台,市民利用,個人,女性,20代から30代,Komatsu九館内,ギャラリーエリア,,,,,,,,,,
2025/10/12,窓口,1.日本,10時台,市民利用,個人,男性,60代以上,Komatsu九館内,ギャラリーエリア,,,,,,,,,,
2025/10/12,窓口,1.日本,12時台,市民利用,個人,女性,60代以上,交通,,バス,北鉄バスバス停の場所の質問,,,,,,,,
2025/10/12,窓口,1.日本,12時台,市民利用,個人,男性,60代以上,交通,,バス,　八幡町方面へのバス時間の質問,,,,,,,,
2025/10/13,窓口,1.日本,09時台,市民利用,個人,女性,40代から50代,交通,,シェアサイクル,松井秀喜ミュージアム,,,,,,,,
2025/10/13,電話,1.日本,11時台,市民利用,個人,男性,40代から50代,観光案内,,,,,こまつの杜,お渡しなし,,,,,
2025/10/13,窓口,1.日本,11時台,観光,2〜5人,女性,40代から50代,周辺店舗、飲食店,,,,ブラジル料理,,,,,,,ブラジル料理お店をお探し。カサブラジルをご案内した。また外国の方集まる場所はあるかとのことで、駅前の東南アジアスーパーをご案内しました（田中）
2025/10/13,窓口,1.日本,12時台,観光,個人,男女,60代以上,観光案内,,,,,湯涌温泉の小松製作所の施設について,見て歩きマップ,,,,,
2025/10/13,窓口,1.日本,10時台,市民利用,個人,女性,40代から50代,物産,,,,,,,取扱いのないもの（金沢土産、栗蒸し羊羹等）,,,,
2025/10/13,窓口,1.日本,10時台,市民利用,個人,男性,40代から50代,交通,,バス,市立博物館,,,,,,,,
2025/10/13,窓口,1.日本,10時台,観光,個人,女性,40代から50代,Komatsu九館内,お手洗い,,,,,,,,,,
2025/10/13,電話,1.日本,16時台,観光,個人,男性,40代から50代,自衛隊の飛行機が飛ぶ時間帯のお問い合わせ,自衛隊,,,,,,,,,,自衛隊の飛行機が飛ぶ時間帯のお問い合わせ　お天気の事もあるのでわからないとお答えしました　(大音)
2025/10/14,電話,1.日本,15時台,ビジネス,個人,女性,20代から30代,物産,,,,,,,その他雑貨,,,,ハコバッグのMサイズのお問い合わせ　在庫の柄をお伝え、その後来店され購入ました(大音)
2025/10/14,窓口,1.日本,14時台,市民利用,個人,女性,40代から50代,交通,,バス,小松空港,,,,,,,,
2025/10/14,窓口,1.日本,12時台,観光,個人,女性,40代から50代,物産,,,,,,,取扱いのないもの（金沢土産、栗蒸し羊羹等）,,,,
2025/10/14,窓口,1.日本,18時台,市民利用,個人,男性,40代から50代,Komatsu九館内,お手洗い,,,,,,,,,,
2025/10/15,窓口,1.日本,12時台,観光,個人,女性,60代以上,交通,,自家用車,埋蔵博物館,,,,,,,,
2025/10/16,窓口,2.アジア,09時台,観光,個人,男性,60代以上,宿泊,,,,,,,,ホテルエアポート小松,,,ホテルエアポート小松をお探し。ご案内した。
2025/10/16,窓口,2.アジア,10時台,観光,家族連れ,男女,60代以上,交通,,バス,イオンモール,,,,,,,,イオンモール行きのバスをお探し。コミュニティバスをご案内した。
2025/10/16,窓口,1.日本,11時台,市民利用,個人,女性,60代以上,イベント,,,,,,,,,市民茶会,,市民茶会の前売り券をお探し。大和ギフトショップをご案内した。
2025/10/17,窓口,1.日本,13時台,観光,個人,女性,60代以上,交通,,タクシー,鳥越一向一揆歴史館,,,,,,,,一向一揆歴史館への行き方をご案内した。タクシーをご希望だったのでタクシー乗り場をご案内した。
2025/10/17,電話,1.日本,12時台,観光,個人,女性,60代以上,物産,,,,,,,酒,,,,農口尚彦研究所のお酒をお探し。ご用意しているお酒の数などを案内した。居酒屋新幹線をご覧になったそうで、登場したおつまみについても質問され取り扱い商品をご案内した。
2025/10/19,窓口,1.日本,08時台,観光,個人,女性,40代から50代,周辺店舗、飲食店,,,,寿司,,,,,,,モーニングで魚を食べられるところをお探し。駅周辺では案内が難しいこと、ランチで寿司が食べられる所を案内した。昼には飛行機で発たれるとのことで自転車で午前に観光できるところを聞かれて、安宅住吉神社や勧進帳ものがたり館をご案内した。
2025/10/19,窓口,2.アジア,08時台,観光,個人,女性,40代から50代,交通,,バス,イオンモール新小松,,,,,,,,イオンモール行きのバスをお探し。コミュニティバスをご案内しt。
2025/10/19,窓口,1.日本,10時台,観光,個人,男性,40代から50代,イベント,,,,,,,,,茶碗まつり,,九谷陶芸村までのアクセスの問い合わせで、電車とバスの乗り継ぎをご案内した。施設までの距離を見てシェアサイクルを希望されたので、一日券を販売した。
2025/10/19,窓口,1.日本,11時台,観光,個人,女性,40代から50代,観光案内,,,,,大聖寺,お渡しなし,,,,,大聖寺駅周辺を観光するとのことで、大聖寺駅に荷物預かりはあるのかとの問い合わせ。大聖寺駅前の観光案内所に連絡すると、事前予約が必要だが今から受付してくれるとのことだった。お客様にもそのように案内した。
2025/10/19,窓口,1.日本,13時台,観光,個人,女性,20代から30代,交通,,バス,安宅住吉神社、勧進帳ものがたり館,,,,,,,,安宅までのバスの時間をご案内した。
2025/10/19,窓口,1.日本,13時台,市民利用,個人,男性,40代から50代,Komatsu九館内,お手洗い,,,,,,,,,,
2025/10/19,窓口,1.日本,12時台,観光,個人,女性,40代から50代,物産,,,,,,,取扱いのないもの（金沢土産、栗蒸し羊羹等）,,,,
2025/10/19,窓口,1.日本,11時台,市民利用,個人,男性,40代から50代,Komatsu九館内,喫煙所,,,,,,,,,,
2025/10/20,窓口,3.欧米,10時台,観光,2〜5人,女性,60代以上,新高岡駅から白川郷のバスチケットの時間変更,チケット変更の案内,,,,,,,,,,新高岡駅から白川郷のチケット変更。連絡先の電話番号ご案内しました。
2025/10/20,電話,1.日本,14時台,市民利用,個人,女性,60代以上,周辺店舗、飲食店,,,,カフェ,,,,,,,ＡＴＡＫＡカフェの営業時間についてのお問い合わせ。
2025/10/21,窓口,1.日本,14時台,観光,2〜5人,男女,60代以上,Komatsu九館内,休憩所,,,,,,,,,,寒いので中で休憩する所のお問い合わせ　820を案内しました　　(大音)
2025/10/21,電話,1.日本,15時台,観光,個人,男性,60代以上,観光案内,,,,,小松城,お渡しなし,,,,,小松城にバスで行きたいとお問い合わせ　事務局の電話番号を案内しました　　(大音)
2025/10/21,窓口,1.日本,14時台,観光,2〜5人,男女,60代以上,周辺店舗、飲食店,,,,大阪屋,,,,,,,徒歩で観光されて福井県に向かう男女　大阪に行きたいとお問い合わせ　案内しました　(大音)
2025/10/21,窓口,1.日本,14時台,観光,個人,女性,40代から50代,物産,,,,,,,お菓子,,,,ティラミス羊羹　栗蒸し羊羹のお問い合わせ　案内しました　(大音)
2025/10/21,窓口,1.日本,15時台,ビジネス,個人,男性,40代から50代,物産,,,,,,,食品,,,,加賀棒茶のお問い合わせ　長保屋　鴻渡園を案内しました(大音)
2025/10/22,窓口,2.アジア,09時台,観光,個人,男性,40代から50代,観光案内,,,,,那谷寺,お渡しなし,,,,,
2025/10/22,窓口,1.日本,10時台,ビジネス,個人,男性,40代から50代,物産,,,,,,,取扱いのないもの（金沢土産、栗蒸し羊羹等）,,,,
2025/10/22,窓口,1.日本,08時台,ビジネス,個人,男性,40代から50代,Komatsu九館内,お手洗い,,,,,,,,,,
2025/10/22,窓口,2.アジア,18時台,観光,個人,女性,40代から50代,観光案内,,,,,那谷寺,那谷寺,,,,,那谷寺に行く方法のお問い合わせ　タブレットで会話し小松駅からバスで加賀温泉駅から行く方法をお伝えしました　(大音)
2025/10/23,窓口,1.日本,09時台,市民利用,個人,女性,40代から50代,交通,,バス,イオンモール,,,,,,,,イオン行きのコミュニティバスをご案内した。
2025/10/23,窓口,3.欧米,10時台,観光,家族連れ,男性,40代から50代,観光案内,,,,,滝ヶ原,個別のパンフレット,,,,,滝ヶ原の石切り場を見学したいとのこと。里山自然学校のガイドが必要なため里山自然学校の連絡先をご案内した。また、那谷寺の夜散歩、苔の里にも行きたいとのことだったのでアクセスをご案内した。
2025/10/23,窓口,1.日本,14時台,観光,個人,男性,60代以上,観光案内,,,,,"那谷寺, こまつの杜",個別のパンフレット,,,,,
2025/10/24,窓口,1.日本,13時台,市民利用,個人,女性,40代から50代,交通,,バス,イオンモール,,,,,,,,コミュニティバスをご案内した。
2025/10/24,窓口,3.欧米,13時台,観光,個人,男性,20代から30代,交通,,バス,イオンモール,,,,,,,,イオンモール行きのバスをお探し。コミュニティバスをご案内した。
2025/10/24,窓口,3.欧米,09時台,観光,家族連れ,男女,40代から50代,観光案内,,,,,ゆのくにの森,個別のパンフレット,,,,,昨日もいらした外国のお客様が再度来店し、ゆのくにの森や苔の里へのアクセスをご案内した。タクシーとバスの利用をおすすめした。
2025/10/25,窓口,3.欧米,10時台,観光,個人,女性,60代以上,交通,,タクシー,粟津温泉、ホテル法師について,,,,,,,,
2025/10/25,窓口,1.日本,12時台,観光,2〜5人,男女,40代から50代,観光案内,,,,,新幹線を見る事ができる施設のお問い合わせ,お渡しなし,,,,,
2025/10/25,窓口,1.日本,15時台,市民利用,個人,男性,60代以上,交通,,自家用車,白山スーパー林道,,,,,,,,
2025/10/25,窓口,1.日本,16時台,観光,個人,女性,40代から50代,交通,,バス,小松空港,,,,,,,,
2025/10/25,窓口,1.日本,16時台,観光,個人,女性,40代から50代,Komatsu九館内,お手洗い,,,,,,,,,,
2025/10/26,窓口,1.日本,12時台,市民利用,個人,男性,40代から50代,交通,,バス,アルプラザ小松,,,,,,,,
2025/10/26,窓口,1.日本,10時台,市民利用,個人,男性,40代から50代,Komatsu九館内,喫煙所,,,,,,,,,,
2025/10/26,窓口,1.日本,10時台,観光,個人,女性,40代から50代,物産,,,,,,,取扱いのないもの（金沢土産、栗蒸し羊羹等）,,,,
2025/10/27,窓口,2.アジア,09時台,観光,個人,男性,60代以上,交通,,バス,ゆのくにの森,,,,,,,,ゆにくにの森行きのバスをお探し。粟津線をご案内した。
2025/10/27,窓口,1.日本,13時台,観光,個人,女性,60代以上,宿泊,,,,,,,,粟津温泉,,,粟津温泉付近で宿を取りたいとのこと。粟津グランドをご紹介した。那谷寺に向かうとのことで、バスと合わせて案内した。
2025/10/28,窓口,1.日本,09時台,市民利用,個人,女性,60代以上,交通,,バス,岩淵町行きのバス時刻の質問,,,,,,,,
2025/10/29,窓口,1.日本,10時台,市民利用,個人,男性,60代以上,Komatsu九館内,お手洗い,,,,,,,,,,
2025/10/29,窓口,1.日本,10時台,市民利用,個人,男性,40代から50代,Komatsu九館内,喫煙所,,,,,,,,,,
2025/10/31,窓口,1.日本,09時台,観光,個人,男性,40代から50代,観光案内,,,,,尾小屋,"見て歩きマップ, お渡しなし",,,,,
2025/10/31,窓口,2.アジア,09時台,観光,個人,男性,40代から50代,観光案内,,,,,那谷寺,お渡しなし,,,,,
2025/10/31,窓口,1.日本,18時台,市民利用,個人,女性,60代以上,Komatsu九館内,お手洗い,,,,,,,,,,
2025/10/31,窓口,1.日本,16時台,観光,個人,男性,60代以上,Komatsu九館内,カブーレ,,,,,,,,,,
2025/10/31,窓口,1.日本,14時台,観光,個人,女性,40代から50代,Komatsu九館内,喫煙所,,,,,,,,,,
2025/11/01,窓口,1.日本,13時台,市民利用,個人,男性,40代から50代,Komatsu九館内,お手洗い,,,,,,,,,,
2025/11/01,窓口,1.日本,19時以降,観光,個人,男性,60代以上,観光案内,,,,,苔の里,お渡しなし,,,,,苔の里に行く方法のお問い合わせ　苔の里の電話番号をお伝えし粟津駅からタクシーの案内をしました　パンフレットの在庫なし　(大音)
2025/11/02,窓口,1.日本,12時台,観光,個人,男性,20代から30代,Komatsu九館内,お手洗い,,,,,,,,,,
2025/11/02,窓口,1.日本,11時台,観光,個人,男性,20代から30代,交通,,バス,小松空港,,,,,,,,
2025/11/02,窓口,2.アジア,12時台,観光,2〜5人,男性,40代から50代,観光案内,,,,,苔の里,じゃらん,,,,,
2025/11/02,窓口,1.日本,12時台,市民利用,個人,女性,40代から50代,交通,,バス,イオンモール新小松,,,,,,,,
2025/11/02,窓口,1.日本,14時台,市民利用,個人,女性,40代から50代,交通,,タクシー,小松空港,,,,,,,,
2025/11/02,窓口,1.日本,17時台,市民利用,個人,女性,60代以上,小松駅周辺地図,小松駅周辺地図,,,,,,,,,,
2025/11/04,窓口,1.日本,12時台,観光,個人,男性,60代以上,交通,,鉄道,日本自動車博物館,,,,,,,,自動車博物館へ行くために粟津駅までの電車時刻を知りたい。往復の時刻をお伝えしました。(林)
2025/11/05,電話,1.日本,08時台,観光,個人,男性,60代以上,周辺店舗、飲食店,,,,目薬,,,,,,,目薬を購入したいとお問い合わせ　9時開店のアオキを案内しました　(大音)
2025/11/05,窓口,1.日本,09時台,観光,個人,男女,60代以上,Komatsu九館内,新幹線乗り場,,,,,,,,,,新幹線乗り場はどこかのお問い合わせ　案内しました　(大音)
2025/11/05,窓口,1.日本,10時台,観光,個人,女性,40代から50代,Komatsu九館内,フリWi-Fi,,,,,,,,,,フリWi-Fiのお問い合わせ　案内しました　(大音)
2025/11/05,窓口,1.日本,11時台,観光,個人,女性,40代から50代,交通,,バス,金沢,,,,,,,,金沢にバスで行く方法のお問い合わせ　バスを乗り換えすることをお伝えし電車のご利用をお勧めしました、電車の時刻に関しては駅員に問い合わせしてほしい案内しました　(大音)
2025/11/05,窓口,1.日本,12時台,観光,個人,男性,60代以上,交通,,飛行機,小松空港,,,,,,,,
2025/11/05,窓口,1.日本,12時台,観光,2〜5人,男女,60代以上,観光案内,,,,,芦城公園と天満宮,個別のパンフレット,,,,,
2025/11/06,窓口,1.日本,08時台,観光,2〜5人,男女,20代から30代,交通,,タクシー,小松空港,,,,,,,,人が多く、空港いきのバスに乗れなかったのでタクシー乗り場のお問い合わせ　案内しました(大音)
2025/11/06,電話,1.日本,10時台,観光,個人,女性,40代から50代,観光案内,,,,,安宅住吉神社、安宅の関,お渡しなし,,,,,飛行機で来県で安宅住吉神社と禹橋神社に行きグランビナホテルに宿泊、その際の交通周辺のお問い合わせ　お伝えしました(大音)
2025/11/06,窓口,3.欧米,11時台,観光,個人,男性,20代から30代,交通,,バス,ハニベ巌窟院,,,,,,,,ハニべにバスで行く方法のお問い合わせ　お伝えしました(大音)
2025/11/06,窓口,1.日本,12時台,市民利用,2〜5人,女性,60代以上,交通,,バス,市民病院へのバス乗り場,,,,,,,,
2025/11/06,窓口,1.日本,13時台,観光,2〜5人,男性,60代以上,宿泊,,,,,,,,松屋旅館,,,宿泊のお問い合わせ　中々空室がなく松屋旅館に決まりました(大音)
2025/11/06,窓口,1.日本,13時台,市民利用,個人,女性,40代から50代,交通,,バス,イオンモール新小松,,,,,,,,
2025/11/07,窓口,3.欧米,10時台,観光,2〜5人,男女,40代から50代,交通,,バス,那谷寺,,,,,,,,
2025/11/07,窓口,1.日本,13時台,観光,個人,男性,60代以上,周辺店舗、飲食店,,,,ランチ,,,,,,,ランチできるお店をお探し。ぐるめぐりを渡してご案内した。
2025/11/07,窓口,1.日本,13時台,観光,個人,男性,20代から30代,Komatsu九館内,ギャラリーエリア,,,,,,,,,,日本遺産の御朱印をお探し。ギャラリーご案内した。
2025/11/08,窓口,1.日本,11時台,観光,個人,男性,60代以上,交通,,バス,松井秀喜ミュージアム,,,,,,,,松井秀喜ミュージアムまでのアクセスをご案内した。
2025/11/08,窓口,1.日本,13時台,市民利用,個人,女性,60代以上,Komatsu九館内,お手洗い,,,,,,,,,,
2025/11/08,窓口,3.欧米,11時台,観光,個人,男性,40代から50代,交通,,バス,那谷寺,,,,,,,,那谷寺までのバスをご案内した。
2025/11/09,窓口,1.日本,10時台,観光,個人,女性,40代から50代,観光案内,,,,,安宅住吉神社、安宅の関,お渡しなし,,,,,
2025/11/09,窓口,1.日本,10時台,市民利用,個人,男性,60代以上,交通,,バス,誓願寺,,,,,,,,誓願寺までのバス。オレンジこまちをご案内しました（田中）
2025/11/10,窓口,1.日本,08時台,観光,個人,女性,60代以上,御宮町の方向のお問い合わせ　お伝えしました　(大音),御宮町,,,,,,,,,,御宮町の方向のお問い合わせ　案内しました　(大音)
2025/11/10,窓口,1.日本,11時台,観光,個人,女性,40代から50代,観光案内,,,,,那谷寺,"見て歩きマップ, 個別のパンフレット",,,,,
2025/11/10,窓口,1.日本,11時台,観光,個人,男性,20代から30代,観光案内,,,,,那谷寺,"見て歩きマップ, 個別のパンフレット",,,,,
2025/11/10,窓口,1.日本,14時台,観光,個人,男性,60代以上,観光案内,,,,,みよっさ,見て歩きマップ,,,,,
2025/11/11,窓口,1.日本,08時台,観光,個人,女性,60代以上,観光案内,,,,,"安宅住吉神社、安宅の関, 多田神社",見て歩きマップ,,,,,多田神社と安宅の関の場所とバスのお問い合わせ　お伝えしました(大音)
2025/11/11,窓口,1.日本,08時台,市民利用,個人,男性,40代から50代,交通,,バス,安宅住吉神社、勧進帳ものがたり館,,,,,,,,多田神社と安宅の関のお問い合わせ　多田神社は徒歩で安宅の関はバス時刻を案内しました(大音)
2025/11/11,窓口,3.欧米,08時台,観光,2〜5人,男性,20代から30代,交通,,バス,小松空港,,,,,,,,バス時刻と料金のお問い合わせ　　タブレットで対応しました（大音）
2025/11/11,窓口,3.欧米,10時台,観光,2〜5人,男性,20代から30代,観光案内,,,,,日本自動車博物館,個別のパンフレット,,,,,自動車博物館に行きたい近くまで行くバスがないため、加賀温泉からのキャンバスを案内しました(大音)
2025/11/11,窓口,1.日本,12時台,観光,個人,男性,60代以上,観光案内,,,,,那谷寺,個別のパンフレット,,,,,
2025/11/11,窓口,1.日本,13時台,観光,個人,女性,60代以上,観光案内,,,,,鳥越城　一向一揆博物館,お渡しなし,,,,,鳥越城　一向一揆博物館に行く方法のお問い合わせ　バス時刻を案内、またルートインホテルへのバスの案内をしました(大音)
2025/11/12,窓口,1.日本,12時台,観光,個人,男性,60代以上,観光案内,,,,,安宅住吉神社、安宅の関,個別のパンフレット,,,,,夕方まで時間があるので、それまでに観光出来る所のお問い合わせ　10分後にバスがあったので安宅の関を案内しました(大音)
2025/11/12,窓口,1.日本,12時台,観光,2〜5人,男女,60代以上,Komatsu九館内,お手洗い,,,,,,,,,,お手洗いのお問い合わせ　(大音)
2025/11/12,窓口,1.日本,13時台,市民利用,2〜5人,女性,学生,交通,,バス,自宅,,,,,,,,今日は保護者の迎えがないためバスで帰宅するためにバスの時刻のお問い合わせ　案内しました(大音)
2025/11/12,窓口,1.日本,15時台,観光,個人,男性,60代以上,観光案内,,,,,お寺,お渡しなし,,,,,加賀の國お寺巡りでバスのお問い合わせ　国府台行きのバスをご案内しました　お寺巡りと芭蕉のパンフレットのお渡し（林)
2025/11/12,窓口,1.日本,13時台,観光,2〜5人,男女,60代以上,周辺店舗、飲食店,,,,長保屋など,,,,,,,毎日新聞を持って、長保屋、みよっさ、錦窯を案内しました　(林)
2025/11/13,窓口,1.日本,18時台,ビジネス,個人,男性,40代から50代,証明写真を撮れる所,証明写真,,,,,,,,,,証明写真を撮れる所のお問い合わせ　沖町のファミマ、明文堂を案内しました(大音)
2025/11/13,電話,1.日本,14時台,観光,個人,男性,60代以上,交通,,バス,那谷寺,,,,,,,,加賀温泉駅から那谷寺に行くキャンバス時刻のお問い合わせ　お伝えしました(大音)
2025/11/15,窓口,1.日本,13時台,観光,個人,男性,40代から50代,交通,,バス,安宅住吉神社、勧進帳ものがたり館,,,,,,,,安宅までのバスをご案内した。帰りはバスが少ないためタクシーもごあんないした。
2025/11/16,窓口,1.日本,09時台,観光,個人,女性,60代以上,観光案内,,,,,千里浜,道の駅マップ,,,,,千里浜ドライブウェイ近くの道の駅をお探し。道の駅マップをお渡ししてご案内した。
2025/11/16,窓口,1.日本,10時台,観光,2〜5人,女性,60代以上,交通,,バス,市民センター,,,,,,,,市民センター行きのバスをお探し。コミュニティバスをご案内した。
2025/11/16,窓口,1.日本,13時台,観光,2〜5人,女性,40代から50代,物産,,,,,,,食品,,,,去年、栗入りの頭脳パンを召し上がったそうで、それをお探しでした。あずまや駅前店に連絡し取り扱いがあったので、お店をご案内しました。
2025/11/18,電話,1.日本,10時台,観光,個人,男性,60代以上,宿泊,,,,,,,,ハイパーホテル,,,ハイパーホテルは営業しているかのお問い合わせ　電話番号をお伝えしました(大音)
2025/11/18,窓口,3.欧米,10時台,観光,2〜5人,男女,40代から50代,交通,,鉄道,福井県,,,,,,,,福井県に行く新幹線の切符売り場のお問い合わせ　案内しました(大音)
2025/11/18,窓口,1.日本,14時台,ビジネス,2〜5人,男性,60代以上,周辺店舗、飲食店,,,,小松うどん、塩焼きそば,,,,,,,駅の中で食事を出来る所のお問い合わせ　つるっとを案内しました(大音)
2025/11/18,電話,1.日本,15時台,観光,個人,女性,60代以上,交通,,タクシー,不明,,,,,,,,小松駅からのタクシーは朝6時から乗れるか、予約出来るか、お問い合わせ　全タクシー会社の電話番号をお伝えしました　(大音)
2025/11/18,窓口,1.日本,15時台,観光,2〜5人,男性,60代以上,周辺店舗、飲食店,,,,小松うどん、塩焼きそば,,,,,,,先程、つるっとに案内した方々が美味しいかったと言いに来店されました　(大音)
2025/11/19,窓口,2.アジア,09時台,観光,個人,女性,20代から30代,交通,,バス,那谷寺,,,,,,,,北鉄バスの時間をお伝えした。
2025/11/19,窓口,1.日本,11時台,観光,個人,男性,60代以上,Komatsu九館内,無料休憩所,,,,,,,,,,
2025/11/19,窓口,1.日本,16時台,観光,2〜5人,女性,60代以上,観光案内,,,,,金沢,お渡しなし,,,,,"昨日観光案内所に来られた千葉県からの女性　３名が今日、金沢に行き兼六園、図書館、
　　近江町市場に行きバスは1日フリーパスで800円だったと教えていただきお土産を購入されました(大音)"
2025/11/19,窓口,1.日本,18時台,ビジネス,個人,男性,40代から50代,お酒,お酒,,,,,,,,,,お酒の一升瓶を購入したいとお問い合わせ　近くの　みなみ酒店を調べたが閉店していること伝えました　(大音)
2025/11/19,電話,1.日本,15時台,観光,個人,男性,60代以上,観光案内,,,,,鳥越城,お渡しなし,,,,,電話にて富山県から高齢者だと言い鳥越城に行くが観光でどれくらいの距離を歩くのかお問い合わせ　施設の電話番号をお伝えしました　(大音)
2025/11/20,窓口,2.アジア,10時台,観光,個人,女性,20代から30代,交通,,バス,イオンモール,,,,,,,,イオン行きのバスをお探し。コミュニティバスをご案内した。
2025/11/20,窓口,1.日本,13時台,観光,個人,女性,60代以上,観光案内,,,,,御朱印,見て歩きマップ,,,,,御朱印がもらえる所をお探し。観光ナビをご案内した。
2025/11/21,窓口,1.日本,10時台,市民利用,個人,女性,60代以上,Komatsu九館内,お手洗い,,,,,,,,,,
2025/11/21,窓口,2.アジア,09時台,観光,個人,女性,20代から30代,交通,,バス,那谷寺,,,,,,,,那谷寺行きのバスをお探し。バス停をご案内した。
2025/11/21,窓口,1.日本,09時台,市民利用,個人,女性,60代以上,交通,,バス,高速バス乗り場,,,,,,,,高速バスに乗るために近くまで行くバスをお探し。安宅出町での下車をご案内した。
2025/11/21,窓口,1.日本,14時台,市民利用,個人,男性,60代以上,交通,,高速バス,東京,,,,,,,,高速バスの取り方を教えてほしいとのこと。ご案内した。
2025/11/22,窓口,2.アジア,08時台,観光,個人,男性,20代から30代,交通,,シェアサイクル,赤瀬町,,,,,,,,シェアサイクルで紅葉を見て回るとのこと。ポートなどをご案内した。
2025/11/22,窓口,1.日本,08時台,市民利用,2〜5人,男女,20代から30代,Komatsu九館内,お手洗い,,,,,,,,,,
2025/11/22,窓口,1.日本,11時台,観光,個人,女性,60代以上,周辺店舗、飲食店,,,,小松うどん、塩焼きそば,,,,,,,塩焼きそばのお店をお探し。かっちゃんをご案内した。
2025/11/22,窓口,1.日本,14時台,観光,個人,男性,60代以上,タクシー会社へのクレーム,タクシー会社へのクレーム,,,,,,,,,,タクシー会社へのクレーム。（福井からお越しの年配の男性で小松駅から那覇に行く予定の方。）11/20に東口タクシー乗り場に停止中のタクシーの運転手に「小松空港行きのバスはあるか」と尋ねたところ、「利用者が少ないのでバスは廃止になった」と言われタクシーで空港まで行った。その後バスが運行している事に気がつく。タクシー会社にクレームを入れたいがどこのタクシー会社か不明だが大変嫌な思いをしたので伝えたかったとのことで観光カウンターまで言いに来られた。（田中）
2025/11/23,窓口,1.日本,08時台,市民利用,個人,男性,40代から50代,御周印について,ギャラリーエリア,,,,,,,,,,御周印を押せる所をきかれご案内した（南）
2025/11/23,窓口,1.日本,11時台,市民利用,個人,女性,40代から50代,交通,,イオンモール新小松,イオンモール新小松,,,,,,,,
2025/11/23,窓口,1.日本,10時台,ビジネス,個人,男性,40代から50代,観光案内,,,,,"みよっさ, 勧進帳ものがたり館, 安宅住吉神社、安宅の関, 那谷寺","じゃらん, 見て歩きマップ, 個別のパンフレット",,,,,
2025/11/23,窓口,1.日本,15時台,観光,個人,女性,40代から50代,物産,,,,,,,食品,,,,お弁当
2025/11/23,窓口,1.日本,18時台,市民利用,個人,女性,60代以上,交通,,バス,イオンモール新小松,,,,,,,,
2025/11/24,電話,1.日本,09時台,市民利用,個人,男性,60代以上,物産,,,,,,,取扱いのないもの（金沢土産、栗蒸し羊羹等）,,,,娘娘饅頭はあるかとの問い合わせ。ないことをお伝えした。
2025/11/24,電話,1.日本,09時台,観光,個人,男性,60代以上,観光案内,,,,,こまつの杜,お渡しなし,,,,,こまつの杜は営業しているのかとの問い合わせ。祝日だが休みとお伝えした。
2025/11/24,窓口,2.アジア,09時台,観光,個人,男性,40代から50代,交通,,バス,那谷寺,,,,,,,,那谷寺行きのバスをお探し。粟津線をご案内した。
2025/11/24,窓口,1.日本,10時台,観光,個人,男性,60代以上,Komatsu九館内,お手洗い,,,,,,,,,,
2025/11/24,窓口,1.日本,10時台,観光,個人,男性,40代から50代,観光案内,,,,,ハニベ巌窟院,"個別のパンフレット, バス時刻表",,,,,ハニべ巌窟院、那谷寺を回りたいとのこと。2箇所の場所をご案内した。離れているので今日はどちらか1箇所に行ってみると仰っていた。
2025/11/24,窓口,1.日本,10時台,観光,個人,男性,60代以上,交通,,バス,日本自動車博物館,,,,,,,,那谷寺と自動車博物館を回る循環バスをお探し。キャンバスをご案内し、時刻表をお渡しした。
2025/11/24,窓口,1.日本,12時台,観光,個人,男性,60代以上,Komatsu九館内,ギャラリーエリア,,,,,,,,,,日本遺産の御朱印をお探し。ギャラリーをご案内した。
2025/11/24,窓口,1.日本,12時台,観光,個人,男性,40代から50代,交通,,タクシー,小松空港,,,,,,,,朝早くに空港へ向かうためタクシーを呼びたいとのこと。タクシー会社の連絡先をお渡しした。
2025/11/24,窓口,1.日本,14時台,観光,2〜5人,男女,60代以上,交通,,バス,安宅住吉神社、勧進帳ものがたり館,,,,,,,,安宅住吉神社までのアクセスをご案内しました。
2025/11/25,窓口,2.アジア,11時台,観光,2〜5人,男女,40代から50代,観光案内,,,,,那谷寺,お渡しなし,,,,,那谷寺に行くバスのお問い合わせ　時刻表をお渡ししました　(大音)
2025/11/25,窓口,1.日本,11時台,観光,2〜5人,女性,60代以上,周辺店舗、飲食店,,,,小松うどん、塩焼きそば,,,,,,,温かい物を食べたいとお問い合わせ　つるっと勝ちゃんを案内しました(大音)
2025/11/25,窓口,1.日本,10時台,観光,2〜5人,男女,60代以上,交通,,バス,那谷寺,,,,,,,,
2025/11/25,窓口,1.日本,10時台,観光,個人,男性,40代から50代,Komatsu九館内,お手洗い,,,,,,,,,,
2025/11/25,窓口,1.日本,11時台,観光,2〜5人,男女,40代から50代,周辺店舗、飲食店,,,,ランチ,,,,,,,
2025/11/26,窓口,1.日本,08時台,観光,個人,女性,40代から50代,交通,,バス,アルプラザ,,,,,,,,アルプラザ行きのバスをお探し。循環バスと国府線をご案内した。
2025/11/26,窓口,1.日本,10時台,観光,個人,女性,60代以上,物産,,,,,,,取扱いのないもの（金沢土産、栗蒸し羊羹等）,,,,
2025/11/26,窓口,3.欧米,11時台,観光,個人,男性,40代から50代,Komatsu九館内,お手洗い,,,,,,,,,,
2025/11/26,窓口,1.日本,10時台,観光,個人,女性,60代以上,観光案内,,,,,みよっさ,見て歩きマップ,,,,,駅周辺を観光するとのこと。みよっさや錦窯をご紹介した。
2025/11/26,窓口,1.日本,12時台,観光,個人,女性,60代以上,交通,,自動車,那谷寺,,,,,,,,那谷寺までの車でのアクセスを知りたいとのこと。マップを渡してご案内した。
2025/11/26,窓口,1.日本,12時台,観光,個人,男性,60代以上,交通,,バス,小松空港,,,,,,,,空港行きの時刻表をお渡ししてご案内した。
2025/11/26,窓口,1.日本,12時台,市民利用,家族連れ,男女,20代から30代,Komatsu九館内,お手洗い,,,,,,,,,,
2025/11/26,電話,1.日本,16時台,観光,個人,男性,40代から50代,Komatsu九館内,コインロッカー,,,,,,,,,,コインロッカーの設置場所についてお問合せ（田中）
2025/11/27,窓口,1.日本,08時台,観光,個人,女性,60代以上,観光案内,,,,,鳥越城址,お渡しなし,,,,,鳥越じょうし
2025/11/27,窓口,2.アジア,11時台,観光,個人,女性,40代から50代,観光案内,,,,,那谷寺,お渡しなし,,,,,那谷寺に行く方法　キャンバス　タクシー　バスを案内しました　(大音)
2025/11/27,窓口,1.日本,13時台,市民利用,個人,女性,40代から50代,Komatsu九館内,パン屋,,,,,,,,,,
2025/11/27,窓口,1.日本,11時台,観光,2〜5人,女性,60代以上,観光案内,,,,,"みよっさ, 勧進帳ものがたり館",見て歩きマップ,,,,,駅周辺で半日ほど観光をしたいとのこと。みよっさや錦窯をご案内した。
2025/11/27,窓口,2.アジア,13時台,観光,個人,女性,60代以上,宿泊,,,,,,,,粟津温泉,,,海外のお客様で法師に宿泊予定のお客様がシャトルバスのキャンセルの連絡をしてほしいといらっしゃった。代理で電話しました。
2025/11/27,窓口,2.アジア,15時台,観光,2〜5人,女性,20代から30代,交通,,バス,関西,,,,,,,,関西行きの高速バスのチケットを購入出来る所、乗り場のお問い合わせ　案内しました　(大音)
2025/11/27,電話,1.日本,17時台,観光,個人,女性,40代から50代,落とし物,落とし物,,,,,,,,,,落とし物のお問い合わせ　賑わいの電話番号をお伝えしました　(大音)
2025/11/27,窓口,3.欧米,19時以降,観光,個人,女性,20代から30代,駅のスタンプ,駅のスタンプ,,,,,,,,,,駅のスタンプのお問い合わせ　みどりの窓口を案内しました　(大音)
2025/11/28,窓口,2.アジア,08時台,観光,家族連れ,男女,60代以上,交通,,鉄道,IR改札,,,,,,,,IRの乗り場をお探し。ご案内した。
2025/11/28,窓口,1.日本,10時台,観光,家族連れ,女性,20代から30代,交通,,バス,小松空港,,,,,,,,空港行きのバスをお探し。時間と乗り場をご案内した。
2025/11/28,電話,1.日本,13時台,観光,個人,男性,40代から50代,観光案内,,,,,安宅住吉神社、安宅の関,お渡しなし,,,,,安宅住吉神社の周辺について問い合わせがあった。
2025/11/29,窓口,1.日本,08時台,観光,2〜5人,男女,40代から50代,観光案内,,,,,那谷寺,お渡しなし,,,,,バスのお問い合わせ　お伝えしました　(大音)
2025/11/29,窓口,2.アジア,11時台,観光,2〜5人,女性,学生,交通,,バス,イオンモール,,,,,,,,イオンモールに行くバス時刻のお問い合わせ　時刻表と乗り場を案内しました(大音)
2025/11/29,窓口,1.日本,14時台,市民利用,個人,女性,40代から50代,Komatsu九館内,お手洗い,,,,,,,,,,
2025/11/29,窓口,1.日本,18時台,市民利用,個人,女性,40代から50代,Komatsu九館内,お手洗い,,,,,,,,,,
2025/11/30,窓口,1.日本,09時台,観光,個人,男女,60代以上,Komatsu九館内,お手洗い,,,,,,,,,,
2025/11/30,窓口,1.日本,12時台,観光,2〜5人,女性,60代以上,物産,,,,,,,お菓子,,,,10年ほど前に日経新聞に載っていたお菓子のお問い合わせ　調べたがわかりませんでした(大音)
2025/12/01,窓口,1.日本,10時台,観光,個人,女性,40代から50代,交通,,駐車場,那谷寺,,,,,,,,
2025/12/01,窓口,1.日本,10時台,観光,個人,男女,20代から30代,交通,,タクシー,早朝利用,,,,,,,,早朝にタクシーは待機しているのかとのお問い合わせ。予約することをおすすめした。
2025/12/01,窓口,1.日本,11時台,市民利用,個人,女性,60代以上,Komatsu九館内,お手洗い,,,,,,,,,,
2025/12/01,窓口,1.日本,10時台,観光,個人,女性,60代以上,交通,,飛行機,小松空港,,,,,,,,
2025/12/01,窓口,1.日本,11時台,市民利用,個人,女性,40代から50代,Komatsu九館内,お手洗い,,,,,,,,,,
2025/12/01,窓口,1.日本,10時台,観光,個人,女性,60代以上,物産,,,,,,,お菓子,,,,
2025/12/01,電話,1.日本,13時台,市民利用,個人,女性,40代から50代,物産,,,,,,,食品,,,,生麩をお探し。取り扱いがないことをお伝え。
2025/12/01,窓口,1.日本,13時台,観光,個人,男性,60代以上,落とし物,落とし物,,,,,,,,,,スマホをお探し。ナインに確認したが届いていなかった。
2025/12/02,窓口,1.日本,10時台,観光,個人,男性,60代以上,交通,,バス,日本自動車博物館,,,,,,,,自動車博物館へのバスをお探し。徒歩が長くても大丈夫とのことだったので粟津線をご案内した。
2025/12/02,窓口,2.アジア,10時台,観光,個人,男性,40代から50代,交通,,バス,荒俣峡,,,,,,,,荒俣峡へのアクセスを聞かれて、バスで向かうのは難しいことをお伝えした。
2025/12/02,窓口,1.日本,12時台,ビジネス,個人,女性,20代から30代,交通,,鉄道,みどりの窓口,,,,,,,,みどりの窓口がしまっているがいつ開くのかとの問い合わせ。お昼はいつもしまっているので窓口の扉のお知らせを見ていただくようお願いした。
2025/12/02,窓口,1.日本,13時台,観光,個人,女性,20代から30代,観光案内,,,,,こまつの杜,お渡しなし,,,,,こまつの杜をお探し。ご案内した。
2025/12/02,窓口,1.日本,15時台,観光,個人,女性,40代から50代,交通,,バス,安宅住吉神社、勧進帳ものがたり館,,,,,,,,安宅線をご案内した。
2025/12/02,窓口,1.日本,15時台,ビジネス,個人,男性,40代から50代,Komatsu九館内,お手洗い,,,,,,,,,,
2025/12/03,窓口,1.日本,09時台,市民利用,個人,男性,40代から50代,その他,,,,,,,,,,その他,年末年始の営業時間についてお問い合わせ。通常より短くなることをご案内した。
2025/12/03,窓口,2.アジア,10時台,観光,個人,女性,20代から30代,交通,,バス,イオンモール,,,,,,,,イオンモール行きのバスをお探し。時刻表をお渡しした。
2025/12/03,窓口,1.日本,11時台,観光,個人,男性,60代以上,交通,,バス,安宅住吉神社、勧進帳ものがたり館,,,,,,,,安宅の関から空港へ向かうバスを知りたいとのこと。徒歩とバスを合わせてご案内した。
2025/12/03,窓口,1.日本,12時台,観光,個人,男性,60代以上,交通,,バス,那谷寺,,,,,,,,那谷寺行きのバスをご案内した。
2025/12/03,窓口,1.日本,12時台,市民利用,個人,女性,60代以上,交通,,バス,イオンモール,,,,,,,,イオン行きのバスをお探し。時刻表をおわたしした。
2025/12/03,窓口,1.日本,14時台,観光,個人,男性,60代以上,交通,,タクシー,松井秀喜ミュージアム,,,,,,,,松井秀喜ミュージアムまでのアクセスの問い合わせ。直接行けるバスがないことをお伝えするとタクシーで向かわれた。
2025/12/03,窓口,1.日本,13時台,観光,2〜5人,男女,40代から50代,観光案内,,,,,"那谷寺, 行松","見て歩きマップ, 個別のパンフレット",,,,,
2025/12/03,窓口,3.欧米,17時台,観光,個人,女性,20代から30代,交通,,バス,小松空港,,,,,,,,バス時刻のお問い合わせ　お伝えしました　(大音)
2025/12/03,窓口,1.日本,18時台,観光,個人,女性,40代から50代,宿泊,,,,,,,,小松駅周辺,,,飛行機が飛ばないかもしれないので携帯を充電できる場所宿泊施設のお問い合わせ　充電出来る場所はユニコーヒ　カブーレ　無料は820をお伝えしホテルは一覧表をお渡しました　(大音)
2025/12/04,窓口,2.アジア,10時台,観光,個人,男性,60代以上,交通,,バス,小松空港,,,,,,,,空港行きのバスをお探し。バス乗り場をご案内した。
2025/12/04,窓口,2.アジア,11時台,観光,2〜5人,女性,20代から30代,交通,,バス,粟津温泉,,,,,,,,粟津温泉に行くバス時刻と乗り場のお問い合わせ　　お伝えしました　(大音)
2025/12/04,窓口,1.日本,11時台,観光,個人,男性,40代から50代,交通,,バス,小松空港,,,,,,,,空港行きのバスの時間を確認と支払い方法のお問い合わせ　お伝えしました　(大音
2025/12/04,窓口,2.アジア,10時台,観光,2〜5人,男女,20代から30代,交通,,バス,ドンキホーテ,,,,,,,,ドンキホーテ行きのバスをお探し。循環バスをご案内した。
2025/12/04,窓口,2.アジア,11時台,観光,個人,女性,20代から30代,交通,,バス,粟津温泉,,,,,,,,辻のやまでのアクセスをお探し。粟津線をご案内した。
2025/12/04,窓口,1.日本,11時台,観光,個人,女性,40代から50代,交通,,バス,小松空港,,,,,,,,空港行きのバスをお探し。案内した。
2025/12/04,窓口,2.アジア,12時台,観光,個人,女性,60代以上,交通,,バス,小松空港,,,,,,,,空港行きのバスをお探し。ご案内した。
2025/12/04,窓口,1.日本,12時台,ビジネス,個人,男性,40代から50代,Komatsu九館内,喫煙所,,,,,,,,,,
2025/12/04,窓口,1.日本,13時台,観光,個人,女性,60代以上,交通,,バス,小松空港,,,,,,,,空港行きのバスをお探し。ご案内した。
2025/12/04,窓口,1.日本,14時台,観光,個人,男女,60代以上,交通,,鉄道,加賀温泉,,,,,,,,加賀温泉までの行き方を鉄道をご案内した。
2025/12/05,窓口,1.日本,12時台,観光,2〜5人,女性,60代以上,交通,,バス,駐車場の場所など問い合わせ,,,,,,,,かのこもちをお探し。取り扱いないことをお伝えした。
2025/12/05,窓口,1.日本,10時台,観光,個人,男性,60代以上,Komatsu九館内,お手洗い,,,,,,,,,,
2025/12/05,窓口,1.日本,11時台,観光,個人,男性,40代から50代,Komatsu九館内,喫煙所,,,,,,,,,,
2025/12/05,窓口,1.日本,15時台,観光,個人,女性,20代から30代,観光案内,,,,,滝ヶ原,お渡しなし,,,,,滝ヶ原の観光ルートや石切り場について詳しい事が知りたいとのお問い合わせ。里山自然学校こまつ滝ヶ原のTEL0761-65-2436をご案内しました（田中）
2025/12/05,窓口,1.日本,17時台,観光,個人,男性,40代から50代,周辺店舗、飲食店,,,,寿司,,,,,,,お寿司を食べる所のお問い合わせ　つばきを案内しました　(大音)
2025/12/06,窓口,1.日本,12時台,観光,個人,女性,40代から50代,交通,,鉄道,もく遊りん,,,,,,,,もく遊りんまでのアクセス。西金沢駅からバスで鶴来に行くルートをご案内。また小松駅周辺の観光地もご案内しました（田中）
2025/12/06,窓口,1.日本,12時台,観光,2〜5人,女性,40代から50代,周辺店舗、飲食店,,,,小松うどん、塩焼きそば,,,,,,,
2025/12/06,窓口,1.日本,12時台,観光,個人,女性,60代以上,交通,,バス,美川町,,,,,,,,
2025/12/06,窓口,1.日本,15時台,市民利用,個人,女性,40代から50代,Komatsu九館内,お手洗い,,,,,,,,,,
2025/12/06,窓口,1.日本,17時台,観光,個人,女性,40代から50代,物産,,,,,,,食品,,,,お醤油をお探し。いしると金澤醤油をご案内しました（田中）
2025/12/06,窓口,1.日本,19時以降,観光,個人,女性,60代以上,観光案内,,,,,小松城,"見て歩きマップ, 利常bookのコピー",,,,,お城を見て歩くのがお好きとの事で、小松城址までのルート案内と利常bookのコピーをお渡ししました（田中）
2025/12/07,窓口,2.アジア,09時台,観光,2〜5人,男性,20代から30代,Komatsu九館内,ロッカー,,,,,,,,,,インバウンド方　ロッカーが開かないとお問い合わせ　サーポトセンターに電車し遠隔操作で解除された　荷物の詰め込みすぎでした　お客様にお伝えしました　(大音)
2025/12/07,窓口,1.日本,12時台,市民利用,個人,女性,40代から50代,Komatsu九館内,喫煙所,,,,,,,,,,
2025/12/07,窓口,1.日本,10時台,観光,個人,男性,60代以上,Komatsu九館内,お手洗い,,,,,,,,,,
2025/12/07,電話,1.日本,15時台,ビジネス,個人,男性,40代から50代,物産,,,,,,,酒,,,,農口のお酒の取り扱い、保冷剤について、お渡し用にどのような袋、箱があるかのお問い合わせ　お伝えしました　(大音)
2025/12/08,窓口,1.日本,09時台,市民利用,個人,男性,60代以上,周辺店舗、飲食店,,,,病院,,,,,,,最寄りの皮膚科をお探し。藤本皮膚科をご案内した。
2025/12/08,窓口,1.日本,10時台,観光,個人,男性,40代から50代,交通,,バス,那谷寺,,,,,,,,那谷寺行きのバスをお探し。時刻表をお渡しした。
2025/12/08,窓口,1.日本,10時台,観光,個人,男性,60代以上,Komatsu九館内,コンビニ,,,,,,,,,,セブンイレブンをご案内した。
2025/12/08,電話,1.日本,13時台,市民利用,個人,男性,60代以上,物産,,,,,,,食品,,,,関所寿司の価格のお問い合わせ。ご案内した。
2025/12/08,窓口,1.日本,13時台,観光,個人,女性,20代から30代,Komatsu九館内,お手洗い,,,,,,,,,,
2025/12/08,窓口,1.日本,13時台,観光,個人,女性,60代以上,Komatsu九館内,お手洗い,,,,,,,,,,
2025/12/08,窓口,1.日本,13時台,観光,個人,女性,40代から50代,Komatsu九館内,お手洗い,,,,,,,,,,
2025/12/08,窓口,3.欧米,17時台,観光,個人,男性,40代から50代,観光案内,,,,,日本自動車博物館,お渡しなし,,,,,インバウンドの方　自動車博物館に行く方法をお問い合わせ　キャンバスを案内しました　(大音)
2025/12/09,窓口,1.日本,12時台,ビジネス,個人,男性,60代以上,物産,,,,,,,食品,,,,駅弁のお問い合わせ　カブーレを案内しました　(大音)
2025/12/10,窓口,1.日本,11時台,市民利用,個人,女性,60代以上,Komatsu九館内,お手洗い,,,,,,,,,,
2025/12/10,窓口,1.日本,11時台,観光,個人,女性,40代から50代,交通,,駐車場,小松駅,,,,,,,,小松駅に観光バスで乗り付ける場合の駐車場をお探し。南口バス停をご案内した。
2025/12/10,窓口,1.日本,10時台,観光,個人,男性,60代以上,観光案内,,,,,スキー場,個別のパンフレット,,,,,来年、スキー場に行く予定とのこと。小松駅からバスがある一里野スキー場をご案内した。
2025/12/10,窓口,1.日本,15時台,観光,個人,男性,60代以上,観光案内,,,,,"那谷寺, 航空プラザ, こまつの杜","じゃらん, 見て歩きマップ",,,,,
2025/12/11,窓口,1.日本,09時台,市民利用,個人,女性,20代から30代,Komatsu九館内,お手洗い,,,,,,,,,,
2025/12/11,窓口,1.日本,11時台,観光,個人,男性,60代以上,観光案内,,,,,"みよっさ, Miyamoto宮本三郎",見て歩きマップ,,,,,
2025/12/11,窓口,1.日本,09時台,観光,2〜5人,男女,60代以上,周辺店舗、飲食店,,,,駅の通りから見える大きな屋根の建物は何か,,,,,,,お寺と伝えました。
2025/12/11,窓口,1.日本,15時台,観光,個人,女性,60代以上,交通,,バス,高速バスの切符にとり方、乗り場行き方,,,,,,,,電話で予約センターに問い合わせして切符の購入方法などわからないことを聞いてください。伝え、タクシー、新幹線も案内しました。（林）
2025/12/11,窓口,1.日本,10時台,観光,2〜5人,男女,60代以上,交通,,バス,那谷寺,,,,,,,,バス案内しました（林）
2025/12/11,電話,1.日本,17時台,ビジネス,個人,女性,40代から50代,物産,,,,,,,食品,,,,酒粕の去年こちらに来た時に買って美味しかった　そろそろあるのではとお問い合わせ　入荷したこと2種類あることをお伝えしました　(大音)
2025/12/12,窓口,1.日本,10時台,観光,個人,男性,20代から30代,観光案内,,,,,"みよっさ, こまつの杜","じゃらん, 個別のパンフレット",,,,,聾者のためアプリを使って対応した。小松の観光スポットで体験が出来るところをお探し。ゆのくにの森やみよっさ、滝ヶ原など幅広くご案内した。
2025/12/12,窓口,1.日本,11時台,ビジネス,個人,男性,40代から50代,Komatsu九館内,喫煙所,,,,,,,,,,
2025/12/12,窓口,2.アジア,12時台,観光,個人,女性,20代から30代,Komatsu九館内,お手洗い,,,,,,,,,,
2025/12/13,窓口,1.日本,10時台,観光,個人,女性,20代から30代,交通,,バス,安宅住吉神社、勧進帳ものがたり館,,,,,,,,安宅の関までのバスをご案内した。
2025/12/13,窓口,2.アジア,09時台,観光,個人,女性,20代から30代,交通,,バス,小松空港,,,,,,,,空港線のバスの支払い方法の問い合わせ。ご案内した。
2025/12/13,窓口,1.日本,10時台,観光,個人,男性,40代から50代,物産,,,,,,,取扱いのないもの（金沢土産、栗蒸し羊羹等）,,,,芝寿司をお探し。取り扱いないことをおつたえした。
2025/12/13,窓口,1.日本,09時台,観光,個人,男性,60代以上,交通,,バス,小松空港,,,,,,,,空港行きバスのチケットの問い合わせ。車内で直接払っていただくようご案内。
2025/12/13,窓口,1.日本,12時台,観光,個人,女性,60代以上,Komatsu九館内,お手洗い,,,,,,,,,,
2025/12/13,窓口,1.日本,12時台,観光,2〜5人,女性,60代以上,周辺店舗、飲食店,,,,コンビニ,,,,,,,
2025/12/13,窓口,1.日本,13時台,市民利用,個人,女性,40代から50代,Komatsu九館内,ギャラリーエリア,,,,,,,,,,
2025/12/13,電話,1.日本,14時台,観光,個人,男性,60代以上,周辺店舗、飲食店,,,,小松うどん、塩焼きそば,,,,,,,小松の名物を聞かれ、塩焼きそばやうどんの店をご案内した。かっちゃん、中石、中佐など。ー
2025/12/13,窓口,1.日本,17時台,観光,2〜5人,女性,60代以上,宿泊,,,,,,,,アパホテル,,,
2025/12/14,窓口,1.日本,12時台,市民利用,個人,女性,40代から50代,交通,,バス,イオンモール新小松,,,,,,,,
2025/12/14,電話,1.日本,12時台,観光,個人,女性,20代から30代,その他,,,,,,,,,,落とし物,財布の落とし物がないかのお問い合わせ
2025/12/14,窓口,1.日本,13時台,観光,個人,女性,20代から30代,物産,,,,,,,酒,,,,お酒２本を関東に配送する場合の料金のお問い合わせ　お伝えしました　(大音)
2025/12/14,窓口,2.アジア,12時台,観光,2〜5人,男女,20代から30代,Komatsu九館内,土産店,,,,,,,,,,土産店　閉店時間のお問い合わせ　お伝えしました　(大音
2025/12/14,窓口,1.日本,16時台,観光,個人,男性,20代から30代,その他,,,,,,,,,,その他,喫煙所のお問い合わせ　(大音)
2025/12/14,電話,1.日本,18時台,観光,個人,女性,40代から50代,物産,,,,,,,お菓子,,,,松井秀喜の饅頭のお問い合わせ　小松駅にはないとお伝えしました(大音)
2025/12/15,窓口,2.アジア,10時台,観光,2〜5人,男女,20代から30代,観光案内,,,,,"みよっさ, 勧進帳ものがたり館, 安宅住吉神社、安宅の関, 航空プラザ, こまつの杜","見て歩きマップ, 個別のパンフレット",,,,,
2025/12/15,窓口,1.日本,10時台,観光,個人,男性,60代以上,観光案内,,,,,航空プラザ,見て歩きマップ,,,,,
2025/12/16,窓口,1.日本,09時台,観光,家族連れ,男女,60代以上,交通,,バス,安宅住吉神社、勧進帳ものがたり館,,,,,,,,韓国からのお客様。安宅の関や美術館に行きたいとのこと。バスの時刻をご案内しました。
2025/12/16,窓口,1.日本,10時台,市民利用,個人,女性,20代から30代,周辺店舗、飲食店,,,,郵便局,,,,,,,郵便局をお探し。駅前郵便局をご案内した。
2025/12/16,窓口,1.日本,10時台,観光,個人,女性,20代から30代,Komatsu九館内,カブーレ,,,,,,,,,,
2025/12/16,窓口,1.日本,10時台,市民利用,個人,女性,60代以上,交通,,鉄道,みどりの窓口,,,,,,,,新幹線のの切符を買いたいとのこと。みどりの窓口をご案内した。
2025/12/16,窓口,1.日本,14時台,ビジネス,個人,男性,40代から50代,観光案内,,,,,勧進帳ものがたり館,お渡しなし,,,,,修学旅行を手配する旅行会社からの問い合わせ。安宅の関周辺を散策するとのことで、展示内容や、所要時間などをご案内しました。
2025/12/16,窓口,1.日本,14時台,市民利用,個人,男性,20代から30代,交通,,駐車場,駐車場の場所など問い合わせ,,,,,,,,駅前駐車場の料金の払い方をご案内した。
2025/12/16,電話,1.日本,17時台,ビジネス,個人,男性,60代以上,その他,,,,,,,,,,その他,代行サービスについて
2025/12/17,電話,1.日本,13時台,市民利用,個人,女性,60代以上,観光案内,,,,,ハニベ巌窟院,お渡しなし,,,,,ハニべ巌窟院の連絡先をしりたいとのこと。お伝えした。
2025/12/17,窓口,1.日本,14時台,観光,個人,男性,60代以上,物産,,,,,,,食品,,,,大根寿しをお探し。店頭は完売のため確認して犬丸屋をご案内した。
2025/12/18,窓口,1.日本,09時台,観光,個人,男性,60代以上,観光案内,,,,,"ゆのくにの森, みよっさ, 勧進帳ものがたり館, 安宅住吉神社、安宅の関, 那谷寺","じゃらん, 見て歩きマップ, 個別のパンフレット",,,,,小松の観光地を教えてほしいとのこと。じゃらんをお渡しし、全般をご案内した。
2025/12/18,窓口,1.日本,14時台,市民利用,個人,男女,60代以上,物産,,,,,,,食品,,,,鴻渡園のほうじ茶日和をお探し。近隣スーパーに確認したが取り扱いなかったため、空駅をご案内した。
2025/12/19,窓口,1.日本,09時台,市民利用,個人,女性,40代から50代,Komatsu九館内,お手洗い,,,,,,,,,,
2025/12/19,窓口,1.日本,10時台,ビジネス,個人,男性,40代から50代,宿泊,,,,,,,,フレックスホテル,,,小松フレックスホテルの連絡先そ知りたいとのこと。調べてお伝えした。
2025/12/19,窓口,2.アジア,12時台,観光,個人,男性,20代から30代,Komatsu九館内,ロッカー,,,,,,,,,,ロッカーをお探し。ご案内した。
2025/12/19,窓口,2.アジア,11時台,観光,個人,女性,20代から30代,Komatsu九館内,ロッカー,,,,,,,,,,ロッカーをお探し。ご案内した。
2025/12/19,窓口,1.日本,11時台,観光,2〜5人,女性,60代以上,周辺店舗、飲食店,,,,小松うどん、塩焼きそば,,,,,,,つるっとをお探し。場所やおすすめのメニューをご案内した。
2025/12/19,窓口,1.日本,12時台,観光,2〜5人,男女,60代以上,交通,,バス,ゆのくにの森,,,,,,,,ゆのくにの森へのバスをお探し。粟津線をご案内した。
2025/12/20,窓口,1.日本,14時台,ビジネス,個人,男性,40代から50代,周辺店舗、飲食店,,,,小松うどん、塩焼きそば,,,,,,,
2025/12/20,窓口,1.日本,12時台,市民利用,個人,男性,40代から50代,Komatsu九館内,お手洗い,,,,,,,,,,
2025/12/20,電話,1.日本,09時台,市民利用,個人,男性,60代以上,周辺店舗、飲食店,,,,ケーキ屋,,,,,,,
2025/12/20,窓口,1.日本,10時台,市民利用,個人,女性,40代から50代,Komatsu九館内,本日のイベントについて,,,,,,,,,,
2025/12/21,窓口,1.日本,09時台,観光,2〜5人,男女,60代以上,観光案内,,,,,安宅住吉神社、安宅の関,"じゃらん, 見て歩きマップ",,,,,
2025/12/21,電話,1.日本,10時台,観光,個人,女性,20代から30代,その他,,,,,,,,,,,配送についてお問い合わせ　混在の場合はセブンイレブンになることをお伝えしました　(大音)
2025/12/21,窓口,1.日本,08時台,市民利用,個人,女性,40代から50代,物産,,,,,,,その他雑貨,,,,ポムポムプリンの新商品のお問い合わせ　(大音)
2025/12/21,窓口,1.日本,09時台,市民利用,個人,女性,20代から30代,物産,,,,,,,その他雑貨,,,,ポムポムプリン新商品のお問い合わせ　(大音)
2025/12/21,窓口,1.日本,11時台,観光,個人,女性,40代から50代,観光案内,,,,,安宅住吉神社、安宅の関,"じゃらん, 見て歩きマップ",,,,,
2025/12/21,窓口,1.日本,16時台,観光,個人,男性,40代から50代,Komatsu九館内,お手洗い,,,,,,,,,,
2025/12/22,窓口,1.日本,13時台,観光,個人,女性,60代以上,Komatsu九館内,お手洗い,,,,,,,,,,
2025/12/22,窓口,1.日本,13時台,市民利用,個人,男性,40代から50代,交通,,バス,大領,,,,,,,,大領付近に行きたいとのこと。コミュニティバスをご案内した。
2025/12/22,窓口,1.日本,13時台,市民利用,個人,男性,40代から50代,その他,,,,,,,,,,その他,tabiwaのアプリが使えないと問い合わせ。JRの窓口で聞いていただくようご案内した。
2025/12/22,窓口,2.アジア,14時台,観光,個人,男性,60代以上,観光案内,,,,,みよっさ,見て歩きマップ,,,,,小松駅周辺で2時間ほど観光したいとのこと。みよっさや北國通町のあたりをご案内しました。
2025/12/22,電話,1.日本,14時台,観光,個人,男性,60代以上,物産,,,,,,,食品,,,,関東で関所寿しは買えるのかとの問い合わせ。関東方面では取り扱いがないことをおつたえした。
2025/12/22,電話,1.日本,15時台,ビジネス,個人,男性,40代から50代,その他,,,,,,,,,,その他,金沢観光案内所の電話番号のお問い合わせ　お伝えしました　(大音)
2025/12/22,窓口,1.日本,16時台,観光,個人,女性,60代以上,Komatsu九館内,お手洗い,,,,,,,,,,
2025/12/22,電話,1.日本,14時台,市民利用,個人,女性,40代から50代,物産,,,,,,,その他雑貨,,,,
2025/12/23,窓口,1.日本,11時台,市民利用,個人,女性,20代から30代,交通,,バス,イオンモール,,,,,,,,イオン行きのバスをお探し。コミュニティバスをご案内した。
2025/12/23,窓口,1.日本,11時台,観光,2〜5人,男性,40代から50代,交通,,駐輪場,駐車場の場所など問い合わせ,,,,,,,,駐輪場をお探し。高架下の駐輪場をご案内した。
2025/12/23,窓口,1.日本,11時台,観光,2〜5人,女性,60代以上,周辺店舗、飲食店,,,,ランチ,,,,,,,和食のお店をお探し。つかさをご案内した。
2025/12/23,窓口,1.日本,12時台,観光,2〜5人,男女,60代以上,交通,,バス,小松空港,,,,,,,,航空プラザへ行きたいとのこと。バスをご案内した。
2025/12/23,窓口,1.日本,12時台,観光,2〜5人,男女,60代以上,周辺店舗、飲食店,,,,ランチ,,,,,,,昼からちょい飲み出来る店をお探し。カブーレをご案内した。
2025/12/24,電話,1.日本,09時台,市民利用,個人,男性,60代以上,周辺店舗、飲食店,,,,カフェ,,,,,,,パーラーアコの定休日について。不定休とご案内。お電話番号もお伝えしました（田中）
2025/12/24,窓口,1.日本,10時台,観光,個人,男性,40代から50代,Komatsu九館内,お手洗い,,,,,,,,,,
2025/12/24,窓口,1.日本,11時台,ビジネス,個人,男性,40代から50代,物産,,,,,,,取扱いのないもの（金沢土産、栗蒸し羊羹等）,,,,
2025/12/25,窓口,1.日本,13時台,観光,個人,男性,20代から30代,Komatsu九館内,ギャラリーエリア,,,,,,,,,,
2025/12/25,窓口,1.日本,13時台,観光,個人,女性,40代から50代,Komatsu九館内,お手洗い,,,,,,,,,,
2025/12/25,窓口,1.日本,10時台,観光,個人,男性,60代以上,Komatsu九館内,喫煙所,,,,,,,,,,
2025/12/25,窓口,1.日本,17時台,市民利用,個人,女性,60代以上,Komatsu九館内,プロジェクトマッピング,,,,,,,,,,どこでプロジェクトマッピングが見れるかのお問い合わせ　案内しました　(大音)
2025/12/26,電話,1.日本,08時台,市民利用,個人,女性,60代以上,イベント,,,,,,,,,相撲,,スタンド席は立って見るのかのお問い合わせ　椅子があることをお伝えしました　(林)
2025/12/26,窓口,2.アジア,09時台,観光,2〜5人,男女,20代から30代,その他,,,,,,,,,,落とし物,空港から駅までのバスの中に子供用のリュックを忘れたとお問い合わせ　忘れた物センターに問い合わせして　あれば土産店に電話がかかってくる　こちらからお客様の宿泊されるアパホテルに電話をすることになりました　(大音)
2025/12/27,窓口,1.日本,10時台,観光,2〜5人,女性,40代から50代,Komatsu九館内,お手洗い,,,,,,,,,,トイレのお問い合わせ　(大音)
2025/12/27,窓口,1.日本,11時台,観光,個人,女性,60代以上,物産,,,,,,,取扱いのないもの（金沢土産、栗蒸し羊羹等）,,,,栗蒸羊羹のお問い合わせ　カブーレ、セブンイレブンを案内しました　(大音)
2025/12/27,窓口,1.日本,13時台,観光,個人,男性,60代以上,Komatsu九館内,ギャラリーエリア,,,,,,,,,,
2025/12/27,窓口,1.日本,10時台,ビジネス,個人,男性,20代から30代,その他,,,,,,,,,,その他,北陸電力営業所　場所のお問い合わせ　案内しました　(大音)
2025/12/28,窓口,1.日本,11時台,観光,2〜5人,男女,40代から50代,観光案内,,,,,安宅住吉神社、安宅の関,"じゃらん, 見て歩きマップ, 個別のパンフレット",,,,,安宅住吉までの自転車でのルート。（田中）
2025/12/28,窓口,1.日本,11時台,観光,個人,男性,60代以上,観光案内,,,,,松井秀喜ベースボールミュージアム,"個別のパンフレット, 地図",,,,,松井秀喜ベースボールミュージアムまでのルート。安宅線、長崎下車、松井秀喜ベースボールミュージアムまでの徒歩地図をお渡しした（田中）
2025/12/28,窓口,1.日本,11時台,観光,2〜5人,男女,60代以上,観光案内,,,,,安宅住吉神社、安宅の関,"じゃらん, 見て歩きマップ, 個別のパンフレット",,,,,安宅の関、イオンモール、市民病院までのルート。それぞれのバス停をご案内した（田中）
2025/12/28,窓口,1.日本,12時台,市民利用,個人,男性,40代から50代,交通,,バス,バス停,,,,,,,,
2025/12/28,窓口,1.日本,16時台,観光,個人,男性,40代から50代,Komatsu九館内,お手洗い,,,,,,,,,,
2025/12/28,窓口,1.日本,16時台,観光,個人,女性,40代から50代,Komatsu九館内,喫煙所,,,,,,,,,,
2025/12/29,窓口,1.日本,10時台,観光,2〜5人,男性,40代から50代,その他,,,,,,,,,,その他,公衆電話のお問い合わせ　FOOの宝くじ売り場を案内しました　(大音)
2025/12/29,窓口,1.日本,10時台,市民利用,個人,男性,20代から30代,交通,,バス,イオンモール,,,,,,,,
2025/12/29,窓口,1.日本,10時台,市民利用,2〜5人,男女,60代以上,交通,,バス,イオンモール,,,,,,,,イオンモール行きのバスのお問い合わせ　木場線を案内しました(大音)
2025/12/29,窓口,1.日本,10時台,観光,個人,女性,60代以上,観光案内,,,,,青柏祭,じゃらん,,,,,七尾の青柏祭について開催予定などを聞かれた。去年のホームページをご案内して、問い合わせは七尾市役所に聞くことをおすすめした。
2025/12/29,窓口,1.日本,10時台,市民利用,個人,女性,60代以上,交通,,バス,イオンモール,,,,,,,,
2025/12/29,窓口,1.日本,11時台,観光,個人,男性,60代以上,交通,,バス,安宅住吉神社、勧進帳ものがたり館,,,,,,,,安宅までのバスをお探し。安宅線をご案内した。
2025/12/29,窓口,2.アジア,13時台,観光,個人,男性,20代から30代,周辺店舗、飲食店,,,,カニ,,,,,,,カニを購入出来る所のお問い合わせ　犬丸屋を案内しました　(大音)
2025/12/29,電話,1.日本,13時台,観光,個人,女性,20代から30代,観光案内,,,,,立山連峰,お渡しなし,,,,,小松空港から金沢に行くが立山連峰は見えるかのお問い合わせ　石川は白山　富山が立山とお伝えしました　(大音)
2025/12/29,電話,1.日本,16時台,観光,個人,男性,20代から30代,観光案内,,,,,小松城,お渡しなし,,,,,小松駅から小松城まで徒歩の時間　空港行きバス時間のお問い合わせ　お伝えしました　(大音)
2025/12/30,窓口,1.日本,10時台,観光,個人,女性,20代から30代,Komatsu九館内,お手洗い,,,,,,,,,,
2025/12/30,窓口,3.欧米,10時台,観光,個人,男性,20代から30代,その他,,,,,,,,,,その他,犬を連れて入店できるのかとの問い合わせ。お断りしました。
2025/12/30,窓口,2.アジア,09時台,観光,個人,女性,20代から30代,交通,,バス,小松空港,,,,,,,,空港行きのバスチケットをお求め。バスで払ってもらうようご案内した。
2025/12/30,窓口,1.日本,10時台,観光,2〜5人,男女,20代から30代,交通,,バス,那谷寺,,,,,,,,那谷寺行きのバスをお探し。粟津線をご案内した。
2025/12/30,窓口,1.日本,11時台,観光,個人,女性,40代から50代,Komatsu九館内,お手洗い,,,,,,,,,,
2025/12/30,窓口,1.日本,10時台,市民利用,個人,男性,60代以上,Komatsu九館内,お手洗い,,,,,,,,,,
2025/12/30,窓口,1.日本,10時台,観光,個人,女性,40代から50代,交通,,バス,キャンバスについて,,,,,,,,
2025/12/30,電話,1.日本,11時台,観光,個人,男性,40代から50代,物産,,,,,,,食品,,,,金箔のふりかけのお問い合わせ　
2025/12/30,窓口,1.日本,15時台,観光,個人,男性,40代から50代,交通,,バス,小松空港,,,,,,,,空港行きのバスをご案内した。
2025/12/31,窓口,2.アジア,12時台,観光,個人,男性,20代から30代,交通,,鉄道,福井駅,,,,,,,,
2025/12/31,窓口,2.アジア,12時台,観光,個人,男性,20代から30代,観光案内,,,,,"航空プラザ, こまつの杜",お渡しなし,,,,,航空プラザとこまつの杜に行きたいとのことだったが休館とお伝えしました（田中）
2025/12/31,窓口,1.日本,11時台,観光,個人,女性,40代から50代,物産,,,,,,,取扱いのないもの（金沢土産、栗蒸し羊羹等）,,,,
2025/12/31,窓口,1.日本,10時台,市民利用,個人,男性,40代から50代,Komatsu九館内,お手洗い,,,,,,,,,,
2026/01/01,窓口,1.日本,10時台,観光,2〜5人,男性,20代から30代,物産,,,,,,,取扱いのないもの（金沢土産、栗蒸し羊羹等）,,,,栗蒸し羊羹のお問い合わせ　(大音)
2026/01/01,窓口,1.日本,10時台,観光,個人,男性,60代以上,Komatsu九館内,お手洗い,,,,,,,,,,トイレのお問い合わせ　　(大音)
2026/01/01,窓口,1.日本,11時台,観光,個人,男性,20代から30代,Komatsu九館内,Komatsu九について,,,,,,,,,,御周印のお問い合わせ　インバウンドの方賑わいまで案内しました　(大音)
2026/01/01,窓口,1.日本,12時台,観光,個人,男性,20代から30代,Komatsu九館内,お手洗い,,,,,,,,,,
2026/01/01,窓口,1.日本,12時台,市民利用,個人,女性,40代から50代,周辺店舗、飲食店,,,,カフェ,,,,,,,
2026/01/01,窓口,1.日本,11時台,観光,個人,男性,40代から50代,物産,,,,,,,取扱いのないもの（金沢土産、栗蒸し羊羹等）,,,,
2026/01/01,窓口,1.日本,14時台,観光,個人,男性,20代から30代,物産,,,,,,,取扱いのないもの（金沢土産、栗蒸し羊羹等）,,,,
2026/01/02,窓口,1.日本,09時台,市民利用,2〜5人,男女,40代から50代,交通,,バス,イオンモール新小松,,,,,,,,
2026/01/02,窓口,1.日本,10時台,市民利用,個人,女性,20代から30代,交通,,鉄道,金沢,,,,,,,,金沢行きのIRをご案内した。
2026/01/02,窓口,1.日本,10時台,市民利用,個人,男性,60代以上,Komatsu九館内,お手洗い,,,,,,,,,,
2026/01/02,窓口,1.日本,13時台,観光,個人,男性,60代以上,Komatsu九館内,休憩所,,,,,,,,,,休憩所をお探し。改札内をご案内した。
2026/01/02,窓口,1.日本,14時台,観光,個人,男性,60代以上,交通,,バス,安宅住吉神社、勧進帳ものがたり館,,,,,,,,安宅住吉神社までのバスをご案内した。
2026/01/02,窓口,1.日本,14時台,観光,個人,女性,60代以上,その他,,,,,,,,,,その他,マンホールカードをお探し。ないことをお伝えした。
2026/01/02,窓口,1.日本,14時台,観光,個人,男性,60代以上,交通,,バス,松井秀喜ミュージアム,,,,,,,,松井秀喜ミュージアムまでのアクセスをご案内した。
2026/01/02,窓口,1.日本,14時台,市民利用,個人,女性,40代から50代,Komatsu九館内,お手洗い,,,,,,,,,,
2026/01/03,窓口,1.日本,13時台,市民利用,個人,男性,60代以上,物産,,,,,,,取扱いのないもの（金沢土産、栗蒸し羊羹等）,,,,栗蒸し羊羹をお探し。カブーレをご案内した。
2026/01/03,窓口,1.日本,12時台,観光,個人,男性,40代から50代,物産,,,,,,,取扱いのないもの（金沢土産、栗蒸し羊羹等）,,,,栗蒸し羊羹をお探し。カブーレをご案内した。
2026/01/03,窓口,1.日本,12時台,観光,個人,女性,20代から30代,交通,,バス,イオンモール,,,,,,,,バスの時刻表をお渡ししました　(大音)
2026/01/03,電話,1.日本,12時台,ビジネス,個人,女性,40代から50代,周辺店舗、飲食店,,,,駅ナカ飲食店,,,,,,,旅行会社より、駅ナカ飲食店の年始の営業状況を聞かれて、ご案内した。
2026/01/03,窓口,1.日本,15時台,市民利用,個人,男性,40代から50代,交通,,バス,イオンモール,,,,,,,,イオン行きのバスをご案内した。
2026/01/03,窓口,1.日本,15時台,観光,2〜5人,男女,40代から50代,Komatsu九館内,コワーキングエリア,,,,,,,,,,館内のお問い合わせ　イベントスペース、８２０を案内しました　(大音)
2026/01/03,窓口,1.日本,15時台,市民利用,個人,女性,60代以上,物産,,,,,,,食品,,,,吉田屋　プロだしの有無を聞かれた
2026/01/03,窓口,1.日本,15時台,市民利用,個人,女性,40代から50代,Komatsu九館内,ポストの有無,,,,,,,,,,
2026/01/03,窓口,1.日本,16時台,観光,個人,男性,40代から50代,その他,,,,,,,,,,その他,喫煙所のお問い合わせ　案内しました　(大音)
2026/01/04,窓口,1.日本,09時台,観光,2〜5人,男性,20代から30代,Komatsu九館内,コインロッカー,,,,,,,,,,手荷物預かりをお探し。コインロッカーをご案内した。
2026/01/04,窓口,1.日本,10時台,観光,個人,男性,60代以上,周辺店舗、飲食店,,,,ちず,,,,,,,駅周辺の地図をお探し。見て歩きをお渡し。
2026/01/04,窓口,1.日本,16時台,市民利用,個人,女性,20代から30代,交通,,バス,小松市以外（福井、金沢ほか県外）,,,,,,,,大阪への高速バスの予約の取り方について相談された
2026/01/05,窓口,1.日本,09時台,市民利用,個人,男性,40代から50代,Komatsu九館内,お手洗い,,,,,,,,,,
2026/01/05,窓口,1.日本,09時台,観光,個人,女性,60代以上,Komatsu九館内,喫煙所,,,,,,,,,,
2026/01/05,窓口,1.日本,11時台,市民利用,個人,男性,60代以上,Komatsu九館内,待合室,,,,,,,,,,
2026/01/05,電話,1.日本,14時台,観光,個人,女性,40代から50代,交通,,バス,安宅住吉神社、勧進帳ものがたり館,,,,,,,,安宅の関までバス時刻のご案内（田中）
2026/01/05,電話,1.日本,15時台,観光,個人,男性,40代から50代,イベント,,,,,,,,,ポムポムプリン関連のイベントについて,,
2026/01/05,窓口,1.日本,17時台,観光,個人,女性,60代以上,Komatsu九館内,お手洗い,,,,,,,,,,
2026/01/05,窓口,1.日本,17時台,観光,2〜5人,女性,40代から50代,Komatsu九館内,UNICOFFEE,,,,,,,,,,営業時間の問い合わせ。20時とお伝えしました。（林）
2026/01/05,窓口,1.日本,17時台,観光,2〜5人,男性,40代から50代,その他,,,,,,,,,,その他,無料休憩所はあるか。820ステーションご案内しました。(林)
2026/01/05,窓口,1.日本,17時台,観光,個人,女性,60代以上,Komatsu九館内,お手洗い,,,,,,,,,,
2026/01/06,窓口,1.日本,08時台,市民利用,個人,男性,40代から50代,Komatsu九館内,喫煙所,,,,,,,,,,
2026/01/06,窓口,1.日本,09時台,観光,個人,女性,20代から30代,観光案内,,,,,足湯の出来るところ,お渡しなし,,,,,足湯の出来るところのお問い合わせ。駅周辺にはない事。木場潟公園と粟津温泉をご案内した（田中）
2026/01/06,窓口,1.日本,09時台,観光,個人,女性,40代から50代,Komatsu九館内,お手洗い,,,,,,,,,,
2026/01/06,窓口,1.日本,10時台,市民利用,個人,女性,20代から30代,Komatsu九館内,お手洗い,,,,,,,,,,
2026/01/06,窓口,1.日本,11時台,ビジネス,個人,男性,60代以上,Komatsu九館内,お手洗い,,,,,,,,,,
2026/01/06,窓口,2.アジア,10時台,観光,個人,男性,20代から30代,周辺店舗、飲食店,,,,"ランチ, 小松うどん、塩焼きそば",,,,,,,飲食店うぃお探し。つるっとをご案内した。
2026/01/06,窓口,2.アジア,09時台,観光,個人,女性,20代から30代,交通,,バス,那谷寺,,,,,,,,那谷寺行きのバスをお探し。粟津線をご案内した。
2026/01/07,窓口,2.アジア,12時台,観光,個人,男性,20代から30代,観光案内,,,,,"みよっさ, 航空プラザ, こまつの杜",見て歩きマップ,,,,,アジア系の男性。17時まで見て回れるところはあるかとのお問い合わせ。みよっさ、こまつの杜、サイエンスヒルズなどをご案内しました（田中）
2026/01/07,窓口,1.日本,16時台,観光,個人,女性,40代から50代,Komatsu九館内,お手洗い,,,,,,,,,,
2026/01/08,窓口,1.日本,11時台,観光,個人,男性,60代以上,観光案内,,,,,"みよっさ, 勧進帳ものがたり館, ",小松市役所と近くの観光地や繁華街の場所をきかれました,,,,,市役所所在地と観光地、繁華街場所とバス案内をしました
2026/01/08,窓口,1.日本,13時台,市民利用,個人,女性,60代以上,その他,,,,,,,,,,その他,トイレの場所をご案内しました
2026/01/08,窓口,1.日本,14時台,観光,個人,女性,60代以上,物産,,,,,,,お菓子,,,,シバフネのおすすめについて聞かれた
2026/01/08,窓口,1.日本,17時台,観光,個人,男性,60代以上,Komatsu九館内,待合所について聞かれた,,,,,,,,,,
2026/01/08,窓口,1.日本,17時台,観光,個人,男性,60代以上,周辺店舗、飲食店,,,,徳田盛華堂さん、すみげんさんの場所を聞かれた,,,,,,,
2026/01/09,窓口,1.日本,11時台,観光,個人,男性,60代以上,交通,,バス,小松空港,,,,,,,,空港行きのバスの時刻をご案内した。
2026/01/09,窓口,1.日本,09時台,ビジネス,個人,男性,40代から50代,Komatsu九館内,待合室,,,,,,,,,,待合室をお探し。820をご案内した。
2026/01/09,窓口,1.日本,15時台,ビジネス,個人,男性,20代から30代,交通,,バス,小松空港,,,,,,,,空港行きのバスをお探し。時刻をご案内した。
2026/01/09,窓口,1.日本,15時台,市民利用,個人,女性,40代から50代,Komatsu九館内,お手洗い,,,,,,,,,,
2026/01/10,電話,3.欧米,11時台,観光,個人,女性,20代から30代,イベント,,,,,,,,,大相撲チケット,,海外からの問い合わせ。大相撲のチケットがサイトで買えなかったがどうしたら良いかとのこと。チケットセンターの番号をお伝えした。
2026/01/10,窓口,1.日本,09時台,観光,個人,女性,20代から30代,交通,,バス,キャンバス,,,,,,,,キャンバスについての問い合わせ。キャンバスのチラシをお渡しして問い合わせていただくようご案内した。
2026/01/10,窓口,1.日本,11時台,観光,個人,女性,40代から50代,Komatsu九館内,お手洗い,,,,,,,,,,
2026/01/10,窓口,1.日本,16時台,観光,個人,女性,60代以上,Komatsu九館内,ご飯食べるところ,,,,,,,,,,
2026/01/10,窓口,1.日本,17時台,観光,家族連れ,男女,20代から30代,物産,,,,,,,お弁当,,,,
2026/01/10,窓口,1.日本,11時台,市民利用,個人,女性,40代から50代,Komatsu九館内,お手洗い,,,,,,,,,,
2026/01/10,窓口,1.日本,17時台,観光,2〜5人,男性,40代から50代,物産,,,,,,,お菓子,,,,
2026/01/11,窓口,2.アジア,11時台,観光,個人,男性,40代から50代,交通,,バス,加賀温泉駅,,,,,,,,加賀温泉駅までのアクセス。IRが終日運休のため、小松駅→小松空港→加賀温泉駅（キャンバス）のルートをご案内しました（田中）
2026/01/11,窓口,1.日本,15時台,観光,個人,男性,40代から50代,Komatsu九館内,お手洗い,,,,,,,,,,
2026/01/12,窓口,1.日本,08時台,市民利用,個人,女性,40代から50代,Komatsu九館内,お手洗い,,,,,,,,,,
2026/01/12,窓口,1.日本,15時台,観光,個人,男性,20代から30代,観光案内,,,,,こまつの杜,お渡しなし,,,,,
2026/01/12,窓口,1.日本,16時台,市民利用,個人,女性,40代から50代,その他,,,,,,,,,,その他,証明写真を撮れるところを聞かれた
2026/01/13,窓口,1.日本,09時台,観光,2〜5人,女性,60代以上,観光案内,,,,,うさる詣,見て歩きマップ,,,,,周辺の観光をしたいとのこと。御朱印を集めているそうでうさる詣をご案内した。
2026/01/13,窓口,1.日本,11時台,観光,2〜5人,女性,20代から30代,周辺店舗、飲食店,,,,ランチ,,,,,,,ぐるめぐりマップをお渡ししてつるっとやかっちゃんをご案内した。
2026/01/13,窓口,1.日本,12時台,観光,個人,男性,60代以上,観光案内,,,,,"みよっさ, こまつの杜","見て歩きマップ, 個別のパンフレット",,,,,3時間ほど駅周辺を観光したいとのこと。こまつの杜やみよっさなどををご案内した。
2026/01/13,電話,1.日本,14時台,観光,個人,男性,40代から50代,交通,,バス,小松インター,,,,,,,,小松インターから小松駅までのバスの問い合わせ。最寄りの安宅線のバス停をご案内した。
2026/01/14,窓口,2.アジア,10時台,観光,個人,女性,60代以上,交通,,バス,小松空港,,,,,,,,空港行きのバスをお探し。じこくひょうを渡してご案内した。
2026/01/14,窓口,1.日本,13時台,ビジネス,個人,男性,20代から30代,Komatsu九館内,タクシー乗り場,,,,,,,,,,タクシー乗り場をお探し。ご案内した。
2026/01/14,窓口,1.日本,11時台,観光,個人,男性,40代から50代,Komatsu九館内,お手洗い,,,,,,,,,,
2026/01/14,窓口,1.日本,12時台,観光,個人,男性,60代以上,物産,,,,,,,取扱いのないもの（金沢土産、栗蒸し羊羹等）,,,,福うさぎをお探し。セブンをご案内した。
2026/01/14,窓口,1.日本,15時台,観光,個人,男性,60代以上,物産,,,,,,,お菓子,,,,加賀三湖の取り扱いのあるお店について聞かれた
2026/01/14,窓口,1.日本,17時台,観光,個人,男性,20代から30代,Komatsu九館内,お手洗い,,,,,,,,,,
2026/01/16,窓口,1.日本,13時台,観光,2〜5人,男女,60代以上,交通,,バス,小松市以外（福井、金沢ほか県外）,,,,,,,,
2026/01/16,窓口,2.アジア,10時台,観光,個人,男性,20代から30代,Komatsu九館内,コインロッカー,,,,,,,,,,ロッカーに荷物が入らなかったとのこと。駅内では手荷物預かりがないことをお伝え
2026/01/16,電話,1.日本,14時台,観光,個人,男性,60代以上,周辺店舗、飲食店,,,,ディナー,,,,,,,駅周辺で居酒屋をお探し。おとと屋、加賀里火などを数軒ご案内した。
2026/01/16,窓口,1.日本,14時台,市民利用,個人,女性,60代以上,交通,,バス,イオンモール,,,,,,,,イオン行きのバスをお探し。ご案内した。
2026/01/17,窓口,1.日本,08時台,観光,個人,男性,40代から50代,交通,,バス,いしかわ動物園,,,,,,,,動物園行きのバスお探し。佐野線をご案内した。
2026/01/17,窓口,1.日本,10時台,観光,家族連れ,男性,20代から30代,Komatsu九館内,電車が見えるところ,,,,,,,,,,お子様連れで電車が見たいとのこと。入場券でホームへ上がるのを提案した。またボンネット広場をご案内した。
2026/01/17,窓口,1.日本,09時台,観光,個人,女性,60代以上,Komatsu九館内,お手洗い,,,,,,,,,,
2026/01/17,窓口,1.日本,11時台,観光,個人,男性,40代から50代,交通,,バス,日本自動車博物館,,,,,,,,自動車博物館へのアクセスの問い合わせ。粟津線とキャンバスをご案内した
2026/01/17,窓口,2.アジア,11時台,観光,2〜5人,女性,40代から50代,交通,,徒歩,芦城公園,,,,,,,,芦城公園までの道案内をしました
2026/01/17,窓口,1.日本,12時台,観光,2〜5人,男性,60代以上,周辺店舗、飲食店,,,,小松うどん、塩焼きそば,,,,,,,以前来た時に塩焼きそばのお店の案内チラシがあったのですが、無いのですか？
2026/01/17,電話,1.日本,14時台,市民利用,個人,女性,20代から30代,その他,,,,,,,,,,その他,ウェスターポイントは使えるのかとの問い合わせ。使えないことお伝えした。
2026/01/17,電話,1.日本,14時台,観光,個人,男性,40代から50代,周辺店舗、飲食店,,,,イオンモール,,,,,,,福井から新小松イオンモールへ行くのに車でのアクセスをご案内した
2026/01/17,窓口,1.日本,15時台,観光,2〜5人,女性,60代以上,Komatsu九館内,お手洗い,,,,,,,,,,
2026/01/17,窓口,1.日本,15時台,観光,個人,女性,60代以上,物産,,,,,,,取扱いのないもの（金沢土産、栗蒸し羊羹等）,,,,鱒寿司についてたずねられた
2026/01/17,窓口,1.日本,18時台,観光,個人,男性,40代から50代,Komatsu九館内,待合室,,,,,,,,,,820ステーションをご案内しました
2026/01/19,窓口,1.日本,12時台,市民利用,個人,男性,40代から50代,交通,,バス,イオンモール,,,,,,,,イオン行きのバスをご案内した
2026/01/19,窓口,1.日本,15時台,観光,個人,女性,40代から50代,物産,,,,,,,取扱いのないもの（金沢土産、栗蒸し羊羹等）,,,,マルフジさんの商品、『和五』の箱売りはないのか聞かれた
2026/01/19,窓口,1.日本,15時台,観光,個人,男性,60代以上,観光案内,,,,,ウレシャス,お渡しなし,,,,,
2026/01/19,窓口,1.日本,16時台,観光,個人,女性,60代以上,その他,,,,,,,,,,その他,公衆電話の場所を聞かれた。10円で貸してくれないかと言われたがお断りしました。
2026/01/19,窓口,1.日本,16時台,観光,2〜5人,男女,40代から50代,物産,,,,,,,取扱いのないもの（金沢土産、栗蒸し羊羹等）,,,,松葉屋の栗むし羊羹
2026/01/19,窓口,1.日本,14時台,観光,個人,男性,60代以上,その他,,,,,,,,,,落とし物,スマホを拾われた、とのことで交番に渡しに行きました
2026/01/19,窓口,2.アジア,17時台,観光,個人,男性,20代から30代,観光案内,,,,,小松市立博物館,お渡しなし,,,,,
2026/01/21,窓口,1.日本,12時台,ビジネス,個人,男性,40代から50代,Komatsu九館内,喫煙所,,,,,,,,,,
2026/01/21,電話,1.日本,09時台,市民利用,個人,男性,60代以上,その他,,,,,,,,,,その他,石川県の　まるごと観光マップ2026 を置いてあるか。問い合わせ。あることをお伝えしました。林
2026/01/21,窓口,1.日本,16時台,ビジネス,2〜5人,男性,40代から50代,物産,,,,,,,取扱いのないもの（金沢土産、栗蒸し羊羹等）,,,,つきよみやまじ
2026/01/22,電話,1.日本,09時台,観光,個人,男性,40代から50代,その他,,,,,,,,,,その他,今週末、小松市に行くが雪の状況はどうかとのお問い合わせ。25日まで大雪警報、電車の遅延、運休の発生、高速道路の交通規制が出ているとご案内。お気をつけてお越しくださいとご案内しました（田中）
2026/01/22,窓口,1.日本,09時台,市民利用,個人,女性,60代以上,Komatsu九館内,お手洗い,,,,,,,,,,
2026/01/22,窓口,1.日本,10時台,観光,個人,女性,60代以上,交通,,バス,小松空港,,,,,,,,空港線のチケットをお探し。車内での支払いを案内した。
2026/01/22,窓口,2.アジア,10時台,観光,個人,女性,20代から30代,交通,,鉄道,金沢,,,,,,,,在来線の改札をお探し。ご案内した
2026/01/22,窓口,3.欧米,10時台,観光,2〜5人,男性,20代から30代,Komatsu九館内,喫煙所,,,,,,,,,,
2026/01/22,窓口,1.日本,13時台,観光,家族連れ,男女,60代以上,交通,,バス,小松基地,,,,,,,,小松基地までのバスをお探し。空港線や佐美線をご案内した。徒歩が長いのでタクシーもご案内した。
2026/01/22,窓口,1.日本,16時台,ビジネス,個人,男性,20代から30代,交通,,タクシー,小松空港,,,,,,,,料金を聞かれた
2026/01/22,電話,1.日本,16時台,市民利用,個人,女性,60代以上,その他,,,,,,,,,,その他,大相撲チケットについてのお問い合わせ。座席種類や残数など。その後買いに来られました（田中）
2026/01/24,電話,1.日本,08時台,市民利用,個人,女性,20代から30代,物産,,,,,,,取扱いのないもの（金沢土産、栗蒸し羊羹等）,,,,ボンボンドロップシールのお問い合わせ。取り扱いないとご案内（田中）
2026/01/24,電話,1.日本,09時台,市民利用,個人,女性,40代から50代,物産,,,,,,,取扱いのないもの（金沢土産、栗蒸し羊羹等）,,,,和柄のボンボンドロップシールの販売の有無。（田中）
2026/01/24,窓口,1.日本,14時台,市民利用,個人,男性,40代から50代,Komatsu九館内,お手洗い,,,,,,,,,,
2026/01/24,窓口,1.日本,16時台,観光,個人,男性,40代から50代,交通,,バス,イオンモール,,,,,,,,
2026/01/25,窓口,1.日本,09時台,観光,個人,女性,20代から30代,観光案内,,,,,みよっさ,見て歩きマップ,,,,,フィッシュランドお休みで周辺で観光できるところはないか。みよっさ、錦窯を案内しました。林
2026/01/25,電話,1.日本,10時台,観光,個人,女性,40代から50代,交通,,タクシー,小松駅,,,,,,,,タクシー会社に電話をかけても繋がらないので小松駅に配車お願いしたい。お断りして、駅にはタクシーがいます。場合によっては待っていただくこともありますが次来ると思います。と案内しました。林
2026/01/25,窓口,2.アジア,10時台,観光,個人,女性,20代から30代,Komatsu九館内,お手洗い,,,,,,,,,,
2026/01/25,窓口,1.日本,11時台,観光,2〜5人,男女,60代以上,観光案内,,,,,みよっさ,見て歩きマップ,,,,,2時間ほどあるので観光したい。みよっさと錦窯案内。空港行きのバス時刻お伝えしました。林
2026/01/25,窓口,1.日本,12時台,観光,2〜5人,男女,20代から30代,交通,,バス,大阪行き高速バス,,,,,,,,大阪行き高速バスあるか。問い合わせ。夜行バスで小松インターからなので不便。高速も通行止めになるかもしれない。伝える。最終福岡に行きたい。との事で飛行機で東京経由を案内しました。林
2026/01/25,窓口,1.日本,16時台,観光,2〜5人,女性,20代から30代,Komatsu九館内,UNICOFFEE,,,,,,,,,,"インターネットの時間表示が変わっていないため、利用しようかと何度か21
時頃に来た。更新してほしいとのこと。"
2026/01/25,窓口,1.日本,16時台,市民利用,2〜5人,女性,20代から30代,Komatsu九館内,UNICOFFEE,,,,,,,,,,本日ユニコーヒー16時閉店と伝える。今日のだけですか。やってない時がある。とのことで、営業時間20時に変更しました。と話すと、ネットが変わってない。と言われたのでナインの事務所に伝えました。林
2026/01/26,電話,1.日本,13時台,観光,個人,男性,40代から50代,イベント,,,,,,,,,大相撲について,,
2026/01/26,電話,1.日本,13時台,観光,個人,男性,40代から50代,イベント,,,,,,,,,大相撲について,,販売時間、土日もやっているか。土日も販売しております。案内しました。林
2026/01/26,電話,1.日本,14時台,観光,個人,男性,60代以上,観光案内,,,,,航空プラザ,じゃらん,,,,,小松市じゃらんパンフレットを７部送って欲しい　（南）
2026/01/26,窓口,1.日本,16時台,観光,個人,女性,20代から30代,Komatsu九館内,スマホの充電できるところを聞かれた,,,,,,,,,,携帯の充電がないためチャージスポットも借りれず、uniさんはコンセントあるがケーブル自体がないため、コンビニでケーブルの購入を勧めた。
2026/01/26,窓口,1.日本,18時台,市民利用,2〜5人,男女,60代以上,イベント,,,,,,,,,大相撲問い合わせ,,大相撲のチケット販売、どこの席があるか。問い合わせ。座席表を見せて案内、お土産も説明しました。林
2026/01/27,窓口,1.日本,11時台,市民利用,個人,男性,40代から50代,Komatsu九館内,お手洗い,,,,,,,,,,
2026/01/27,窓口,1.日本,10時台,観光,個人,男性,40代から50代,Komatsu九館内,お手洗い,,,,,,,,,,
2026/01/27,窓口,1.日本,10時台,市民利用,個人,女性,60代以上,Komatsu九館内,お手洗い,,,,,,,,,,
2026/01/27,窓口,1.日本,11時台,観光,個人,男性,40代から50代,Komatsu九館内,お手洗い,,,,,,,,,,
2026/01/27,窓口,1.日本,09時台,観光,個人,女性,20代から30代,Komatsu九館内,喫煙所,,,,,,,,,,
2026/01/27,窓口,2.アジア,10時台,市民利用,個人,女性,40代から50代,交通,,バス,高速バス,,,,,,,,高速バスのチケットを取りたいがわからないとのこと。お手伝いしました。
2026/01/28,窓口,1.日本,09時台,市民利用,個人,女性,60代以上,周辺店舗、飲食店,,,,火葬場さざなみ,,,,,,,さざなみまでのバスをお探し。徒歩が長くなるのでタクシーをお薦めした。
2026/01/28,窓口,1.日本,09時台,市民利用,個人,男性,60代以上,イベント,,,,,,,,,大相撲,,大相撲のチケットについて問い合わせ。店頭で販売していることお伝えした。
2026/01/28,窓口,1.日本,15時台,市民利用,個人,女性,60代以上,Komatsu九館内,カブーレ,,,,,,,,,,
2026/01/28,窓口,1.日本,16時台,観光,個人,男性,40代から50代,物産,,,,,,,お菓子,,,,
2026/01/28,窓口,1.日本,17時台,観光,2〜5人,女性,20代から30代,物産,,,,,,,ポムポムプリンのグッズ,,,,ポムポムプリンのグッズをお探し。売り場をご案内しました。またぬいぐるみと一緒に撮影もされていました（田中）
2026/01/29,窓口,2.アジア,11時台,観光,個人,女性,40代から50代,交通,,バス,小松空港,,,,,,,,
2026/01/29,窓口,1.日本,09時台,観光,個人,女性,40代から50代,周辺店舗、飲食店,,,,ディナー,,,,,,,近くで晩御飯を食べれるところ。前回は日当なたへ予約して行ったが出てくるのが遅いとのことで近くのお好み焼きへ。年配には良くなかった和食がよいとのことで割烹つかささんを案内。ランチもしているので下見兼ねてお昼に行きます。とのことでした。林
2026/01/29,窓口,1.日本,13時台,市民利用,個人,女性,40代から50代,イベント,,,,,,,,,大相撲小松場所,,大相撲小松場所のチケット残数についてのお問い合わせ（田中）
2026/01/30,窓口,1.日本,09時台,観光,個人,男性,60代以上,周辺店舗、飲食店,,,,靴屋,,,,,,,靴屋さんをお探し。イオンか平和堂をご案内した。
2026/01/30,窓口,1.日本,09時台,観光,2〜5人,男性,60代以上,観光案内,,,,,みよっさ,個別のパンフレット,,,,,じゃらんを見て、みよっさの場所が知りたいとのこと。マップをお渡ししてご案内した。
2026/01/30,電話,1.日本,10時台,観光,個人,男性,60代以上,その他,,,,,,,,,,その他,セブン側のコインロッカーに荷物を預けたが管理しているところの連絡先を教えて欲しいとのこと。ロッカーに書かれたれんらくさきをお伝えした。
2026/01/30,窓口,1.日本,11時台,観光,2〜5人,男女,40代から50代,周辺店舗、飲食店,,,,ランチ,,,,,,,駅周辺のランチや観光スポットをご案内した。
2026/01/30,窓口,1.日本,11時台,ビジネス,個人,男性,40代から50代,周辺店舗、飲食店,,,,ランチ,,,,,,,おすすめのランチを聞かれ、かっちゃんやつるっとをご案内した。
2026/01/30,窓口,1.日本,11時台,観光,個人,女性,40代から50代,交通,,バス,小松空港,,,,,,,,空港線の料金をご案内した。
2026/01/30,窓口,1.日本,12時台,ビジネス,個人,男性,40代から50代,Komatsu九館内,お手洗い,,,,,,,,,,
2026/01/30,窓口,1.日本,10時台,観光,個人,男性,40代から50代,Komatsu九館内,お手洗い,,,,,,,,,,
2026/01/30,電話,1.日本,14時台,ビジネス,個人,女性,40代から50代,観光案内,,,,,ゆのくにの森,お渡しなし,,,,,旅行会社からの問い合わせ。ゆのくにの森の施設概要について説明し、ゆのくにの連絡先をお伝えした。
2026/01/31,窓口,1.日本,09時台,ビジネス,個人,男性,40代から50代,Komatsu九館内,お手洗い,,,,,,,,,,
2026/01/31,窓口,1.日本,10時台,観光,2〜5人,男女,60代以上,交通,,タクシー,あたかの湯,,,,,,,,長沖からあたかの湯までの所要時間など。東京から日帰り旅行で来られたとのこと（田中）
2026/01/31,窓口,1.日本,13時台,観光,個人,女性,40代から50代,Komatsu九館内,ウェスターポイント,,,,,,,,,,小松駅内でウェスターポイントを使えるお店はあるか。ないことをお伝えした。
2026/01/31,窓口,1.日本,16時台,観光,個人,男性,60代以上,Komatsu九館内,喫煙所,,,,,,,,,,
2026/02/01,電話,1.日本,14時台,観光,個人,男性,20代から30代,その他,,,,,,,,,,その他,あたかの湯
2026/02/01,電話,1.日本,14時台,観光,個人,男性,20代から30代,交通,,自家用車,大倉スキー場,,,,,,,,大倉スキー場までの交通手段。車のみとご案内しました。（田中）
2026/02/01,窓口,1.日本,15時台,観光,個人,男性,60代以上,周辺店舗、飲食店,,,,小松うどん、塩焼きそば,,,,,,,うどんに特化した地図はないかと聞かれたため、小松観光ナビのサイトを参考に紹介した
2026/02/01,窓口,2.アジア,15時台,観光,個人,女性,20代から30代,その他,,,,,,,,,,落とし物,粟津温泉からのバスの中に手袋を忘れてしまったが、電話するところ/対応ができないとのことで、お客様の携帯をお借りし、北鉄バスに問い合わせをした。
2026/02/02,窓口,1.日本,10時台,観光,家族連れ,男女,60代以上,交通,,バス,安宅住吉神社、勧進帳ものがたり館,,,,,,,,安宅の関までのバスの時刻表をお渡しした。
2026/02/02,窓口,2.アジア,10時台,観光,個人,女性,20代から30代,観光案内,,,,,こまつの杜,お渡しなし,,,,,AIが作ったプランを確認して欲しいとのこと。表示されているのが金沢の飲食店だったので、小松駅周辺のお店をご案内した。またこまつの杜もご案内した。
2026/02/02,窓口,1.日本,10時台,観光,個人,女性,40代から50代,交通,,バス,小松空港,,,,,,,,空港線のチケットをお探し。車内での支払いをご案内した。
2026/02/02,電話,1.日本,10時台,市民利用,個人,女性,60代以上,イベント,,,,,,,,,大相撲,,大相撲のチケットの問い合わせ。残っている席をご案内した。
2026/02/02,窓口,1.日本,13時台,ビジネス,個人,女性,20代から30代,Komatsu九館内,お手洗い,,,,,,,,,,
2026/02/02,窓口,1.日本,14時台,観光,個人,男性,60代以上,Komatsu九館内,お手洗い,,,,,,,,,,
2026/02/02,窓口,1.日本,11時台,市民利用,個人,男性,40代から50代,Komatsu九館内,お手洗い,,,,,,,,,,
2026/02/02,窓口,1.日本,11時台,観光,個人,男性,40代から50代,物産,,,,,,,お菓子,,,,
2026/02/02,窓口,1.日本,15時台,観光,個人,男性,40代から50代,物産,,,,,,,お菓子,,,,
2026/02/02,窓口,1.日本,16時台,観光,2〜5人,男女,40代から50代,観光案内,,,,,みよっさ,見て歩きマップ,,,,,
2026/02/02,窓口,1.日本,17時台,観光,個人,女性,40代から50代,交通,,バス,粟津温泉,,,,,,,,
2026/02/03,窓口,1.日本,09時台,観光,個人,女性,60代以上,物産,,,,,,,取扱いのないもの（金沢土産、栗蒸し羊羹等）,,,,圓八のあんころをお探し。セブンをご案内した。
2026/02/03,電話,1.日本,13時台,観光,個人,女性,60代以上,交通,,タクシー,小松空港,,,,,,,,タクシーは駅にいますか（南）
2026/02/04,窓口,1.日本,11時台,観光,個人,男性,40代から50代,周辺店舗、飲食店,,,,カフェ,,,,,,,パーラーアコをお探し。地図をお渡ししてご案内した
2026/02/04,窓口,1.日本,11時台,観光,個人,女性,40代から50代,交通,,バス,安宅住吉神社、勧進帳ものがたり館,,,,,,,,安宅住吉神社までのバスをご案内した。
2026/02/04,窓口,1.日本,12時台,観光,個人,男性,40代から50代,Komatsu九館内,お手洗い,,,,,,,,,,
2026/02/04,窓口,1.日本,12時台,観光,個人,女性,40代から50代,その他,,,,,,,,,,その他,車椅子を借りたいとのこと。ナイン事務所ご案内しました（田中）
2026/02/04,電話,1.日本,16時台,観光,個人,男性,60代以上,観光案内,,,,,"那谷寺, 永平寺",お渡しなし,,,,,那谷寺、永平寺に行きたいとのこと。バスとレンタカーでのルートをご案内しました（田中）
2026/02/05,窓口,1.日本,12時台,観光,個人,男性,40代から50代,物産,,,,,,,取扱いのないもの（金沢土産、栗蒸し羊羹等）,,,,
2026/02/05,窓口,1.日本,13時台,市民利用,個人,女性,40代から50代,Komatsu九館内,お手洗い,,,,,,,,,,
2026/02/05,窓口,1.日本,11時台,観光,個人,男性,60代以上,物産,,,,,,,食品,,,,
2026/02/05,窓口,1.日本,13時台,観光,個人,男性,60代以上,物産,,,,,,,お菓子,,,,小松でしか買えないお土産のお問い合わせ。
2026/02/05,窓口,1.日本,18時台,観光,2〜5人,女性,40代から50代,Komatsu九館内,時間を潰せる場所について,,,,,,,,,,バスまで1時間以上あり、駅内の案内を希望されたため、パンフレットのお渡しと簡単な案内をした
2026/02/06,窓口,1.日本,09時台,ビジネス,2〜5人,男性,40代から50代,観光案内,,,,,農口尚彦研究所,お渡しなし,,,,,農口尚彦研究所の見学は予約がいるのかとの問い合わせ。とうあんは予約が必要だが、ギャラリーの見学は予約不要とお伝えした。
2026/02/06,窓口,1.日本,09時台,観光,個人,女性,20代から30代,交通,,バス,航空プラザ,,,,,,,,空港線をご案内した。
2026/02/06,窓口,2.アジア,12時台,観光,2〜5人,男女,40代から50代,観光案内,,,,,芦城公園,見て歩きマップ,,,,,芦城公園や空港へのアクセスをご案内した
2026/02/06,窓口,1.日本,15時台,ビジネス,個人,男性,40代から50代,その他,,,,,,,,,,その他,携帯の充電器をお探し。チャージスポットをご案内した。
2026/02/07,窓口,3.欧米,09時台,ビジネス,個人,男性,20代から30代,Komatsu九館内,お手洗い,,,,,,,,,,
2026/02/07,窓口,2.アジア,10時台,観光,家族連れ,男性,20代から30代,Komatsu九館内,ロッカー,,,,,,,,,,ロッカーをお探し。大きい荷物が入らなかったようす。当店で預かれないとお伝えした。
2026/02/07,窓口,1.日本,10時台,市民利用,個人,女性,60代以上,交通,,シェアサイクル,サイクルポート,,,,,,,,1日パス購入の方。自転車の鍵が開かないとの問い合わせ。お手伝いした。
2026/02/07,窓口,1.日本,12時台,市民利用,個人,女性,60代以上,交通,,バス,小松空港,,,,,,,,空港線のチケットをお探し。車内で支払いをご案内した。
2026/02/07,窓口,1.日本,15時台,観光,個人,男女,60代以上,宿泊,,,,,,,,変なホテル,,,小松駅周辺でホテルをお探し。近くのホテルを数軒ご案内した。
2026/02/07,窓口,1.日本,12時台,観光,個人,男性,60代以上,Komatsu九館内,お手洗い,,,,,,,,,,
2026/02/07,窓口,1.日本,15時台,観光,個人,女性,40代から50代,Komatsu九館内,喫煙所,,,,,,,,,,
2026/02/08,窓口,1.日本,11時台,観光,2〜5人,女性,学生,周辺店舗、飲食店,,,,"寿司, カニが食べられるお店。",,,,,,,カニが食べられるお店。竹屋ご案内しました（田中）
2026/02/08,窓口,1.日本,11時台,観光,個人,女性,40代から50代,Komatsu九館内,お手洗い,,,,,,,,,,
2026/02/08,窓口,1.日本,14時台,観光,個人,女性,40代から50代,交通,,駐車場,駐車場の場所など問い合わせ,,,,,,,,割引券の取り扱い場所と具体的な値段を聞かれた
2026/02/08,窓口,1.日本,15時台,観光,2〜5人,男女,60代以上,Komatsu九館内,羽生結弦選手のパネルについて,,,,,,,,,,場所を聞かれた
2026/02/09,窓口,1.日本,12時台,観光,2〜5人,女性,40代から50代,周辺店舗、飲食店,,,,ランチ,,,,,,,
2026/02/09,窓口,1.日本,12時台,観光,個人,女性,40代から50代,周辺店舗、飲食店,,,,セラボ九谷,,,,,,,セラボ九谷の場所を案内しました。林
2026/02/09,窓口,1.日本,10時台,観光,2〜5人,男性,20代から30代,Komatsu九館内,喫煙所,,,,,,,,,,
2026/02/09,窓口,1.日本,17時台,観光,個人,女性,40代から50代,物産,,,,,,,食品,,,,ももいさんのチーズ入荷時期について聞かれた。当店の在庫がなかったため、カブーレさんをご案内し、急ぎでなければももいさんに問い合わせすることもできることを伝えた
2026/02/09,窓口,1.日本,19時以降,観光,個人,女性,60代以上,周辺店舗、飲食店,,,,蕎麦,,,,,,,今の時間から食べることができる地元のお蕎麦はないか聞かれたが、夜に食べることができるところがほとんどないことをお伝えした
2026/02/10,窓口,1.日本,10時台,ビジネス,個人,男性,40代から50代,交通,,バス,北陸先端大いき,,,,,,,,北陸先端大学行きのバスをご案内した。
2026/02/10,窓口,1.日本,10時台,観光,個人,女性,20代から30代,Komatsu九館内,お手洗い,,,,,,,,,,
2026/02/10,窓口,1.日本,10時台,ビジネス,個人,男性,60代以上,Komatsu九館内,喫煙所,,,,,,,,,,
2026/02/10,窓口,1.日本,11時台,観光,個人,男性,60代以上,交通,,バス,那谷寺,,,,,,,,粟津線をご案内した。
2026/02/11,窓口,1.日本,10時台,市民利用,個人,女性,60代以上,周辺店舗、飲食店,,,,カフェ,,,,,,,周辺でジュースなどが飲めるところ。カブーレを案内した。
2026/02/11,窓口,1.日本,11時台,観光,2〜5人,男女,40代から50代,周辺店舗、飲食店,,,,ランチ,,,,,,,和食のランチをお探し。つるっと、つかさ、竹屋をご案内した。
2026/02/11,窓口,2.アジア,12時台,観光,個人,男性,20代から30代,交通,,バス,農口尚彦研究所,,,,,,,,農口尚彦研究所までのアクセス。タクシーをおすすめした。
2026/02/11,窓口,1.日本,14時台,観光,個人,男性,20代から30代,Komatsu九館内,お手洗い,,,,,,,,,,
2026/02/11,電話,1.日本,14時台,市民利用,個人,男性,20代から30代,イベント,,,,,,,,,ポムポムプリンスタンプ,,スタンプラリーイベントはやっているのかとの問い合わせ。すでに終了とお伝えし、フォトスポットのみ案内した。
2026/02/11,窓口,1.日本,10時台,観光,個人,男性,40代から50代,Komatsu九館内,お手洗い,,,,,,,,,,
2026/02/11,窓口,1.日本,12時台,市民利用,個人,男性,40代から50代,Komatsu九館内,喫煙所,,,,,,,,,,
2026/02/11,窓口,1.日本,11時台,観光,個人,女性,40代から50代,Komatsu九館内,喫煙所,,,,,,,,,,
2026/02/12,窓口,1.日本,09時台,観光,個人,男性,60代以上,交通,,バス,松井秀喜ミュージアム,,,,,,,,松井秀喜ミュージアムまでのアクセス。安宅線とのみバスを案内した。
2026/02/12,窓口,1.日本,11時台,観光,個人,男性,60代以上,Komatsu九館内,喫煙所,,,,,,,,,,
2026/02/12,窓口,1.日本,11時台,観光,個人,男性,60代以上,Komatsu九館内,お手洗い,,,,,,,,,,
2026/02/12,窓口,1.日本,12時台,観光,個人,男性,60代以上,観光案内,,,,,小松城,見て歩きマップ,,,,,"小松城址についてのお問い合わせ。
周辺をご案内しました。"
2026/02/12,窓口,1.日本,12時台,市民利用,個人,女性,40代から50代,物産,,,,,,,お菓子,,,,御朱印ゴディバをお探し。完売したとお伝えした。
2026/02/12,窓口,1.日本,12時台,ビジネス,個人,男性,40代から50代,物産,,,,,,,取扱いのないもの（金沢土産、栗蒸し羊羹等）,,,,栗蒸し羊羹をお探し。セブンをご案内した。
2026/02/13,電話,1.日本,10時台,観光,個人,女性,60代以上,観光案内,,,,,木場潟公園,お渡しなし,,,,,木場潟公園の梅について問い合わせ。中央園地が最寄りで、去年は5/25ごろに五分咲きだったことをお伝えした。
2026/02/13,窓口,1.日本,10時台,観光,2〜5人,女性,20代から30代,交通,,タクシー,農口尚彦研究所,,,,,,,,農口までのアクセス。タクシーをおすすめした。
2026/02/13,窓口,1.日本,14時台,市民利用,個人,女性,60代以上,交通,,バス,市民病院,,,,,,,,川辺町から市民病院までのアクセス。循環バスと北鉄バスをご案内した。
2026/02/14,窓口,1.日本,08時台,観光,個人,男性,40代から50代,交通,,鉄道,小松市以外（福井、金沢ほか県外）,,,,,,,,山中温泉
2026/02/14,窓口,1.日本,08時台,市民利用,個人,男性,40代から50代,Komatsu九館内,お手洗い,,,,,,,,,,
2026/02/14,窓口,1.日本,08時台,ビジネス,個人,男性,40代から50代,Komatsu九館内,お手洗い,,,,,,,,,,
2026/02/14,窓口,2.アジア,16時台,観光,個人,女性,40代から50代,交通,,飛行機,小松空港,,,,,,,,
2026/02/15,窓口,1.日本,12時台,市民利用,個人,女性,40代から50代,交通,,タクシー,イオンモール新小松までのタクシー,,,,,,,,イオンモール新小松までのタクシーの所要時間のお問い合わせ。バスの時間が空いていたのでタクシー10分ほどとをご案内。（田中）
2026/02/15,窓口,1.日本,11時台,観光,個人,女性,40代から50代,Komatsu九館内,お手洗い,,,,,,,,,,
2026/02/15,窓口,2.アジア,11時台,観光,個人,男性,20代から30代,交通,,バス,小松インター,,,,,,,,小松から名古屋まで高速バスで行きたい。名鉄バスの番号を伝えて電話で予約してもらう。小松インターまでの行き方の方法はバスとタクシーと案内しました。林
2026/02/15,電話,1.日本,08時台,観光,個人,女性,40代から50代,物産,,,,,,,お菓子,,,,ネットで買えないお菓子でお店に売っているもの。マルフジ、行松、よどがわ、みのわのお菓子をお伝えしました。林
2026/02/16,窓口,1.日本,08時台,観光,個人,女性,20代から30代,Komatsu九館内,お手洗い,,,,,,,,,,
2026/02/16,電話,1.日本,11時台,観光,個人,女性,60代以上,交通,,鉄道,京都から小松,,,,,,,,京都から小松までのアクセスを知りたいとのこと。高速バスを聞かれたが、駅発着ではないことをお伝え。新幹線をご案内した。
2026/02/16,窓口,1.日本,12時台,市民利用,個人,女性,60代以上,交通,,バス,平和堂,,,,,,,,"平和堂までのアクセス。佐野線に乗って園町で
降りるルートをご案内した。"
2026/02/16,電話,1.日本,12時台,市民利用,個人,男性,60代以上,物産,,,,,,,取扱いのないもの（金沢土産、栗蒸し羊羹等）,,,,烏鶏庵のカステラをお探し。取り扱いないことをお伝えした。
2026/02/16,窓口,1.日本,13時台,ビジネス,個人,男性,40代から50代,交通,,バス,小松空港,,,,,,,,
2026/02/16,窓口,1.日本,15時台,観光,個人,男性,40代から50代,物産,,,,,,,取扱いのないもの（金沢土産、栗蒸し羊羹等）,,,,金沢うら田のさい川はないか聞かれた
2026/02/16,窓口,1.日本,15時台,観光,6〜9人,男性,40代から50代,物産,,,,,,,取扱いのないもの（金沢土産、栗蒸し羊羹等）,,,,金箔カステラがほしい、とのことだったため案内したが金の延棒のようなものを探しているとのことだった
2026/02/16,電話,1.日本,16時台,観光,個人,男性,40代から50代,物産,,,,,,,お菓子,,,,みのわさまのスイートポテトの在庫を確認され、本日伺うため取り置きして欲しいとのことだった。
2026/02/16,窓口,1.日本,17時台,市民利用,個人,女性,60代以上,Komatsu九館内,Wi-Fi,,,,,,,,,,
2026/02/16,窓口,1.日本,17時台,観光,個人,男性,40代から50代,Komatsu九館内,お手洗い,,,,,,,,,,
2026/02/17,窓口,1.日本,11時台,市民利用,個人,女性,60代以上,交通,,バス,自動車学校,,,,,,,,自動車学校へ行きたいとのこと。バスをご案内した。
2026/02/17,窓口,1.日本,11時台,ビジネス,個人,男性,20代から30代,物産,,,,,,,取扱いのないもの（金沢土産、栗蒸し羊羹等）,,,,不室屋の味噌汁をお探し。取り扱いないことをお伝えした。
2026/02/17,窓口,1.日本,13時台,市民利用,個人,女性,60代以上,周辺店舗、飲食店,,,,カブッキーランド,,,,,,,見て歩きマップでご案内した。
2026/02/17,窓口,2.アジア,14時台,観光,家族連れ,女性,40代から50代,交通,,バス,航空プラザ,,,,,,,,空港線をご案内した。
2026/02/17,窓口,1.日本,15時台,観光,個人,男性,20代から30代,交通,,バス,小松市以外（福井、金沢ほか県外）,,,,,,,,高速バスのチケットはどこで買えますか？/北鉄テレホンサービスの電話番号ご案内しました（南）
2026/02/17,窓口,1.日本,17時台,観光,個人,男性,40代から50代,観光案内,,,,,小松の街並み,見て歩きマップ,,,,,1時間ほど時間があるとのことで材木町など案内しました。林
2026/02/18,窓口,1.日本,09時台,ビジネス,個人,女性,40代から50代,Komatsu九館内,会議室,,,,,,,,,,会議室の場所を知りたい。コワワーキングスペースかイベントスペースと案内しました。林
2026/02/18,窓口,1.日本,11時台,観光,2〜5人,男女,60代以上,交通,,バス,安宅の関,,,,,,,,バスの時刻を知りたい。バスが出たばかりなので次のバスまで2時間ほどある。タクシー案内と時刻表をお渡ししました。林
2026/02/18,電話,1.日本,14時台,市民利用,個人,男性,60代以上,イベント,,,,,,,,,大相撲,,大相撲小松場所のチケットの販売について。スタンドA席9000円の席のみ販売しています。案内しました。林
2026/02/18,窓口,1.日本,12時台,ビジネス,個人,男性,40代から50代,Komatsu九館内,お手洗い,,,,,,,,,,
2026/02/18,窓口,1.日本,13時台,観光,2〜5人,女性,学生,交通,,バス,石川動物園,,,,,,,,石川動物園へのバスを知りたい。土日祝日のみバスがある。電車に乗って能美根上駅からバスと徒歩。帰りの金沢行きのバスまで時間があまりないので滞在時間30分ほどしかない。と案内しました。林
2026/02/18,窓口,1.日本,14時台,市民利用,個人,男性,60代以上,交通,,ライドシェア,南部,,,,,,,,ライドシェアの電話番号がわからない（パンフレットに書いていない？）とのことだったため、電話番号をお伝えした。
2026/02/18,窓口,2.アジア,16時台,観光,2〜5人,男女,40代から50代,交通,,送迎サービスの連絡,のとや,,,,,,,,台湾から観光で来られたご夫婦で、のとやさんの無料送迎サービスを利用したいため、代わりに電話してほしいとのことだった。サービスの有無と粟津駅到着時刻を調べて、電話をかけた。
2026/02/19,窓口,1.日本,10時台,ビジネス,個人,男性,40代から50代,Komatsu九館内,お手洗い,,,,,,,,,,
2026/02/19,窓口,2.アジア,09時台,観光,個人,女性,60代以上,Komatsu九館内,お手洗い,,,,,,,,,,
2026/02/19,窓口,2.アジア,11時台,観光,家族連れ,男女,40代から50代,観光案内,,,,,"航空プラザ, こまつの杜","じゃらん, 個別のパンフレット",,,,,台湾からの家族連れでお子様が遊べる所をおさがし。こまつの杜やサイエンス、末広公園をご案内した。
2026/02/19,窓口,2.アジア,11時台,観光,2〜5人,女性,60代以上,周辺店舗、飲食店,,,,ランチ,,,,,,,ランチで甲羅揚げを食べたいとのこと。ご案内できるところがなく、夜なら近くの居酒屋で食べられるとご案内した
2026/02/19,窓口,1.日本,12時台,ビジネス,個人,女性,40代から50代,観光案内,,,,,みよっさ,見て歩きマップ,,,,,駅周辺で観光できるところをお探し。みよっさや錦がまをご案内した。
2026/02/19,窓口,1.日本,12時台,ビジネス,個人,男性,40代から50代,観光案内,,,,,鹿野酒造,お渡しなし,,,,,鹿野酒造のパンフレットをお探し。ないことをお伝え。
2026/02/19,電話,1.日本,14時台,ビジネス,個人,女性,20代から30代,その他,,,,,,,,,,その他,映像提供のお願い。事務局をご案内した。
2026/02/19,窓口,1.日本,15時台,観光,個人,男性,60代以上,交通,,バス,安宅住吉神社、勧進帳ものがたり館,,,,,,,,バスの時間をご案内した。
2026/02/19,窓口,1.日本,16時台,ビジネス,個人,男性,20代から30代,周辺店舗、飲食店,,,,カキを食べられるお店,,,,,,,カキを食べたい。おとと屋を案内しました。林
2026/02/20,窓口,1.日本,09時台,ビジネス,個人,男性,40代から50代,Komatsu九館内,お手洗い,,,,,,,,,,
2026/02/20,窓口,1.日本,10時台,市民利用,個人,男性,60代以上,Komatsu九館内,ギャラリーエリア,,,,,,,,,,ナインの事務所をお探し。ご案内した。
2026/02/20,窓口,1.日本,10時台,観光,個人,男女,60代以上,交通,,バス,那谷寺,,,,,,,,粟津線をご案内した。
2026/02/20,窓口,1.日本,10時台,市民利用,個人,女性,60代以上,物産,,,,,,,取扱いのないもの（金沢土産、栗蒸し羊羹等）,,,,圓八のあんころをお探し。セブンをご案内した。
2026/02/20,窓口,2.アジア,11時台,観光,個人,男性,20代から30代,交通,,バス,小松空港,,,,,,,,空港線の時間をご案内した。
2026/02/20,窓口,1.日本,11時台,ビジネス,個人,男性,40代から50代,Komatsu九館内,喫煙所,,,,,,,,,,
2026/02/20,電話,1.日本,12時台,市民利用,個人,女性,60代以上,イベント,,,,,,,,,大相撲小松場所,,大相撲小松場所のチケットについて。残っている座席がスタンド2階のみ、足が悪いとのことだったので今回はやめときますとのことでした（田中）
2026/02/20,窓口,2.アジア,12時台,観光,個人,女性,40代から50代,交通,,バス,イオンモール,,,,,,,,イオン行きのバスをお探し。時刻表をお渡しした。
2026/02/20,窓口,3.欧米,14時台,観光,2〜5人,男女,20代から30代,周辺店舗、飲食店,,,,ランチ,,,,,,,外国の方、15人ほどのグループで和食のランチがしたいとのこと。割烹つかさをご案内した。
2026/02/20,電話,1.日本,14時台,市民利用,個人,男性,60代以上,宿泊,,,,,,,,変なホテル,,,変なホテルの電話番号を知りたいとのこと。お伝えした。
2026/02/20,窓口,1.日本,14時台,観光,個人,男性,20代から30代,Komatsu九館内,ギャラリーエリア,,,,,,,,,,五周印のスタンプをお探し。ギャラリーをご案内した。
2026/02/20,窓口,1.日本,15時台,観光,個人,男性,40代から50代,交通,,バス,小松空港,,,,,,,,空港行きのバス。時刻表をお渡しした。
2026/02/20,窓口,1.日本,17時台,ビジネス,2〜5人,男女,20代から30代,物産,,,,,,,お菓子,,,,加賀市の定番のお菓子やお土産のお問い合わせ。娘娘饅頭などをご案内した（田中）
2026/02/20,窓口,1.日本,16時台,市民利用,個人,女性,40代から50代,その他,,,,,,,,,,落とし物,スマホ
2026/02/21,窓口,1.日本,09時台,観光,家族連れ,男女,60代以上,交通,,バス,那谷寺,,,,,,,,那谷寺までのバスをお探し。時刻表もお渡しした。
2026/02/21,窓口,1.日本,09時台,ビジネス,個人,男性,40代から50代,交通,,バス,加賀市,,,,,,,,加賀市の中川技研までのアクセス。月津線をご案内した。
2026/02/21,窓口,1.日本,10時台,観光,個人,男女,60代以上,交通,,バス,イオン,,,,,,,,イオンモール行きのバスをお探し。時刻表をお渡しした。
2026/02/21,窓口,1.日本,11時台,観光,2〜5人,男女,60代以上,周辺店舗、飲食店,,,,松葉屋,,,,,,,松葉屋をお探し。マップをお渡しした。
2026/02/21,窓口,1.日本,11時台,観光,個人,女性,40代から50代,交通,,バス,小松空港,,,,,,,,空港線の切符をお探し。車内で支払うことをお伝えした。
2026/02/21,窓口,1.日本,12時台,観光,家族連れ,男女,60代以上,観光案内,,,,,みよっさ,"じゃらん, 見て歩きマップ",,,,,2時間ほど観光をしたいとのこと。みよっさや錦窯をご案内した。
2026/02/21,窓口,1.日本,12時台,観光,2〜5人,男女,40代から50代,物産,,,,,,,その他雑貨,,,,全国鳥獣戯画のグッズをお探し、小松駅にはお取り扱いがないとご案内した。石川県は金沢駅などで販売。（田中）
2026/02/22,窓口,1.日本,09時台,観光,2〜5人,男性,40代から50代,周辺店舗、飲食店,,,,"カフェ, 小松うどん、塩焼きそば, カニ、加賀パフェ、ジビエ",,,,,,,パンフレットを見てカニ、加賀パフェ、ジビエの小松市のお店を聞かれた。カニは予約、加賀パフェは加賀市、ジビエは近くにはない。駅周辺で小松のものは、塩焼きそば、小松うどんのお店を案内しました。林
2026/02/22,窓口,2.アジア,10時台,観光,個人,女性,20代から30代,交通,,バス,イオンモール,,,,,,,,イオンモール行きのバスをご案内しました。林
2026/02/22,窓口,1.日本,11時台,観光,個人,女性,40代から50代,交通,,徒歩,ひなマルシェ,,,,,,,,ひなマルシェに行くためにバスの時刻を知りたい。大川町と勘違いされていて徒歩での案内をしました。林
2026/02/22,窓口,1.日本,09時台,観光,2〜5人,男性,40代から50代,Komatsu九館内,お手洗い,,,,,,,,,,
2026/02/22,窓口,1.日本,09時台,観光,2〜5人,男女,20代から30代,交通,,バス,日本自動車博物館,,,,,,,,自動車博物館行きのバスとCANBUSの案内をし、林特別優待券とパンフレットもお渡ししました。
2026/02/22,窓口,2.アジア,11時台,観光,2〜5人,女性,20代から30代,交通,,バス,イオンモール,,,,,,,,イオンモール行きのバスをご案内しました。林
2026/02/22,電話,1.日本,16時台,市民利用,個人,女性,60代以上,イベント,,,,,,,,,大相撲,,残っている券種を聞かれた
2026/02/22,窓口,1.日本,15時台,観光,2〜5人,男女,60代以上,物産,,,,,,,食品,,,,お弁当を聞かれた
2026/02/22,窓口,1.日本,17時台,観光,2〜5人,男性,20代から30代,周辺店舗、飲食店,,,,小松うどん、塩焼きそば,,,,,,,近くの夜に食べられるところはないか聞かれた
2026/02/22,窓口,1.日本,17時台,観光,個人,女性,40代から50代,その他,,,,,,,,,,その他,乗り放題の切符を買ったが富山方面で駅のまわりに何か観光できるところはないか、と聞かれた
2026/02/23,窓口,1.日本,14時台,観光,個人,女性,60代以上,観光案内,,,,,那谷寺,お渡しなし,,,,,
2026/02/23,電話,1.日本,17時台,観光,個人,男性,60代以上,観光案内,,,,,那谷寺,お渡しなし,,,,,積雪の有無を聞かれた
2026/02/23,窓口,1.日本,17時台,観光,2〜5人,女性,40代から50代,物産,,,,,,,取扱いのないもの（金沢土産、栗蒸し羊羹等）,,,,丸八製茶の取り扱い場所を聞かれた
2026/02/23,窓口,1.日本,17時台,観光,家族連れ,男女,20代から30代,Komatsu九館内,お手洗い,,,,,,,,,,
2026/02/23,窓口,1.日本,17時台,観光,家族連れ,男女,20代から30代,Komatsu九館内,お手洗い,,,,,,,,,,
2026/02/24,窓口,1.日本,09時台,観光,個人,男性,40代から50代,観光案内,,,,,みよっさ,個別のパンフレット,,,,,飛行機までの間に周辺を観光したいとのこと。みよっさをご案内した。
2026/02/24,電話,1.日本,10時台,ビジネス,個人,男性,20代から30代,周辺店舗、飲食店,,,,ランチ,,,,,,,旅行会社からの問い合わせ。学生旅行で昼食が取れる所をお探し。ゆのくにや道の駅などをご案内した。
2026/02/24,窓口,1.日本,10時台,観光,個人,女性,学生,Komatsu九館内,お手洗い,,,,,,,,,,
2026/02/24,窓口,1.日本,10時台,観光,個人,女性,40代から50代,交通,,バス,小松空港,,,,,,,,空港線をお探し。バス停をご案内した。
2026/02/24,電話,1.日本,12時台,市民利用,個人,男性,40代から50代,イベント,,,,,,,,,大相撲小松場所について,,
2026/02/24,窓口,1.日本,14時台,観光,個人,女性,60代以上,交通,,飛行機,小松空港,,,,,,,,
2026/02/24,窓口,1.日本,13時台,観光,個人,女性,40代から50代,Komatsu九館内,お手洗い,,,,,,,,,,
2026/02/24,窓口,1.日本,14時台,観光,個人,女性,60代以上,Komatsu九館内,お手洗い,,,,,,,,,,
2026/02/24,窓口,1.日本,18時台,観光,個人,女性,40代から50代,周辺店舗、飲食店,,,,海鮮,,,,,,,パンフレットお渡し
2026/02/25,窓口,1.日本,09時台,観光,個人,男性,20代から30代,交通,,バス,小松空港,,,,,,,,空港行きのチケットをお探し。車内で支払うことをお伝えした。
2026/02/25,窓口,1.日本,09時台,観光,個人,女性,60代以上,観光案内,,,,,美術館,"じゃらん, 見て歩きマップ",,,,,駅周辺の観光地をお探し。水曜定休の場所が多く、美術館系をご案内した。
2026/02/25,窓口,1.日本,09時台,市民利用,個人,女性,60代以上,交通,,駐車場,精算機,,,,,,,,駅前の駐車場の精算機から領収書が出ないとのこと。管理会社に連絡してもらうようお伝えした。
2026/02/25,電話,1.日本,14時台,市民利用,個人,男性,60代以上,観光案内,,,,,滝ヶ原,お渡しなし,,,,,滝ヶ原のガイドの予約がしたいが、全く電話に出ないとお怒りでした。謝罪してホームページからも予約できることをお伝えした。
2026/02/25,電話,1.日本,14時台,市民利用,個人,女性,20代から30代,イベント,,,,,,,,,小松場所,,小松場所で力士に赤ちゃんを抱っこしてほしいがどうすればいいのかとの問い合わせ。問い合わせ先をご案内した。
2026/02/25,窓口,1.日本,13時台,観光,個人,女性,40代から50代,Komatsu九館内,喫煙所,,,,,,,,,,
2026/02/25,窓口,1.日本,12時台,観光,個人,男性,40代から50代,交通,,シェアサイクル,サイクルポート,,,,,,,,シェアサイクルの予約はできるのか。できないことをおつたえした。
2026/02/25,電話,1.日本,13時台,観光,個人,男性,40代から50代,交通,,シェアサイクル,サイクルポート,,,,,,,,一日券の販売について、当店で販売していることをお伝えした。
2026/02/25,窓口,1.日本,15時台,観光,個人,女性,60代以上,Komatsu九館内,お手洗い,,,,,,,,,,
2026/02/25,窓口,1.日本,13時台,観光,個人,女性,60代以上,Komatsu九館内,お手洗い,,,,,,,,,,
2026/02/25,窓口,1.日本,13時台,観光,個人,女性,60代以上,物産,,,,,,,取扱いのないもの（金沢土産、栗蒸し羊羹等）,,,,中田屋のきんつばをお探し。ないことをお伝えした。
2026/02/26,窓口,1.日本,09時台,観光,個人,女性,60代以上,交通,,地図,地図,,,,,,,,広域の地図が欲しいとのこと。石川県のマップをお渡しした。
2026/02/26,窓口,1.日本,09時台,観光,個人,男性,60代以上,観光案内,,,,,那谷寺,お渡しなし,,,,,那谷寺の雪の情報をしりたいとのこと。那谷寺のSNSを確認してご案内した。
2026/02/26,窓口,1.日本,10時台,観光,個人,女性,20代から30代,交通,,バス,小松空港,,,,,,,,空港線の支払い方法の問い合わせ。現金とクレカをご案内した。
2026/02/26,窓口,1.日本,10時台,観光,個人,男性,40代から50代,その他,,,,,,,,,,その他,駅のスタンプをお探し。改札付近にあることをお伝えした。
2026/02/26,窓口,1.日本,10時台,観光,個人,女性,60代以上,物産,,,,,,,取扱いのないもの（金沢土産、栗蒸し羊羹等）,,,,松葉屋の羊羹をお探し。カブーレをご案内した。
2026/02/26,窓口,1.日本,15時台,観光,個人,男性,60代以上,Komatsu九館内,お手洗い,,,,,,,,,,
2026/02/26,窓口,1.日本,11時台,観光,個人,女性,20代から30代,Komatsu九館内,お手洗い,,,,,,,,,,
2026/02/26,窓口,1.日本,14時台,観光,個人,女性,60代以上,物産,,,,,,,食品,,,,駅弁をお探し。カブーレをご案内した。
2026/02/26,窓口,1.日本,14時台,観光,個人,女性,60代以上,物産,,,,,,,食品,,,,駅弁をお探し。カブーレをご案内した。
2026/02/26,窓口,1.日本,14時台,観光,個人,男性,40代から50代,観光案内,,,,,みよっさ,"じゃらん, 見て歩きマップ",,,,,駅周辺を観光したいとのこと。みよっさや錦窯をご案内した。
2026/02/26,窓口,2.アジア,15時台,観光,個人,女性,20代から30代,交通,,バス,小松空港,,,,,,,,7時35分の飛行機に6時55分発のバスで大丈夫か。そのバスで間に合います。伝えました。林
2026/02/26,窓口,1.日本,15時台,観光,個人,女性,20代から30代,周辺店舗、飲食店,,,,スーパー,,,,,,,近くのスーパーの問い合わせ。犬丸屋とマルエーをご案内しました。林
2026/02/27,窓口,2.アジア,11時台,観光,家族連れ,女性,20代から30代,交通,,バス,イオンモール,,,,,,,,韓国の方。イオン行きのバスをお探し。木場潟線をご案内しました。
2026/02/27,窓口,1.日本,10時台,市民利用,個人,女性,40代から50代,交通,,バス,イオンモール,,,,,,,,イオンモール行きのバスをお探し。時刻表をお渡しした。
2026/02/27,電話,2.アジア,12時台,観光,個人,男性,40代から50代,交通,,鉄道,大阪や東京,,,,,,,,大阪や東京までの所要時間など
2026/02/27,窓口,1.日本,17時台,観光,個人,男性,20代から30代,周辺店舗、飲食店,,,,ディナー,,,,,,,パンフレットお渡し
2026/02/27,電話,1.日本,17時台,観光,個人,女性,40代から50代,観光案内,,,,,デクノマイの行き方や観光について,お渡しなし,,,,,
2026/02/28,窓口,1.日本,09時台,市民利用,個人,男性,40代から50代,周辺店舗、飲食店,,,,本屋,,,,,,,近くに本屋がないか尋ねられましたが、近くにはないですと返答しました
2026/02/28,窓口,2.アジア,09時台,観光,2〜5人,男女,20代から30代,交通,,バス,小松空港,,,,,,,,空港行きのバス停を尋ねられました
2026/02/28,電話,1.日本,14時台,市民利用,個人,女性,60代以上,物産,,,,,,,九谷焼,,,,宮本泰山堂の商品を取り扱っているとことのお問い合わせ。すぐに分かりかねたので折り返し電話すると提案したがお急ぎの様子で断られました（田中）
2026/02/28,窓口,1.日本,11時台,観光,2〜5人,女性,40代から50代,観光案内,,,,,鶴来駅,"見て歩きマップ, 個別のパンフレット",,,,,鶴来駅から小松駅までのバス、安宅の関までの交通手段、周辺のお寿司屋など。（田中）
2026/02/28,窓口,1.日本,14時台,観光,個人,男性,60代以上,Komatsu九館内,お手洗い,,,,,,,,,,
2026/02/28,窓口,1.日本,15時台,観光,個人,男性,60代以上,物産,,,,,,,取扱いのないもの（金沢土産、栗蒸し羊羹等）,,,,つきよみやまじ
2026/02/28,窓口,1.日本,17時台,観光,個人,女性,40代から50代,物産,,,,,,,取扱いのないもの（金沢土産、栗蒸し羊羹等）,,,,曳山サブレ
2026/02/28,窓口,1.日本,17時台,観光,個人,女性,40代から50代,その他,,,,,,,,,,その他,配送について
2026/03/01,窓口,1.日本,10時台,観光,個人,男性,60代以上,観光案内,,,,,安宅住吉神社、安宅の関,お渡しなし,,,,,安宅の関までの交通方法とバス時刻の問い合わせ　
2026/03/01,窓口,1.日本,10時台,ビジネス,個人,女性,20代から30代,交通,,バス,軽海方面,,,,,,,,軽海方面へ行く為のバスはありますか　ご案内しました
2026/03/01,窓口,1.日本,16時台,観光,2〜5人,男女,40代から50代,周辺店舗、飲食店,,,,小松うどん、塩焼きそば,,,,,,,小松の名産と駅ちかくの飲食店の問い合わせ
2026/03/02,電話,1.日本,11時台,観光,個人,男性,60代以上,周辺店舗、飲食店,,,,ランチ,,,,,,,木場潟公園でお花見に来る老人会からの問い合わせ。近くで飲食店を探しているとのこと。武兵衛やラーゴビアンコをご案内した。
2026/03/02,窓口,1.日本,12時台,市民利用,個人,女性,60代以上,イベント,,,,,,,,,大相撲,,チケットありますか　　完売しましたとお伝えしました
2026/03/02,電話,1.日本,18時台,観光,個人,男性,60代以上,イベント,,,,,,,,,お相撲,,チケットの有無
2026/03/03,窓口,1.日本,11時台,観光,個人,女性,40代から50代,観光案内,,,,,みよっさ,見て歩きマップ,,,,,2時間ほど駅周辺を観光したいとのこと。みよっさや龍助町、錦窯などをご案内した。
2026/03/03,窓口,1.日本,10時台,ビジネス,個人,男性,40代から50代,Komatsu九館内,お手洗い,,,,,,,,,,
2026/03/03,窓口,1.日本,11時台,観光,個人,男女,60代以上,Komatsu九館内,休憩所,,,,,,,,,,休憩所をお探し。820をご案内した。
2026/03/03,窓口,1.日本,14時台,観光,個人,男性,20代から30代,Komatsu九館内,お手洗い,,,,,,,,,,
2026/03/03,電話,1.日本,14時台,ビジネス,個人,男性,40代から50代,観光案内,,,,,松井秀喜ミュージアム,お渡しなし,,,,,旅行会社からの問い合わせ。松井秀喜ミュージアムに10人で行く場合、予約は必要か。直接施設に聞いていただくようお伝えした。
2026/03/03,窓口,1.日本,13時台,市民利用,個人,女性,60代以上,イベント,,,,,,,,,大相撲,,小松場所のチケットをお探し。完売とお伝え。
2026/03/03,窓口,3.欧米,14時台,観光,個人,男性,60代以上,物産,,,,,,,お菓子,,,,白エビせんべい
2026/03/03,窓口,1.日本,15時台,観光,個人,男性,20代から30代,物産,,,,,,,取扱いのないもの（金沢土産、栗蒸し羊羹等）,,,,くるみ羽二重
2026/03/03,電話,1.日本,16時台,観光,個人,男性,40代から50代,周辺店舗、飲食店,,,,寿司,,,,,,,小松市内のお寿司屋。米八、竹屋、すし椿などご案内しました（田中）
2026/03/04,電話,1.日本,10時台,市民利用,個人,女性,40代から50代,宿泊,,,,,,,,ハイパーホテル,,,ハイパーホテルに電話しているが全く繋がらない。どうすればいいかとのお問い合わせ。お客様に了承を頂きハイパーホテルにお客様のお名前と電話番号を伝えてハイパーホテルからかけてもらうよう依頼し対応しました。航空祭のホテル予約との。（田中）
2026/03/04,窓口,1.日本,09時台,市民利用,個人,女性,40代から50代,物産,,,,,,,食品,,,,駅弁のお問い合わせ
2026/03/04,窓口,1.日本,10時台,観光,個人,男性,40代から50代,Komatsu九館内,お手洗い,,,,,,,,,,
2026/03/04,窓口,1.日本,13時台,観光,個人,女性,20代から30代,交通,,バス,小松空港,,,,,,,,13時25分のバスに乗ろうとしたら22分に信号待ちのバスが見えた。順番待ちをしていた人は見えていた。次のバスを案内したが間に合わないのでタクシーを案内しました。
2026/03/05,窓口,1.日本,15時台,市民利用,個人,女性,60代以上,交通,,バス,沖町,,,,,,,,沖町までのバスをお探し。ハニべ線や麦口線をご案内した。
2026/03/05,窓口,1.日本,12時台,市民利用,個人,男性,40代から50代,イベント,,,,,,,,,大相撲,,小松場所のチケットをお探し。完売とお伝えした。
2026/03/05,窓口,1.日本,10時台,観光,個人,男性,60代以上,交通,,バス,南口バス停,,,,,,,,南口バス停をお探し。ご案内した。ツアーの集合場所になっていたそうです。
2026/03/05,窓口,1.日本,10時台,観光,個人,女性,60代以上,交通,,バス,南口バス停,,,,,,,,南口バス停をお探し。ご案内した。
2026/03/05,窓口,1.日本,15時台,ビジネス,個人,男性,40代から50代,Komatsu九館内,コワーキングエリア,,,,,,,,,,コワーキングをお探し。ご案内した。
2026/03/05,窓口,1.日本,15時台,ビジネス,個人,男性,40代から50代,Komatsu九館内,喫煙所,,,,,,,,,,
2026/03/05,窓口,1.日本,10時台,観光,個人,女性,20代から30代,Komatsu九館内,お手洗い,,,,,,,,,,
2026/03/05,窓口,1.日本,10時台,観光,2〜5人,女性,40代から50代,Komatsu九館内,お手洗い,,,,,,,,,,
2026/03/05,窓口,2.アジア,10時台,観光,個人,女性,20代から30代,交通,,バス,小松空港,,,,,,,,空港線のチケットをお探し。車内で支払うことをお伝えした。
2026/03/05,窓口,1.日本,15時台,ビジネス,個人,男性,40代から50代,交通,,バス,名古屋,,,,,,,,名古屋行きの高速バスをお探し。バス会社に直接連絡してもらうようご案内した。
2026/03/06,窓口,1.日本,10時台,市民利用,個人,女性,60代以上,イベント,,,,,,,,,大相撲,,小松場所のチケットをお探し。完売したとお伝えした。
2026/03/06,電話,1.日本,11時台,観光,個人,女性,60代以上,イベント,,,,,,,,,航空祭,,航空祭について、当日のアクセスを知りたいとのこと。シャトルバスをご案内した。
2026/03/06,窓口,1.日本,11時台,観光,家族連れ,男女,20代から30代,周辺店舗、飲食店,,,,小松うどん、塩焼きそば,,,,,,,つるっとをご案内した。
2026/03/06,電話,1.日本,10時台,ビジネス,個人,男性,40代から50代,周辺店舗、飲食店,,,,小松うどん、塩焼きそば,,,,,,,テレビ局より、小松の町中華について取材したいがどこに聞いたら良いかとの問い合わせ。小松中華組合をご案内した。
2026/03/06,窓口,1.日本,12時台,観光,個人,男性,20代から30代,交通,,バス,小松空港,,,,,,,,空港までの料金を知りたいとのこと。ご案内した。
2026/03/06,電話,1.日本,13時台,観光,個人,男性,60代以上,周辺店舗、飲食店,,,,十湯温泉,,,,,,,インター前の十湯温泉の電話番号を教えてほしい。小松グリーン温泉の番号をお伝えしました。林
2026/03/06,窓口,1.日本,12時台,観光,2〜5人,女性,20代から30代,Komatsu九館内,お手洗い,,,,,,,,,,
2026/03/06,窓口,1.日本,13時台,ビジネス,個人,男性,40代から50代,Komatsu九館内,お手洗い,,,,,,,,,,
2026/03/06,窓口,1.日本,17時台,市民利用,個人,男性,60代以上,その他,,,,,,,,,,その他,小松のグルメブックを市役所で見かけたがここに無いか聞かれました　小坂
2026/03/08,窓口,1.日本,11時台,観光,個人,男性,40代から50代,周辺店舗、飲食店,,,,ランチ,,,,,,,近くの飲食店、アルバとラーゴビアンコをご案内しました（小坂）
2026/03/08,窓口,1.日本,11時台,観光,個人,男性,40代から50代,周辺店舗、飲食店,,,,"ランチ, 小松うどん、塩焼きそば",,,,,,,
2026/03/08,窓口,1.日本,15時台,観光,個人,男性,20代から30代,物産,,,,,,,取扱いのないもの（金沢土産、栗蒸し羊羹等）,,,,花饅頭？能登の復興のお菓子
2026/03/08,窓口,1.日本,16時台,観光,家族連れ,男女,60代以上,物産,,,,,,,取扱いのないもの（金沢土産、栗蒸し羊羹等）,,,,おわら玉？
2026/03/09,窓口,1.日本,10時台,観光,2〜5人,男女,60代以上,観光案内,,,,,小松天満宮,お渡しなし,,,,,小松天満宮ほどの辺ですか　/   大まかにご説明しました
2026/03/09,窓口,1.日本,12時台,観光,個人,女性,40代から50代,Komatsu九館内,お手洗い,,,,,,,,,,
2026/03/09,窓口,1.日本,15時台,観光,個人,男性,60代以上,交通,,バス,粟津グランドホテル,,,,,,,,粟津グランドホテルへのバスをご案内。粟津温泉の地図がないか？とのことで地図はありません。お伝えしました。林
2026/03/09,窓口,1.日本,15時台,観光,個人,男性,60代以上,交通,,周辺の地図,駅周辺,,,,,,,,見てあるきmapをお渡ししました。林
2026/03/09,窓口,1.日本,12時台,観光,個人,女性,40代から50代,その他,,,,,,,,,,その他,日帰り温泉に行きたい。いろいろお伝えし、涌泉寺温泉ご案内しました。
2026/03/09,窓口,1.日本,15時台,観光,個人,男性,60代以上,その他,,,,,,,,,,その他,バス乗り場をご案内しました。林
2026/03/09,窓口,1.日本,17時台,ビジネス,2〜5人,男性,20代から30代,周辺店舗、飲食店,,,,ディナー,,,,,,,お魚と地元のお酒が飲める居酒屋。おとと屋を案内しました。林
2026/03/09,窓口,1.日本,15時台,ビジネス,個人,男性,40代から50代,交通,,バス,松井秀喜ミュージアム,,,,,,,,バス時刻案内。待ち時間があるためタクシー案内しました。林
2026/03/10,窓口,1.日本,09時台,観光,個人,女性,40代から50代,Komatsu九館内,待合室,,,,,,,,,,待合室をお探し。820をご案内した。
2026/03/10,窓口,1.日本,09時台,市民利用,個人,女性,20代から30代,交通,,バス,市民病院行きのバスをお探し。コミュニティバスをご案内した。,,,,,,,,
2026/03/10,電話,1.日本,10時台,市民利用,個人,女性,60代以上,イベント,,,,,,,,,大相撲小松場所,,大相撲小松場所のチケット販売について
2026/03/10,窓口,1.日本,10時台,観光,個人,女性,40代から50代,交通,,徒歩,不動産,,,,,,,,クラスコまでの道のりをご案内した。
2026/03/10,窓口,1.日本,12時台,観光,個人,男性,60代以上,交通,,バス,小松空港,,,,,,,,空港線の支払い方法について、車内でお支払いできることをお伝えした。
2026/03/10,窓口,1.日本,12時台,観光,個人,女性,40代から50代,その他,,,,,,,,,,その他,駅のスタンプをお探し。新幹線改札の前をご案内した。
2026/03/10,電話,1.日本,15時台,市民利用,個人,男性,60代以上,観光案内,,,,,東尋坊、永平寺、近江町の資料請求,お渡しなし,,,,,
2026/03/11,窓口,1.日本,09時台,観光,2〜5人,男女,40代から50代,周辺店舗、飲食店,,,,ランチ,,,,,,,39SAKU店のご案内をしました
2026/03/11,電話,1.日本,09時台,観光,個人,男性,40代から50代,交通,,バス,目的地不明,,,,,,,,麦口線乗り場のバス停をご案内しました
2026/03/11,窓口,1.日本,09時台,市民利用,個人,女性,40代から50代,交通,,バス,小松市以外（福井、金沢ほか県外）,,,,,,,,
2026/03/11,窓口,1.日本,14時台,観光,個人,男性,20代から30代,交通,,バス,イオンモール,,,,,,,,バス時刻、乗り場をご案内しました。林
2026/03/11,窓口,1.日本,14時台,観光,個人,男性,20代から30代,Komatsu九館内,喫煙所,,,,,,,,,,
2026/03/11,窓口,1.日本,13時台,観光,個人,女性,40代から50代,Komatsu九館内,お手洗い,,,,,,,,,,
2026/03/11,窓口,1.日本,17時台,観光,個人,女性,60代以上,観光案内,,,,,小松市を外国人に案内したい,個別のパンフレット,,,,,小松の杜とルルブの英語版をお渡ししました　小坂
2026/03/12,窓口,1.日本,10時台,観光,家族連れ,男女,60代以上,交通,,バス,宮本三郎美術館,,,,,,,,宮本三郎美術館までのアクセスをご案内したが、本日休館のため駅周辺の他の観光もご案内した。石や遺跡に興味があるとのことで、ギャラリーをご案内した。
2026/03/12,窓口,3.欧米,10時台,ビジネス,個人,男性,60代以上,その他,,,,,,,,,,その他,コピー機をお探し。コンビニをご案内した。
2026/03/12,窓口,1.日本,10時台,ビジネス,個人,女性,20代から30代,Komatsu九館内,ギャラリーエリア,,,,,,,,,,にぎわいセンターの事務所をお探し。ギャラリーをご案内した。
2026/03/12,窓口,1.日本,11時台,観光,個人,女性,40代から50代,物産,,,,,,,取扱いのないもの（金沢土産、栗蒸し羊羹等）,,,,中田屋のきんつばをお探し。取り扱いないことをお伝えした。
2026/03/12,窓口,1.日本,16時台,観光,個人,男性,60代以上,観光案内,,,,,東尋坊、兼六園、近江町市場,個別のパンフレット,,,,,
2026/03/13,窓口,1.日本,12時台,観光,個人,女性,20代から30代,交通,,シェアサイクル,利用方法,,,,,,,,シェアサイクルの利用方法について問い合わせ。パンフレットをお渡した。
2026/03/13,窓口,1.日本,10時台,観光,個人,男女,60代以上,観光案内,,,,,駅周辺,見て歩きマップ,,,,,2時間ほど駅周辺を観光したいとのこと。みよっさや小松の杜をご案内した。
2026/03/13,窓口,1.日本,11時台,観光,2〜5人,男女,40代から50代,観光案内,,,,,駅周辺,見て歩きマップ,,,,,2時間ほど駅周辺を観光したいとのこと。みよっさや小松の杜をご案内した。
2026/03/14,窓口,2.アジア,10時台,観光,個人,女性,20代から30代,物産,,,,,,,食品,,,,骨のあるチーズをお探し。カマンベール以外品切れだったので、カマンベールをお買い上げ。
2026/03/14,窓口,1.日本,10時台,観光,個人,男性,60代以上,Komatsu九館内,お手洗い,,,,,,,,,,
2026/03/14,窓口,1.日本,11時台,観光,個人,女性,40代から50代,交通,,バス,山代温泉,,,,,,,,東京から日帰りで山代温泉に行かれるとのこと。バスやIRの時刻をご案内した。
2026/03/14,窓口,1.日本,13時台,市民利用,個人,女性,40代から50代,周辺店舗、飲食店,,,,郵便局,,,,,,,郵便局をお探し。ご案内した。
2026/03/15,電話,1.日本,10時台,観光,個人,女性,40代から50代,観光案内,,,,,"ハニベ巌窟院, 木場潟公園",個別のパンフレット,,,,,
2026/03/15,窓口,1.日本,11時台,市民利用,個人,女性,40代から50代,交通,,バス,小松空港,,,,,,,,
2026/03/15,窓口,1.日本,11時台,市民利用,個人,女性,20代から30代,交通,,バス,イオンモール新小松,,,,,,,,
2026/03/15,窓口,1.日本,11時台,観光,個人,女性,40代から50代,観光案内,,,,,木場潟公園,お渡しなし,,,,,木場潟公園の開花状況とアクセス方法をご案内しました
2026/03/15,窓口,1.日本,16時台,観光,2〜5人,女性,学生,交通,,バス,イオンモール,,,,,,,,
2026/03/15,窓口,1.日本,16時台,観光,個人,女性,20代から30代,その他,,,,,,,,,,その他,ポムポムのパンフレットがほしいとのこと
2026/03/15,窓口,1.日本,17時台,観光,個人,男性,20代から30代,Komatsu九館内,Wi-Fi,,,,,,,,,,ユニさんとカブーレさんを案内した
2026/03/15,窓口,1.日本,17時台,観光,個人,男性,40代から50代,交通,,バス,小松空港,,,,,,,,決済方法
2026/03/15,窓口,1.日本,17時台,観光,個人,男性,40代から50代,観光案内,,,,,こまつの杜,個別のパンフレット,,,,,開門日について聞かれた
2026/03/16,窓口,1.日本,09時台,観光,個人,男性,60代以上,交通,,バス,那谷寺,,,,,,,,那谷寺までのアクセス。粟津線をご案内した。
2026/03/16,窓口,1.日本,09時台,観光,個人,女性,20代から30代,周辺店舗、飲食店,,,,郵便局,,,,,,,駅前郵便局をご案内した。
2026/03/16,窓口,1.日本,14時台,観光,個人,男性,60代以上,Komatsu九館内,お手洗い,,,,,,,,,,
2026/03/16,電話,1.日本,14時台,ビジネス,個人,女性,40代から50代,観光案内,,,,,安宅住吉神社、安宅の関,お渡しなし,,,,,旅行会社からの問い合わせ。長沖さんで昼食後観光をしたいとのこと。住吉神社や自動車博物館をご紹介した。
2026/03/16,窓口,1.日本,16時台,観光,個人,女性,20代から30代,周辺店舗、飲食店,,,,日本レンタカー,,,,,,,日本レンタカー小松駅前店をご案内しました
2026/03/16,窓口,1.日本,16時台,市民利用,個人,女性,60代以上,物産,,,,,,,取扱いのないもの（金沢土産、栗蒸し羊羹等）,,,,マルセイバターサンド
2026/03/16,電話,1.日本,16時台,ビジネス,個人,女性,40代から50代,物産,,,,,,,お菓子,,,,小松の韓国ウケする和菓子
2026/03/17,窓口,3.欧米,12時台,観光,家族連れ,男女,40代から50代,交通,,バス,日本自動車博物館,,,,,,,,自動車博物館に行きたいとのこと。バスとタクシーをご案内した。
2026/03/17,窓口,1.日本,11時台,ビジネス,個人,男性,20代から30代,Komatsu九館内,お手洗い,,,,,,,,,,
2026/03/17,窓口,2.アジア,11時台,観光,個人,女性,20代から30代,周辺店舗、飲食店,,,,郵便局,,,,,,,郵便局をお探し。駅前郵便局をご案内した。
2026/03/18,窓口,1.日本,18時台,観光,個人,女性,20代から30代,物産,,,,,,,酒,,,,能登ワイン赤
2026/03/19,窓口,2.アジア,10時台,観光,2〜5人,女性,20代から30代,Komatsu九館内,喫煙所,,,,,,,,,,喫煙所をご案内しました
2026/03/19,窓口,2.アジア,13時台,観光,個人,男性,20代から30代,Komatsu九館内,喫煙所,,,,,,,,,,喫煙所をご案内しました
2026/03/19,窓口,1.日本,13時台,観光,個人,男性,40代から50代,Komatsu九館内,お手洗い,,,,,,,,,,
2026/03/19,窓口,1.日本,11時台,観光,2〜5人,女性,40代から50代,Komatsu九館内,お手洗い,,,,,,,,,,
2026/03/19,窓口,1.日本,11時台,観光,個人,男性,学生,周辺店舗、飲食店,,,,ランチ,,,,,,,近くでランチできるところ。カブーレ、アルバご案内しました。
2026/03/20,窓口,1.日本,11時台,観光,個人,女性,20代から30代,交通,,バス,安宅住吉神社、勧進帳ものがたり館,,,,,,,,住吉神社に行くバスをご案内しました
2026/03/20,窓口,1.日本,10時台,観光,2〜5人,女性,40代から50代,交通,,バス,安宅住吉神社、勧進帳ものがたり館,,,,,,,,安宅の関へのバスのご案内をしました　小坂
2026/03/20,窓口,1.日本,11時台,観光,個人,女性,40代から50代,交通,,バス,那谷寺,,,,,,,,
2026/03/20,窓口,1.日本,12時台,観光,個人,女性,40代から50代,周辺店舗、飲食店,,,,近くの温泉,,,,,,,
2026/03/20,窓口,1.日本,12時台,観光,2〜5人,女性,60代以上,Komatsu九館内,お手洗い,,,,,,,,,,
2026/03/20,窓口,3.欧米,10時台,観光,個人,女性,20代から30代,観光案内,,,,,小松天満宮,お渡しなし,,,,,桜がまだなので梅の名所をご案内しました。シェアサイクルの1回会員を利用されたので使い方を教えました　小坂
2026/03/20,窓口,2.アジア,15時台,観光,個人,男性,20代から30代,交通,,飛行機,小松空港,,,,,,,,
2026/03/21,窓口,1.日本,09時台,観光,家族連れ,男女,40代から50代,交通,,タクシー,九谷陶芸村,,,,,,,,九谷陶芸村までのアクセス。バスもご案内したが、タクシーで向かわれた。
2026/03/21,窓口,1.日本,10時台,市民利用,個人,女性,60代以上,物産,,,,,,,取扱いのないもの（金沢土産、栗蒸し羊羹等）,,,,芝寿司をお探し。取り扱いないことをお伝え。
2026/03/21,電話,1.日本,12時台,観光,個人,男性,60代以上,周辺店舗、飲食店,,,,小松うどん、塩焼きそば,,,,,,,小松駅から勝っちゃんまでの距離など。（田中）
2026/03/21,窓口,1.日本,10時台,市民利用,個人,男性,40代から50代,交通,,バス,向本折,,,,,,,,向本折までのバスをお探し。月津線をご案内した。
2026/03/21,窓口,1.日本,14時台,観光,個人,女性,60代以上,観光案内,,,,,みよっさ,見て歩きマップ,,,,,駅周辺の観光地。みよっさと錦窯をご案内した。
2026/03/21,窓口,1.日本,14時台,観光,個人,女性,40代から50代,Komatsu九館内,景色,,,,,,,,,,"小松駅で景色のいいところは？
改札内の2階をご案内した。"
2026/03/21,窓口,1.日本,15時台,観光,個人,男性,60代以上,観光案内,,,,,錦窯,見て歩きマップ,,,,,九谷焼を見たいとのこと。錦窯をご案内した。
2026/03/21,窓口,1.日本,16時台,観光,個人,男性,40代から50代,Komatsu九館内,日本遺産,,,,,,,,,,イベントスペースに案内した
2026/03/21,窓口,1.日本,16時台,観光,家族連れ,男女,40代から50代,Komatsu九館内,お手洗い,,,,,,,,,,
2026/03/21,窓口,1.日本,16時台,市民利用,家族連れ,女性,学生,Komatsu九館内,コワーキングエリア,,,,,,,,,,料金などについて聞かれた
2026/03/21,窓口,1.日本,17時台,観光,個人,男性,20代から30代,周辺店舗、飲食店,,,,小松うどん、塩焼きそば,,,,,,,つるっと、ほたや、勝っちゃんなどをご案内しました。
2026/03/21,窓口,1.日本,14時台,観光,個人,男性,40代から50代,Komatsu九館内,お手洗い,,,,,,,,,,
2026/03/21,窓口,1.日本,14時台,観光,個人,男性,40代から50代,物産,,,,,,,駅弁,,,,駅弁をお探し。カブーレをご案内しました（田中）
2026/03/22,窓口,1.日本,17時台,観光,家族連れ,男女,20代から30代,周辺店舗、飲食店,,,,"ディナー, 小松うどん、塩焼きそば, 寿司",,,,,,,2時間ほど時間があるとのことで、ご飯を食べることを提案した
2026/03/22,窓口,1.日本,16時台,観光,個人,女性,40代から50代,Komatsu九館内,お手洗い,,,,,,,,,,
2026/03/22,窓口,1.日本,17時台,観光,個人,女性,40代から50代,観光案内,,,,,加賀市の観光地について,"じゃらん, 見て歩きマップ, 個別のパンフレット",,,,,加賀市の観光についてお問い合わせ。キャンバスなどをご案内しました（田中）
2026/03/23,窓口,1.日本,11時台,市民利用,個人,女性,60代以上,物産,,,,,,,お菓子,,,,福うさぎをお探し。セブンをご案内した。ー
2026/03/23,電話,1.日本,15時台,市民利用,個人,男性,60代以上,周辺店舗、飲食店,,,,近くの美容院,,,,,,,
2026/03/23,窓口,1.日本,18時台,観光,2〜5人,男女,40代から50代,周辺店舗、飲食店,,,,ディナー,,,,,,,晩御飯洋食を食べたい。ルーチェとブニヤデモカを案内。ブニヤデモカに行かれました。林
2026/03/24,窓口,1.日本,11時台,観光,個人,女性,40代から50代,周辺店舗、飲食店,,,,小松駅周辺,,,,,,,ウェスターポイント使える所はありますかと聞かれました　無いですとご案内しました
2026/03/25,窓口,1.日本,10時台,ビジネス,個人,男性,40代から50代,周辺店舗、飲食店,,,,松寿園,,,,,,,松寿園までのアクセスの問い合わせ。見て歩きマップをお渡しした。
2026/03/25,電話,1.日本,10時台,市民利用,個人,男性,40代から50代,イベント,,,,,,,,,大相撲,,小松場所のチケットの問い合わせ。店頭販売のご案内をした。
2026/03/25,窓口,1.日本,11時台,観光,個人,男性,40代から50代,観光案内,,,,,那谷寺,"じゃらん, 個別のパンフレット",,,,,半日小松の観光したいとのこと。那谷寺などをご案内した。
2026/03/25,窓口,1.日本,14時台,観光,個人,女性,60代以上,観光案内,,,,,本陣美術館,見て歩きマップ,,,,,駅周辺で観光したいとのこと。小松の杜や本陣美術館をご案内しました。
2026/03/25,窓口,1.日本,15時台,観光,個人,男性,40代から50代,Komatsu九館内,お手洗い,,,,,,,,,,
2026/03/26,窓口,2.アジア,11時台,観光,個人,男性,20代から30代,観光案内,,,,,"みよっさ, こまつの杜",見て歩きマップ,,,,,小松駅周辺を観光したいとのこと。みよっさや錦窯、神社をご案内した。
2026/03/26,電話,1.日本,12時台,ビジネス,個人,男性,40代から50代,イベント,,,,,,,,,航空祭,,航空祭のことはどこに聞いたらよいか。自衛隊に直接問い合わせていただくようご案内した。
2026/03/26,窓口,1.日本,15時台,観光,個人,女性,20代から30代,観光案内,,,,,新幹線の展望,お渡しなし,,,,,サイエンスヒルズを案内した
2026/03/26,窓口,1.日本,17時台,観光,個人,男性,40代から50代,Komatsu九館内,お手洗い,,,,,,,,,,
2026/03/26,窓口,1.日本,16時台,観光,個人,男性,40代から50代,物産,,,,,,,取扱いのないもの（金沢土産、栗蒸し羊羹等）,,,,堅豆腐の醸し漬
2026/03/26,窓口,1.日本,19時以降,市民利用,家族連れ,男女,20代から30代,イベント,,,,,,,,,プロジェクションマッピング,,ネットで調べ、大きなイベントはないことをお伝えし、駅周辺のカブッキーなどの規模の小さいものを案内した
2026/03/27,窓口,1.日本,09時台,観光,個人,女性,20代から30代,交通,,シェアサイクル,アプリ,,,,,,,,シェアサイクルのアプリの取り方。ご案内のプリントをお見せして、ご自分で登録をお願いした。
2026/03/27,窓口,1.日本,09時台,観光,個人,女性,40代から50代,交通,,バス,やわたメディカル,,,,,,,,やわたメディカルセンター、JAあぐりへのアクセス。バスをご案内した。
2026/03/27,電話,1.日本,12時台,観光,個人,女性,40代から50代,観光案内,,,,,ガイド,お渡しなし,,,,,飯山市の方から６／24に小松にいくのですが、ガイドをお願いしたいと言う問い合わせがありNWの電話ご案内しました
2026/03/27,窓口,1.日本,17時台,観光,個人,女性,20代から30代,Komatsu九館内,お手洗い,,,,,,,,,,
2026/03/27,窓口,1.日本,16時台,観光,家族連れ,男女,20代から30代,Komatsu九館内,日本遺産のスタンプ,,,,,,,,,,イベントスペースを案内した
2026/03/27,窓口,1.日本,17時台,観光,個人,女性,20代から30代,Komatsu九館内,チャージスポット,,,,,,,,,,
2026/03/28,窓口,1.日本,11時台,市民利用,個人,男性,40代から50代,交通,,バス,イオンモール新小松行きのバス,,,,,,,,イオンモール新小松行きのバス
2026/03/28,窓口,1.日本,10時台,観光,個人,男性,20代から30代,Komatsu九館内,お手洗い,,,,,,,,,,
2026/03/28,窓口,1.日本,11時台,観光,個人,男性,60代以上,周辺店舗、飲食店,,,,小松うどん、塩焼きそば,,,,,,,
2026/03/28,窓口,1.日本,12時台,観光,2〜5人,女性,60代以上,Komatsu九館内,荷物の預かり所の有無,,,,,,,,,,
2026/03/28,窓口,1.日本,12時台,市民利用,2〜5人,男女,40代から50代,交通,,バス,小松市立高へのバス,,,,,,,,
2026/03/29,窓口,1.日本,15時台,観光,個人,男性,60代以上,その他,,,,,,,,,,その他,街並みをこ1時間歩くのに周辺のマップをお渡しし芦城公園と天満宮をご案内しました　小坂
2026/03/29,窓口,1.日本,17時台,観光,個人,男性,40代から50代,周辺店舗、飲食店,,,,銭湯,,,,,,,さくら湯に案内した
2026/03/29,窓口,1.日本,15時台,観光,個人,男性,60代以上,観光案内,,,,,みよっさ,"じゃらん, 見て歩きマップ, 個別のパンフレット",,,,,富山からお越しのこと
2026/03/29,窓口,1.日本,15時台,観光,家族連れ,女性,20代から30代,Komatsu九館内,お手洗い,,,,,,,,,,
2026/03/29,窓口,1.日本,16時台,観光,個人,男性,40代から50代,物産,,,,,,,取扱いのないもの（金沢土産、栗蒸し羊羹等）,,,,栗蒸し羊羹
2026/03/29,窓口,1.日本,18時台,観光,個人,女性,60代以上,Komatsu九館内,お手洗い,,,,,,,,,,
2026/03/29,窓口,1.日本,17時台,観光,2〜5人,男女,40代から50代,Komatsu九館内,お土産,,,,,,,,,,他にもお土産売っているところはないのか、と言われた
2026/03/30,窓口,1.日本,11時台,観光,個人,男性,60代以上,交通,,バス,いおん,,,,,,,,イオンモール行きのバスをお探し。循環バスご案内した。
2026/03/30,窓口,1.日本,11時台,観光,個人,女性,60代以上,交通,,バス,イオンモール,,,,,,,,イオンモール行きのバスをお探し。循環バスをご案内した。
2026/03/30,窓口,1.日本,12時台,市民利用,個人,男性,40代から50代,交通,,バス,時刻表,,,,,,,,市役所のホームページにコミュニティバスの時刻表が載っていない。4月から時刻が変わるのか。と問い合わせがあった。時刻表の変更予定はないこと、交通政策室のホームページに時刻表が載っていることをご案内した。
2026/03/30,窓口,1.日本,14時台,観光,家族連れ,男女,60代以上,交通,,バス,美術館,,,,,,,,小松の美術館に行きたいとのこと。バスをご案内した。
2026/03/30,窓口,1.日本,17時台,観光,2〜5人,男女,60代以上,周辺店舗、飲食店,,,,"ディナー, 寿司",,,,,,,つばき
2026/03/31,窓口,2.アジア,11時台,観光,個人,男性,20代から30代,周辺店舗、飲食店,,,,ランチ,,,,,,,おすすめのランチを聞かれ、小松うどんや寿司屋をご案内した。
2026/03/31,窓口,1.日本,11時台,観光,家族連れ,男女,60代以上,交通,,バス,九谷陶芸村,,,,,,,,陶芸村までのアクセス。バスをご案内した。
2026/03/31,窓口,1.日本,14時台,観光,個人,男性,60代以上,宿泊,,,,,,,,まつさき温泉,,,まつさき温泉の電話番号が知りたいとのこと。おしらべした。
2026/03/31,窓口,1.日本,13時台,観光,個人,女性,60代以上,観光案内,,,,,みよっさ,見て歩きマップ,,,,,駅周辺の観光地。みよっさや錦窯をご案内。
2026/04/01,窓口,1.日本,09時台,観光,個人,男性,60代以上,観光案内,,,,,鳥越城跡,お渡しなし,,,,,鳥越城跡迄の交通方法のご案内をしました
2026/04/01,窓口,1.日本,10時台,市民利用,個人,女性,40代から50代,その他,,,,,,,,,,その他,周辺の駐車場をご案内しました
2026/04/01,窓口,1.日本,11時台,市民利用,個人,女性,20代から30代,交通,,バス,イオンモール新小松行きのバス,,,,,,,,イオンモール新小松行きのバス
2026/04/01,窓口,1.日本,10時台,観光,2〜5人,男性,40代から50代,観光案内,,,,,福井恐竜博物館,お渡しなし,,,,,福井恐竜博物館までのアクセス。
2026/04/01,窓口,1.日本,10時台,観光,個人,男性,60代以上,観光案内,,,,,鳥越城までのアクセス,お渡しなし,,,,,鳥越城までのアクセス
2026/04/01,窓口,1.日本,09時台,市民利用,個人,男性,60代以上,物産,,,,,,,取扱いのないもの（金沢土産、栗蒸し羊羹等）,,,,松葉屋栗蒸し羊羹
2026/04/01,窓口,1.日本,15時台,観光,個人,女性,60代以上,観光案内,,,,,弁慶スタジアム,見て歩きマップ,,,,,弁慶スタジアムや義経アリーナについて聞かれた
2026/04/01,窓口,1.日本,14時台,観光,個人,女性,60代以上,観光案内,,,,,航空プラザ,お渡しなし,,,,,
2026/04/01,窓口,1.日本,15時台,観光,家族連れ,男女,40代から50代,Komatsu九館内,カブーレ,,,,,,,,,,座れるところをお探し
2026/04/01,窓口,1.日本,16時台,観光,家族連れ,男女,20代から30代,Komatsu九館内,駅弁,,,,,,,,,,カブーレに案内した
2026/04/02,窓口,3.欧米,10時台,観光,個人,男性,40代から50代,周辺店舗、飲食店,,,,花屋,,,,,,,近くの花屋。ライラックフローリスト案内しました。林
2026/04/02,電話,1.日本,15時台,観光,2〜5人,男女,20代から30代,観光案内,,,,,木場潟公園,お渡しなし,,,,,明日、明後日粟津温泉に泊まって翌日に動物園に行き、その後、芦城公園か木場潟公園で桜をみたいが今どのくらいか。満開です。動物園に行ってからだと逆戻りになるので先にお花見の方がよい。木場潟公園だと動物園に行く途中にあるので時間のロスもないです。お伝えしました。林
2026/04/02,窓口,1.日本,15時台,市民利用,個人,男性,学生,その他,,,,,,,,,,落とし物,事務所に案内した
2026/04/02,窓口,1.日本,15時台,市民利用,2〜5人,男女,40代から50代,Komatsu九館内,ATM,,,,,,,,,,セブンイレブン以外にないのか、せめて近くにほしいとのこと
2026/04/02,窓口,1.日本,16時台,観光,個人,女性,60代以上,物産,,,,,,,取扱いのないもの（金沢土産、栗蒸し羊羹等）,,,,圓八のあんころ餅
2026/04/03,窓口,3.欧米,12時台,観光,家族連れ,男女,20代から30代,イベント,,,,,,,,,おお相撲,,オーストラリアからのお客様。小松場所のチケットを買えるのかとの問い合わせ。会場の場所をご案内したが、検討されるとのこと。
2026/04/03,窓口,1.日本,11時台,観光,個人,男性,60代以上,交通,,バス,木場潟公園,,,,,,,,木場潟公園までのアクセス。木場潟線をご案内した。
2026/04/04,窓口,1.日本,09時台,観光,個人,女性,40代から50代,Komatsu九館内,ロッカー,,,,,,,,,,コインロッカーをお探し。ご案内した。
2026/04/04,窓口,1.日本,09時台,観光,個人,女性,40代から50代,観光案内,,,,,小松城址,見て歩きマップ,,,,,小松城址を見たいとのこと。小松高校周辺、芦城公園をご案内した。
2026/04/04,窓口,1.日本,10時台,観光,個人,女性,20代から30代,Komatsu九館内,コインロッカー,,,,,,,,,,コインロッカーをお探し。ご案内した。
2026/04/05,窓口,3.欧米,10時台,観光,2〜5人,女性,60代以上,観光案内,,,,,富山県高山市,お渡しなし,,,,,小松駅から富山駅に行き高山市に行く方法のお問い合わせ　バスと電車があるとお伝えしました　(大音)
2026/04/05,窓口,1.日本,10時台,観光,個人,男性,40代から50代,Komatsu九館内,Komatsu九について,,,,,,,,,,イベントスペース場所のお問い合わせ　案内しました　(大音)
2026/04/05,窓口,1.日本,13時台,観光,個人,女性,60代以上,観光案内,,,,,みよっさ,駅周辺マップ,,,,,みよっさまでの道をご案内しました
2026/04/05,窓口,1.日本,14時台,観光,個人,男性,40代から50代,観光案内,,,,,芦城公園,見て歩きマップ,,,,,桜を見に行くお問い合わせ　(大音)
2026/04/05,電話,1.日本,16時台,市民利用,個人,女性,60代以上,物産,,,,,,,酒,,,,小泉孝太郎さんが農口尚彦さんに弟子入りして作ったお酒のお問い合わせ　農口の電話番号をお伝えしました　(大音)
2026/04/06,窓口,1.日本,09時台,観光,個人,男性,60代以上,交通,,バス,高速バス,,,,,,,,高速バスのチケットを買いたいとのこと。バス会社の連絡先をお伝えした。
2026/04/06,窓口,1.日本,11時台,観光,個人,男性,20代から30代,Komatsu九館内,喫煙所,,,,,,,,,,
2026/04/06,窓口,1.日本,12時台,ビジネス,個人,男性,60代以上,周辺店舗、飲食店,,,,ランチ,,,,,,,蕎麦屋をお探し。すみげんさんをご案内した。
2026/04/07,窓口,1.日本,08時台,市民利用,個人,女性,40代から50代,イベント,,,,,,,,,小松場所,,小松場所の会場までのアクセス。循環バスをご案内した。
2026/04/07,電話,1.日本,08時台,市民利用,個人,男性,60代以上,イベント,,,,,,,,,大相撲,,小松場所のチケットを買いたいとのこと。当店ではもう販売していないことをお伝え。
2026/04/07,窓口,1.日本,08時台,市民利用,個人,男性,20代から30代,イベント,,,,,,,,,大相撲,,小松場所のチケットの問い合わせ。当日販売はないことをお伝え。
2026/04/07,窓口,1.日本,09時台,観光,2〜5人,男女,60代以上,交通,,バス,一向一揆記念館,,,,,,,,一向一揆記念館のアクセス。バスをご案内した。
2026/04/07,窓口,2.アジア,10時台,観光,個人,女性,40代から50代,交通,,バス,芦城公園,,,,,,,,芦城公園までのアクセス。徒歩とバスをご案内した。
2026/04/07,窓口,2.アジア,10時台,観光,2〜5人,女性,40代から50代,Komatsu九館内,コインロッカー,,,,,,,,,,コインロッカーをお探し。ご案内した。
2026/04/07,窓口,1.日本,12時台,観光,2〜5人,男女,60代以上,Komatsu九館内,お手洗い,,,,,,,,,,
2026/04/07,窓口,1.日本,13時台,市民利用,個人,男性,60代以上,Komatsu九館内,喫煙所,,,,,,,,,,
2026/04/07,窓口,1.日本,14時台,観光,2〜5人,男女,60代以上,交通,,バス,小松空港,,,,,,,,交通系ICを使えるのか
2026/04/08,窓口,1.日本,10時台,観光,個人,男女,20代から30代,その他,,,,,,,,,,その他,駅のスタンプをお探し。新幹線改札前をご案内した。
2026/04/08,窓口,1.日本,09時台,観光,個人,女性,20代から30代,Komatsu九館内,ビッケ,,,,,,,,,,ビッケをお探し。ご案内した。
2026/04/08,窓口,1.日本,11時台,観光,個人,女性,40代から50代,Komatsu九館内,お手洗い,,,,,,,,,,
2026/04/08,電話,1.日本,12時台,観光,個人,男性,60代以上,観光案内,,,,,古代桜,お渡しなし,,,,,小松インターから古代桜までのアクセスを知りたいとのことご案内した。
2026/04/08,電話,1.日本,15時台,観光,個人,女性,60代以上,観光案内,,,,,那谷寺,輸送済,,,,,那谷寺の観覧時間をきかれ、1時間程はかかると思いますとお答えしました
2026/04/08,窓口,1.日本,16時台,観光,個人,男性,40代から50代,周辺店舗、飲食店,,,,ディナー,,,,,,,ホルモン焼きのお店。しんらえんを案内しました。林
2026/04/09,窓口,1.日本,13時台,観光,個人,女性,40代から50代,Komatsu九館内,お手洗い,,,,,,,,,,
2026/04/09,窓口,3.欧米,13時台,観光,個人,男性,40代から50代,Komatsu九館内,ロッカー,,,,,,,,,,ロッカーやATMをお探し。ご案内した。
2026/04/09,電話,1.日本,14時台,ビジネス,個人,男性,40代から50代,周辺店舗、飲食店,,,,ランチ,,,,,,,旅行会社より団体のランチができるところをお探し。長沖さんがキャンセルになって代わりの店を探しているとのこと。梶助や一浪、一山楼などをご案内した。
2026/04/09,窓口,1.日本,14時台,観光,個人,男性,60代以上,物産,,,,,,,酒,,,,お酒飲むようのカップも販売してほしいとのこと
2026/04/09,窓口,1.日本,15時台,観光,個人,男性,60代以上,物産,,,,,,,取扱いのないもの（金沢土産、栗蒸し羊羹等）,,,,紫雲石の取り扱いはあるか、と聞かれた
2026/04/09,窓口,1.日本,15時台,観光,個人,男性,60代以上,宿泊,,,,,,,,駅近のホテル,,,航空祭の日に泊まれるところはないか、との問い合わせ。一覧から順にお調べしたがシングルの空きはないことをお伝えした。また、シャトルバスの運行会社を聞かれたため北鉄バスの電話番号をお伝えした。
2026/04/09,窓口,1.日本,16時台,市民利用,個人,女性,40代から50代,交通,,シェアサイクル,駐車場の場所など問い合わせ,,,,,,,,
2026/04/09,窓口,1.日本,16時台,市民利用,個人,女性,40代から50代,その他,,,,,,,,,,その他,小松駅前行政サービスセンター
2026/04/09,窓口,1.日本,16時台,観光,個人,男性,20代から30代,物産,,,,,,,その他雑貨,,,,キーホルダーの売り場と、小松との縁を聞かれた
2026/04/09,窓口,1.日本,18時台,観光,家族連れ,男女,20代から30代,Komatsu九館内,ポムポムプリン,,,,,,,,,,ポムポムプリンの由縁について聞かれた
2026/04/10,窓口,1.日本,09時台,観光,個人,男性,60代以上,交通,,バス,バス乗り場,,,,,,,,別宮へのバス乗り場。2番乗り場と案内しました。林
2026/04/10,窓口,1.日本,10時台,観光,個人,女性,40代から50代,交通,,バス,イオンモール小松,,,,,,,,イオンモール小松行きのバスの案内。林
2026/04/10,窓口,1.日本,11時台,観光,個人,女性,60代以上,周辺店舗、飲食店,,,,図書館、みよっさ,,,,,,,図書館、みよっさを案内しました。林
2026/04/10,窓口,3.欧米,12時台,観光,2〜5人,男女,60代以上,観光案内,,,,,みよっさ,個別のパンフレット,,,,,コマツの杜は休園　みよっさを案内しました　(大音)
2026/04/10,窓口,1.日本,11時台,市民利用,個人,男性,20代から30代,物産,,,,,,,土産店の商品についての説明を求められた,,,,案内しました　(大音)
2026/04/10,窓口,1.日本,14時台,観光,個人,女性,60代以上,物産,,,,,,,食品,,,,ホタルイカの瓶詰めは取り扱いないのか
2026/04/10,窓口,1.日本,14時台,観光,個人,女性,40代から50代,物産,,,,,,,酒,,,,おすすめの辛口のお酒を聞かれた
2026/04/10,窓口,1.日本,15時台,観光,個人,男性,40代から50代,Komatsu九館内,Komatsu九について,,,,,,,,,,営業時間を聞かれた
2026/04/10,窓口,1.日本,16時台,観光,個人,女性,60代以上,物産,,,,,,,お菓子,,,,しばふねの箱がほしい、入荷はいつになるのかということ
2026/04/10,窓口,2.アジア,18時台,観光,個人,男性,40代から50代,交通,,バス,小松空港,,,,,,,,空港行きのバスの支払い方法のお問い合わせ　時刻表をお渡しました　(大音)
2026/04/10,窓口,1.日本,19時以降,観光,個人,女性,40代から50代,物産,,,,,,,食品,,,,駅弁をお求めとのこと。当店のお寿司とカブーレさんを案内した。
2026/04/11,窓口,1.日本,11時台,観光,2〜5人,男女,60代以上,観光案内,,,,,みよっさ,見て歩きマップ,,,,,駅周辺の観光地をご案内しました
2026/04/11,窓口,1.日本,12時台,観光,個人,女性,40代から50代,交通,,バス,小松グリーンホテル,,,,,,,,
2026/04/11,窓口,1.日本,13時台,観光,個人,女性,60代以上,Komatsu九館内,お手洗い,,,,,,,,,,
2026/04/11,窓口,2.アジア,14時台,観光,個人,女性,20代から30代,交通,,バス,小松空港,,,,,,,,空港行きのバスでICカードのご利用出来るバスをご案内しました
2026/04/11,窓口,1.日本,14時台,観光,個人,男性,20代から30代,Komatsu九館内,お手洗い,,,,,,,,,,
2026/04/11,窓口,1.日本,13時台,観光,個人,男性,60代以上,観光案内,,,,,小松城跡,お渡しなし,,,,,
2026/04/11,窓口,2.アジア,17時台,観光,個人,男性,20代から30代,その他,,,,,,,,,,,シェアサイクル
2026/04/12,窓口,2.アジア,11時台,観光,個人,女性,20代から30代,交通,,鉄道,高岡駅,,,,,,,,高岡駅までのアクセス。新幹線をご案内した。
2026/04/12,窓口,1.日本,11時台,観光,個人,女性,60代以上,観光案内,,,,,みよっさ,じゃらん,,,,,駅周辺で観光したいとのこと。みよっさや錦窯をご案内した。
2026/04/12,窓口,2.アジア,12時台,観光,個人,男性,40代から50代,交通,,バス,那谷寺,,,,,,,,那谷寺や木場潟公園に行きたいとのこと。バスをご案内した。
2026/04/12,窓口,2.アジア,13時台,観光,個人,男性,40代から50代,交通,,徒歩,芦城公園,,,,,,,,芦城公園までの道案内をした。
2026/04/12,窓口,3.欧米,13時台,観光,個人,男性,40代から50代,Komatsu九館内,ATM,,,,,,,,,,ATMをお探し。コンビニをご案内した。
2026/04/12,窓口,1.日本,13時台,観光,個人,女性,20代から30代,交通,,バス,小松空港,,,,,,,,空港線のチケットをお探し。バスでお支払いいただくようご案内した。
2026/04/12,窓口,2.アジア,13時台,観光,個人,女性,60代以上,交通,,バス,小松空港,,,,,,,,空港行きのバス乗り場のお問い合わせ
2026/04/12,窓口,2.アジア,13時台,観光,個人,女性,40代から50代,交通,,バス,小松空港,,,,,,,,空港線の料金をご案内しな
2026/04/12,窓口,1.日本,14時台,市民利用,個人,男性,60代以上,周辺店舗、飲食店,,,,旅行代理店をお探し。イオンをご案内した。,,,,,,,
2026/04/12,窓口,1.日本,15時台,観光,2〜5人,女性,40代から50代,交通,,バス,小松空港,,,,,,,,ネットに指定席と書いてあったが、どこでチケットを購入したらいいのか
2026/04/12,窓口,1.日本,16時台,観光,個人,女性,20代から30代,交通,,バス,イオン,,,,,,,,イオンモール行きのバスをお探し。ご案内した。
2026/04/12,窓口,2.アジア,17時台,観光,2〜5人,男女,20代から30代,交通,,シェアサイクル,不明,,,,,,,,レンタル自転車をお探し、とのこと。シェアサイクルを案内したところ少しお高いと帰られた。
2026/04/13,窓口,1.日本,09時台,市民利用,個人,女性,20代から30代,イベント,,,,,,,,,お旅まつり,,引き揃えの場所について問い合わせ。細工町をご案内した。
2026/04/13,窓口,1.日本,10時台,市民利用,個人,男性,60代以上,交通,,バス,時刻表,,,,,,,,小松を走るバスの時刻表がほしいとのこと。お渡しした。
2026/04/13,窓口,2.アジア,10時台,観光,個人,男女,40代から50代,交通,,バス,イオンモール,,,,,,,,イオン行きのバスをお探し。木場潟線をご案内した。
2026/04/13,窓口,1.日本,12時台,観光,個人,女性,60代以上,交通,,車,恐竜博物館,,,,,,,,恐竜博物館までの所要時間を聞かれた。⒈5時間ほどとご案内。
2026/04/13,窓口,1.日本,14時台,観光,個人,男性,40代から50代,交通,,バス,辰口温泉たがわへのバス,,,,,,,,辰口温泉たがわへのバス。佐野線で辰口の一つ手前が温泉になってます。案内しました。林
2026/04/13,窓口,1.日本,18時台,観光,個人,女性,20代から30代,Komatsu九館内,お手洗い,,,,,,,,,,
2026/04/13,窓口,1.日本,18時台,観光,個人,男性,40代から50代,Komatsu九館内,お手洗い,,,,,,,,,,
2026/04/13,窓口,1.日本,16時台,観光,2〜5人,男性,40代から50代,Komatsu九館内,喫煙所,,,,,,,,,,
2026/04/13,窓口,1.日本,15時台,観光,2〜5人,女性,20代から30代,交通,,バス,市民病院、やわたメディカル,,,,,,,,バス時刻を案内しました。林
2026/04/14,窓口,1.日本,11時台,市民利用,個人,男性,60代以上,交通,,バス,バスツアー,,,,,,,,北鉄バスのツアーに申し込みたいとのこと。北鉄バスの電話番号と小松営業所をご案内した。
2026/04/14,窓口,1.日本,11時台,観光,個人,男性,20代から30代,交通,,バス,小松空港,,,,,,,,空港線のバス停をお探し。4番をご案内した。
2026/04/14,窓口,2.アジア,12時台,観光,2〜5人,男女,40代から50代,交通,,バス,イオンモール小松へのバス,,,,,,,,イオンモール小松へのバス。時間が合わずタクシー案内しました。林
2026/04/14,窓口,1.日本,10時台,観光,2〜5人,男性,40代から50代,Komatsu九館内,喫煙所,,,,,,,,,,
2026/04/14,窓口,1.日本,10時台,観光,個人,男性,60代以上,Komatsu九館内,お手洗い,,,,,,,,,,
2026/04/14,窓口,3.欧米,14時台,観光,個人,女性,40代から50代,交通,,バス,ハニベ巌窟院,,,,,,,,バス乗り場と発車時間、おおよその乗車時間をお伝えした
2026/04/14,窓口,1.日本,15時台,市民利用,個人,男性,20代から30代,その他,,,,,,,,,,その他,小松行政サービスセンターをご案内しました
2026/04/14,窓口,1.日本,15時台,市民利用,個人,女性,60代以上,交通,,バス,時刻表,,,,,,,,時刻表が欲しい。お渡ししました。林
2026/04/14,窓口,1.日本,16時台,観光,2〜5人,男性,40代から50代,物産,,,,,,,取扱いのないもの（金沢土産、栗蒸し羊羹等）,,,,栗羊羹を聞かれた
2026/04/14,窓口,1.日本,17時台,市民利用,個人,男性,20代から30代,Komatsu九館内,公衆電話,,,,,,,,,,周辺の公衆電話設置場所を案内した
2026/04/15,窓口,1.日本,11時台,観光,個人,男性,60代以上,その他,,,,,,,,,,,空港からバスに乗ってきて　桜が綺麗だったので行きたいとお問い合わせ　見てあるきマップで禹橋神社　北國通り　みよっさを案内しました　(大音)
2026/04/15,窓口,1.日本,12時台,観光,個人,女性,20代から30代,Komatsu九館内,お手洗い,,,,,,,,,,
2026/04/15,窓口,2.アジア,16時台,観光,個人,女性,40代から50代,Komatsu九館内,お手洗い,,,,,,,,,,
2026/04/15,窓口,1.日本,12時台,観光,個人,女性,40代から50代,Komatsu九館内,お手洗い,,,,,,,,,,
2026/04/15,窓口,2.アジア,16時台,観光,個人,男性,40代から50代,交通,,飛行機,小松空港,,,,,,,,
2026/04/16,窓口,2.アジア,10時台,観光,2〜5人,男女,20代から30代,観光案内,,,,,加賀温泉,個別のパンフレット,,,,,粟津温泉にお泊まりで加賀温泉や寺に行きたいとのこと。加賀温泉郷や那谷寺、ゆのくにの森をご案内した。
2026/04/16,窓口,1.日本,11時台,観光,個人,男性,60代以上,周辺店舗、飲食店,,,,笛,,,,,,,子供獅子の時に使う笛が欲しいとのこと。キタセをご案内した。
2026/04/16,窓口,1.日本,11時台,観光,個人,男性,60代以上,観光案内,,,,,みよっさ,見て歩きマップ,,,,,駅周辺で観光をしたいとのこと。みよっさや錦窯をご案内した。
2026/04/16,窓口,1.日本,11時台,市民利用,個人,男性,60代以上,交通,,バス,高速バス,,,,,,,,名古屋行きの高速バスのチケットを買いたいとのこと。北鉄バスの連絡先をお伝えした。
2026/04/16,窓口,1.日本,12時台,観光,個人,女性,40代から50代,周辺店舗、飲食店,,,,小松うどん、塩焼きそば,,,,,,,うどん屋さんをお探し。つるっとは本日お休みとお伝えした。
2026/04/16,窓口,1.日本,13時台,観光,2〜5人,男女,60代以上,交通,,飛行機,小松空港,,,,,,,,空港行きのバスをご案内しました
2026/04/16,窓口,1.日本,15時台,観光,2〜5人,男性,40代から50代,Komatsu九館内,お酒を飲める所,,,,,,,,,,カブーレを案内しました　(大音)
2026/04/16,窓口,1.日本,13時台,ビジネス,個人,男性,60代以上,観光案内,,,,,"ゆのくにの森, 日本自動車博物館, みよっさ, 安宅住吉神社、安宅の関, 那谷寺, 航空プラザ","じゃらん, 見て歩きマップ, 個別のパンフレット",,,,,小松市内　白山市のパンフレットがほしいということでお渡ししました　(大音)
2026/04/16,窓口,1.日本,17時台,観光,個人,女性,40代から50代,イベント,,,,,,,,,九谷茶碗まつり,,九谷茶碗まつりのチラシがほしいとのお問い合わせ
2026/04/16,窓口,2.アジア,17時台,観光,2〜5人,男女,40代から50代,その他,,,,,,,,,,その他,
2026/04/17,窓口,1.日本,12時台,観光,個人,女性,40代から50代,その他,,,,,,,,,,落とし物,聴覚障害者の方がトイレで通帳を落としたと来店され筆談でナイン事務所、交番を案内しました(大音)
2026/04/17,電話,1.日本,12時台,観光,個人,男性,40代から50代,観光案内,,,,,不明,お渡しなし,,,,,観光ボランティアについてのお問い合わせ事務所の電話番号をお伝えしました(大音)
2026/04/17,窓口,1.日本,11時台,観光,個人,男性,40代から50代,その他,,,,,,,,,,,コマビルについてのお問い合わせ　林さんが対応しました　(大音)
2026/04/17,窓口,1.日本,12時台,観光,個人,男性,40代から50代,Komatsu九館内,お手洗い,,,,,,,,,,
2026/04/17,窓口,1.日本,10時台,観光,個人,女性,40代から50代,Komatsu九館内,お手洗い,,,,,,,,,,
2026/04/17,窓口,1.日本,16時台,観光,個人,男性,40代から50代,Komatsu九館内,お手洗い,,,,,,,,,,近いお手洗いを案内した
2026/04/17,窓口,1.日本,16時台,ビジネス,個人,女性,20代から30代,観光案内,,,,,小松市,お渡しなし,,,,,能登空港から小松市じゃらんの残り部数が少なくなっているとのことだったため、NWを案内した
2026/04/17,窓口,1.日本,17時台,ビジネス,個人,男性,40代から50代,Komatsu九館内,お手洗い,,,,,,,,,,
2026/04/17,窓口,1.日本,17時台,観光,個人,女性,60代以上,物産,,,,,,,食品,,,,駅弁の取り扱いを聞かれた
2026/04/17,窓口,1.日本,19時以降,観光,個人,女性,60代以上,交通,,タクシー,小松空港,,,,,,,,どのくらいかかる？（時間）を聞かれたためおおよその時間をお答えした。
2026/04/17,窓口,1.日本,18時台,観光,2〜5人,男女,60代以上,物産,,,,,,,食品,,,,駅弁
2026/04/18,窓口,1.日本,09時台,観光,2〜5人,女性,60代以上,周辺店舗、飲食店,,,,ランチ,,,,,,,辰口まつさきに宿泊するので近くで洋食ランチできるところ。SorrisoとFermを案内しました。林
2026/04/18,窓口,1.日本,10時台,観光,2〜5人,女性,60代以上,観光案内,,,,,"みよっさ, こまつの杜",見て歩きマップ,,,,,駅周辺の観光。コマツの杜、みよっさを案内しました。林
2026/04/18,窓口,1.日本,10時台,観光,2〜5人,女性,60代以上,Komatsu九館内,お手洗い,,,,,,,,,,
2026/04/18,窓口,1.日本,10時台,観光,2〜5人,女性,40代から50代,観光案内,,,,,コマツの杜,るるぶ,,,,,英語のパンフレットお渡ししました。林
2026/04/18,窓口,3.欧米,11時台,観光,2〜5人,男女,20代から30代,交通,,バス,那谷寺,,,,,,,,那谷寺へのバスの時刻、乗り場を案内しました。林
2026/04/18,窓口,1.日本,12時台,観光,個人,女性,60代以上,交通,,タクシー,小松空港,,,,,,,,空港までの交通手段とかかる時間をご案内しました
2026/04/18,窓口,2.アジア,15時台,観光,個人,男性,40代から50代,物産,,,,,,,食品,,,,刺身にあうソイソースをお探しとのこと
2026/04/18,窓口,2.アジア,16時台,観光,個人,男性,20代から30代,Komatsu九館内,お手洗い,,,,,,,,,,
2026/04/18,窓口,1.日本,17時台,観光,個人,男性,20代から30代,Komatsu九館内,チャージスポット,,,,,,,,,,"ほ
日の出町のセブンイレブンを案内した"
2026/04/18,窓口,1.日本,18時台,観光,個人,女性,60代以上,Komatsu九館内,休憩所,,,,,,,,,,カブーレを案内した
2026/04/18,窓口,1.日本,18時台,観光,個人,女性,60代以上,周辺店舗、飲食店,,,,小松うどん、塩焼きそば,,,,,,,ランチ時間帯の営業が多いと伝えた
2026/04/18,窓口,1.日本,18時台,観光,個人,男性,60代以上,Komatsu九館内,お手洗い,,,,,,,,,,案内した
2026/04/19,窓口,1.日本,09時台,観光,個人,女性,40代から50代,観光案内,,,,,みよっさ,"じゃらん, 見て歩きマップ",,,,,駅周辺で観光したいとのこと。みよっさや錦窯をご案内した。
2026/04/19,窓口,1.日本,09時台,観光,個人,男性,40代から50代,交通,,地図,地図,,,,,,,,駅周辺の地図をお探し。お渡しした。
2026/04/19,窓口,1.日本,11時台,観光,個人,男性,60代以上,交通,,バス,安宅住吉神社、勧進帳ものがたり館,,,,,,,,安宅の関に行きたいとのこと。バスをご案内した。
2026/04/19,窓口,1.日本,11時台,観光,個人,男女,40代から50代,物産,,,,,,,食品,,,,駅弁をお探し。当店とカブーレをご案内した。
2026/04/19,窓口,1.日本,14時台,観光,2〜5人,男性,20代から30代,Komatsu九館内,お手洗い,,,,,,,,,,
2026/04/20,窓口,1.日本,10時台,観光,個人,男性,60代以上,交通,,バス,那谷寺,,,,,,,,那谷寺行きのバスをお探し。バス停と時間をお伝えした。
2026/04/20,窓口,1.日本,10時台,ビジネス,個人,男性,40代から50代,Komatsu九館内,喫煙所,,,,,,,,,,喫煙所をご案内した。
2026/04/20,電話,1.日本,10時台,観光,個人,女性,60代以上,イベント,,,,,,,,,お旅まつり,,お旅まつりの8日のスケジュールが知りたいとのこと。お伝えした。
2026/04/20,窓口,1.日本,11時台,観光,個人,男性,40代から50代,Komatsu九館内,お手洗い,,,,,,,,,,
2026/04/20,窓口,1.日本,12時台,観光,個人,男性,20代から30代,Komatsu九館内,お手洗い,,,,,,,,,,
2026/04/20,電話,1.日本,12時台,観光,個人,男性,60代以上,観光案内,,,,,安宅住吉神社、安宅の関,お渡しなし,,,,,今安宅の関に向かっているが、関所跡はどこにあるのかとの問い合わせ。住吉神社の裏や安宅公園の辺りをご案内した。
2026/04/20,窓口,1.日本,13時台,観光,個人,男性,40代から50代,交通,,シェアサイクル,利用方法,,,,,,,,ご利用方法をご案内した。
2026/04/20,窓口,1.日本,17時台,観光,個人,女性,20代から30代,Komatsu九館内,お手洗い,,,,,,,,,,フロアマップと合わせて案内した
2026/04/20,窓口,1.日本,17時台,観光,個人,男性,60代以上,Komatsu九館内,ゴミ箱,,,,,,,,,,ゴミ箱を作ってほしいとの要望
2026/04/21,窓口,1.日本,09時台,観光,個人,男性,20代から30代,その他,,,,,,,,,,その他,御周印帳のお問い合わせ　ナイン事務所を案内しました　(大音)
2026/04/21,窓口,1.日本,14時台,観光,個人,女性,60代以上,交通,,鉄道,瑠璃光,,,,,,,,小松駅から瑠璃光に行く方法　加賀温泉駅を案内しました　(大音)
2026/04/21,窓口,1.日本,10時台,観光,個人,女性,60代以上,Komatsu九館内,土産店,,,,,,,,,,電話で観光のお問い合わせがありパンフレット　交通手段をお送りした方がお土産に来店されました　(大音)
2026/04/21,窓口,1.日本,16時台,ビジネス,個人,男性,20代から30代,物産,,,,,,,配送について,,,,着払い対応ができるところを聞かれた
2026/04/22,窓口,1.日本,08時台,観光,個人,男性,60代以上,交通,,バス,安宅住吉神社、勧進帳ものがたり館,,,,,,,,安宅の関までのバスをお探し。安宅線をご案内した。
2026/04/22,電話,1.日本,09時台,観光,個人,女性,60代以上,交通,,駐輪場,駐車場の場所など問い合わせ,,,,,,,,小松駅の駐車場をお探し。お電話にて道案内をした。
2026/04/22,窓口,1.日本,09時台,観光,個人,男性,40代から50代,交通,,シェアサイクル,使い方,,,,,,,,シェアサイクル一日券の購入方法や利用方法をご案内。購入はコンビニでされるとのことだった
2026/04/22,窓口,1.日本,09時台,観光,個人,女性,60代以上,観光案内,,,,,金沢,個別のパンフレット,,,,,粟津温泉にお泊まりでこれから金沢に向うとのことで、道案内した。
2026/04/22,窓口,1.日本,09時台,観光,個人,男性,40代から50代,交通,,シェアサイクル,サイクルポート,,,,,,,,最寄りのポートをご案内した。
2026/04/22,電話,1.日本,16時台,市民利用,個人,男性,40代から50代,周辺店舗、飲食店,,,,ディナー,,,,,,,7月に団体予約&送迎バスがある飲食のお店にお問い合わせ。南月、梅八、ラーゴビアンコ木場潟公園店をご案内しました（田中）
2026/04/23,窓口,1.日本,09時台,観光,個人,男性,60代以上,物産,,,,,,,お菓子,,,,辻占をお探し。年末年始のみの販売とご案内。
2026/04/23,窓口,1.日本,12時台,観光,個人,女性,60代以上,交通,,バス,小松空港,,,,,,,,空港線のバス停をご案内した。
2026/04/23,窓口,1.日本,12時台,観光,個人,男性,20代から30代,Komatsu九館内,お手洗い,,,,,,,,,,
2026/04/23,電話,1.日本,13時台,市民利用,個人,女性,60代以上,周辺店舗、飲食店,,,,小松カントリー,,,,,,,小松カントリーの連絡先を知りたいとのこと。お伝えした。
2026/04/23,窓口,3.欧米,12時台,観光,2〜5人,男女,40代から50代,交通,,バス,小松空港,,,,,,,,空港線の乗り場をご案内した。
2026/04/23,電話,1.日本,11時台,観光,個人,女性,60代以上,交通,,タクシー,小松駅,,,,,,,,小松空港から小松駅までタクシーでの移動時間のお問い合わせ　(大音)
2026/04/23,電話,1.日本,14時台,観光,個人,男性,20代から30代,周辺店舗、飲食店,,,,ランチ,,,,,,,ココアトラバル様より中型バスで来店　・16名　・2千円　・ランチのお問い合わせ　(大音)
2026/04/23,窓口,3.欧米,14時台,観光,個人,女性,60代以上,交通,,バス,小松空港,,,,,,,,空港行きのバスはチケットが必要かお問い合わせ　(大音)
2026/04/23,窓口,1.日本,17時台,ビジネス,個人,男性,40代から50代,周辺店舗、飲食店,,,,ラーメンが食べたいとお問い合わせ　勝っちゃんを案内しました(大音),,,,,,,
2026/04/23,窓口,1.日本,17時台,観光,個人,男性,60代以上,その他,,,,,,,,,,その他,安宅の関のパンフレットはないかのお問い合わせ　ものがたり館のパンフレットを渡した(大音)
2026/04/23,窓口,1.日本,17時台,ビジネス,個人,男性,40代から50代,その他,,,,,,,,,,その他,喫煙所お問い合わせ　(大音)
2026/04/23,窓口,1.日本,17時台,観光,個人,男性,40代から50代,その他,,,,,,,,,,その他,喫煙所のお問い合わせ　(大音)
2026/04/24,窓口,1.日本,11時台,観光,個人,女性,60代以上,交通,,バス,安宅住吉神社、勧進帳ものがたり館,,,,,,,,安宅の関に行きたいとのここと。安宅線をご案内した。成田屋のファンとのことで、うららのギャラリーなどもご案内した。
2026/04/24,窓口,1.日本,10時台,観光,個人,男性,20代から30代,Komatsu九館内,お手洗い,,,,,,,,,,
2026/04/24,窓口,1.日本,11時台,観光,個人,女性,40代から50代,Komatsu九館内,お手洗い,,,,,,,,,,
2026/04/24,窓口,1.日本,12時台,観光,個人,女性,20代から30代,Komatsu九館内,お手洗い,,,,,,,,,,
2026/04/24,窓口,1.日本,18時台,観光,個人,男女,40代から50代,物産,,,,,,,お菓子,,,,おすすめのお菓子
2026/04/24,窓口,1.日本,14時台,観光,個人,女性,20代から30代,その他,,,,,,,,,,その他,小松市とポムポムプリンの関係性について
2026/04/25,窓口,1.日本,11時台,市民利用,個人,男性,60代以上,Komatsu九館内,カブーレ,,,,,,,,,,
2026/04/25,窓口,1.日本,10時台,市民利用,個人,男性,60代以上,Komatsu九館内,携帯受電機の場所,,,,,,,,,,
2026/04/25,窓口,2.アジア,13時台,観光,個人,男性,20代から30代,交通,,バス,小松空港,,,,,,,,空港行きのバスの時間。時刻と乗り場をご案内しました。林
2026/04/25,窓口,1.日本,11時台,観光,個人,男性,40代から50代,Komatsu九館内,お手洗い,,,,,,,,,,
2026/04/25,窓口,1.日本,14時台,市民利用,個人,女性,学生,その他,,,,,,,,,,その他,IR・JRへのクレーム:スタッフの態度が悪いとのこと。訴えを聞き、お問い合わせ窓口と代替案を提案した。
2026/04/25,窓口,1.日本,14時台,観光,2〜5人,男女,40代から50代,交通,,バス,小松空港,,,,,,,,ネットで表示される時間がサイトによって違うのか、どれが正しいのか聞かれたため、時刻表とともに更新時期を伝えた。
2026/04/25,窓口,2.アジア,16時台,観光,個人,男性,20代から30代,物産,,,,,,,酒,,,,神泉さんの本生をお求めとのこと。限定商品であることをお伝えした。
2026/04/25,電話,1.日本,14時台,市民利用,個人,女性,40代から50代,その他,,,,,,,,,,その他,小松駅のみどりの窓口のスタッフについてクレームを言いたい。JR西日本お客様センター0570-00-2486をご案内しました。（田中）
2026/04/26,窓口,1.日本,09時台,観光,個人,男性,60代以上,観光案内,,,,,みよっさ,見て歩きマップ,,,,,
2026/04/26,窓口,1.日本,10時台,市民利用,2〜5人,男女,40代から50代,Komatsu九館内,ギャラリーエリア,,,,,,,,,,
2026/04/26,窓口,1.日本,10時台,市民利用,2〜5人,男性,20代から30代,Komatsu九館内,ギャラリーエリア,,,,,,,,,,
2026/04/26,窓口,2.アジア,12時台,観光,2〜5人,男性,20代から30代,交通,,飛行機,小松空港,,,,,,,,
2026/04/26,窓口,2.アジア,11時台,観光,2〜5人,男性,40代から50代,周辺店舗、飲食店,,,,イオンモール,,,,,,,
2026/04/26,窓口,1.日本,11時台,市民利用,個人,男性,20代から30代,物産,,,,,,,お菓子,,,,Yukizuri の取り扱い場所のお問い合わせ。セブンイレブンをご案内。
2026/04/26,窓口,1.日本,11時台,観光,個人,男性,60代以上,観光案内,,,,,北前船資料館,お渡しなし,,,,,加賀温泉駅まで行き　周遊バスキャンバスあることを伝えました(大音)
2026/04/26,窓口,1.日本,12時台,観光,個人,女性,60代以上,Komatsu九館内,お手洗い,,,,,,,,,,
2026/04/26,窓口,1.日本,10時台,観光,個人,女性,40代から50代,Komatsu九館内,お手洗い,,,,,,,,,,
2026/04/26,窓口,1.日本,10時台,市民利用,2〜5人,女性,40代から50代,Komatsu九館内,ギャラリーエリア,,,,,,,,,,
2026/04/26,窓口,1.日本,13時台,市民利用,個人,女性,学生,周辺店舗、飲食店,,,,イオンモール,,,,,,,
2026/04/26,窓口,1.日本,14時台,観光,個人,男性,60代以上,交通,,バス,新イオンモール,,,,,,,,イオンモール行きバスのお問い合わせ　無かったため徒歩での道案内をしました　(大音)
2026/04/26,窓口,1.日本,14時台,市民利用,個人,女性,20代から30代,その他,,,,,,,,,,,モバイルバッテリーがある所のお問い合わせ　(大音)
2026/04/26,電話,1.日本,15時台,観光,個人,女性,20代から30代,交通,,バス,不明,,,,,,,,北鉄バスへの乗り換え時間、電車が遅延する可能性を聞かれた
2026/04/26,窓口,1.日本,17時台,観光,個人,男性,40代から50代,物産,,,,,,,取扱いのないもの（金沢土産、栗蒸し羊羹等）,,,,
2026/04/26,窓口,1.日本,18時台,観光,個人,女性,60代以上,Komatsu九館内,購入した商品を食べられるところ,,,,,,,,,,購入した商品を食べれるところ
2026/04/26,窓口,3.欧米,18時台,観光,個人,男性,20代から30代,交通,,バス,イオンモール新小松,,,,,,,,イオンモールまでのバスの最終便を聞かれたため、時刻表と併せて説明した
2026/04/27,窓口,1.日本,08時台,観光,個人,女性,40代から50代,交通,,バス,市民病院,,,,,,,,市民病院へのバスを案内しました。林
2026/04/27,窓口,2.アジア,09時台,観光,2〜5人,女性,40代から50代,Komatsu九館内,お手洗い,,,,,,,,,,
2026/04/27,窓口,2.アジア,10時台,観光,個人,女性,20代から30代,交通,,バス,イオンモール,,,,,,,,イオンモールへのバス時刻、乗り場を案内しました。林
2026/04/27,窓口,1.日本,10時台,観光,個人,女性,60代以上,交通,,バス,セラボ,,,,,,,,セラボまでのアクセス。循環線をご案内した。
2026/04/27,窓口,2.アジア,10時台,観光,個人,女性,20代から30代,交通,,バス,小松空港,,,,,,,,台湾からのお客様。空港線でSuicaを使えるバスをお探し。自動バスをご案内した。
2026/04/27,窓口,2.アジア,11時台,観光,2〜5人,女性,40代から50代,交通,,バス,イオンモール,,,,,,,,イオン行きのバスをお探し。循環線をご案内した。
2026/04/27,窓口,2.アジア,14時台,観光,個人,女性,20代から30代,Komatsu九館内,スタンプ,,,,,,,,,,アジア系の方がガーリーエアフォースのスタンプをお探し。終了していることをお伝え。代わりに駅のスタンプをご案内した。
2026/04/27,窓口,1.日本,10時台,市民利用,個人,女性,40代から50代,Komatsu九館内,お手洗い,,,,,,,,,,
2026/04/27,窓口,1.日本,13時台,観光,個人,女性,60代以上,物産,,,,,,,取扱いのないもの（金沢土産、栗蒸し羊羹等）,,,,丸八のお茶をお探し。カブーレをご案内した。
2026/04/27,窓口,3.欧米,16時台,観光,個人,男性,20代から30代,交通,,バス,イオンモール,,,,,,,,バスの乗り場を聞かれた
2026/04/27,窓口,1.日本,18時台,観光,個人,男性,20代から30代,交通,,シェアサイクル,サイクルポート,,,,,,,,近くにあるポートとアプリの利用方法を聞かれた
2026/04/27,窓口,1.日本,18時台,観光,個人,男性,20代から30代,Komatsu九館内,お手洗い,,,,,,,,,,お手洗い
2026/04/27,窓口,1.日本,18時台,観光,個人,女性,60代以上,Komatsu九館内,お手洗い,,,,,,,,,,お手洗いへ案内
2026/04/28,電話,1.日本,10時台,市民利用,個人,男性,60代以上,物産,,,,,,,その他雑貨,,,,真田紐をお探し。取り扱いないことをお伝えした。
2026/04/28,窓口,1.日本,18時台,観光,個人,男女,60代以上,物産,,,,,,,お菓子,,,,
2026/04/28,窓口,1.日本,12時台,市民利用,個人,男性,40代から50代,Komatsu九館内,お手洗い,,,,,,,,,,
2026/04/28,窓口,1.日本,13時台,市民利用,個人,男性,40代から50代,Komatsu九館内,喫煙所,,,,,,,,,,
2026/04/29,窓口,1.日本,11時台,観光,個人,女性,60代以上,その他,,,,,,,,,,,小松道徳会館に行く方法のお問い合わせ　バス時刻表　徒歩を案内しタクシー会社の電話番号をお渡ししました　(大音)
2026/04/29,窓口,1.日本,14時台,観光,個人,男性,60代以上,観光案内,,,,,セラボクタニ,お渡しなし,,,,,セラボクタニの場合のお問い合わせ　(大音)
2026/04/29,窓口,1.日本,17時台,観光,2〜5人,女性,60代以上,Komatsu九館内,お手洗い,,,,,,,,,,
2026/04/29,窓口,1.日本,17時台,観光,2〜5人,男女,60代以上,観光案内,,,,,うらら,見て歩きマップ,,,,,バス旅行で雪の大谷へ行った。新幹線の時間まで3時間ある。小松で見て回るところ。と言われたがもうどこも17時で閉まっている。うららと材木町の街並み、勝ちゃんの塩焼きそばを案内しました。林
2026/04/29,窓口,1.日本,18時台,観光,個人,女性,20代から30代,Komatsu九館内,お手洗い,,,,,,,,,,
2026/04/30,窓口,1.日本,12時台,観光,個人,男性,40代から50代,観光案内,,,,,禹橋神社　ボンネット広場,見て歩きマップ,,,,,2時間ほどで観光できる所のお問い合わせ　昔の電車　神社に興味あるということでボンネット広場　禹橋神社を案内しました(大音)
2026/04/30,窓口,1.日本,13時台,観光,個人,女性,60代以上,交通,,バス,粟津温泉,,,,,,,,粟津温泉までの交通手段と小松駅周辺の観光地をご案内しました
2026/04/30,窓口,1.日本,14時台,観光,2〜5人,男女,20代から30代,観光案内,,,,,トレインパーク,個別のパンフレット,,,,,岐阜から家族4人　車で来県　こまつの杜が定休日のため航空プラザに行くがその後のおすすめを聞かトレインパークを案内しました(大音)
2026/04/30,窓口,1.日本,17時台,市民利用,個人,女性,40代から50代,物産,,,,,,,取扱いのないもの（金沢土産、栗蒸し羊羹等）,,,,
2026/04/30,窓口,1.日本,18時台,市民利用,個人,女性,40代から50代,Komatsu九館内,お手洗い,,,,,,,,,,
2026/05/01,電話,1.日本,13時台,観光,個人,男性,40代から50代,観光案内,,,,,那谷寺,お渡しなし,,,,,
2026/05/01,窓口,2.アジア,12時台,観光,個人,女性,20代から30代,交通,,バス,イオンモール新小松行きのバス（田中）,,,,,,,,イオンモール新小松行きのバスのお問い合わせ（田中）
2026/05/01,窓口,1.日本,13時台,観光,個人,女性,40代から50代,物産,,,,,,,取扱いのないもの（金沢土産、栗蒸し羊羹等）,,,,
2026/05/01,窓口,1.日本,13時台,観光,個人,女性,40代から50代,Komatsu九館内,お手洗い,,,,,,,,,,
2026/05/01,窓口,1.日本,14時台,観光,個人,女性,60代以上,宿泊,,,,,,,,ホテルグランビナリオ,,,
2026/05/01,窓口,1.日本,15時台,観光,個人,女性,60代以上,Komatsu九館内,お手洗い,,,,,,,,,,
2026/05/02,窓口,1.日本,14時台,観光,2〜5人,男女,40代から50代,交通,,バス,茶碗まつり,,,,,,,,茶碗まつりの会場までの電車とバスの案内をしました。林
2026/05/02,窓口,1.日本,11時台,観光,個人,男性,40代から50代,Komatsu九館内,喫煙所,,,,,,,,,,
2026/05/02,窓口,1.日本,12時台,観光,個人,女性,60代以上,Komatsu九館内,お手洗い,,,,,,,,,,
2026/05/02,電話,1.日本,16時台,観光,10人以上,男女,60代以上,観光案内,,,,,小松城,お渡しなし,,,,,小松城付近の観光を知りたい
2026/05/03,窓口,1.日本,08時台,観光,個人,女性,20代から30代,イベント,,,,,,,,,茶碗まつり,,茶碗まつりの会場までのアクセス。鉄道とバスをご案内した。
2026/05/03,窓口,1.日本,09時台,観光,個人,女性,40代から50代,イベント,,,,,,,,,茶碗まつり,,茶碗まつりの会場までのアクセス。鉄道とバスをご案内した。
2026/05/03,窓口,1.日本,09時台,市民利用,個人,男性,40代から50代,交通,,バス,石川動物園,,,,,,,,動物園までのアクセス。佐野線をご案内した。
2026/05/03,窓口,1.日本,10時台,観光,個人,女性,40代から50代,Komatsu九館内,お手洗い,,,,,,,,,,
2026/05/03,窓口,1.日本,10時台,観光,個人,女性,40代から50代,交通,,タクシー,5人乗りタクシー,,,,,,,,5人乗りタクシーをお探し。小松タクシーをご案内した。
2026/05/03,窓口,1.日本,12時台,観光,個人,男性,20代から30代,Komatsu九館内,アルバ,,,,,,,,,,アルバをご案内した。
2026/05/03,電話,1.日本,12時台,ビジネス,個人,男性,40代から50代,観光案内,,,,,小松城,お渡しなし,,,,,旅行会社より問い合わせ。小松城付近の観光や美術館をご案内した。大型バスでの利用については市に問い合わせをお願いした。
2026/05/03,窓口,1.日本,12時台,観光,個人,女性,20代から30代,Komatsu九館内,ATM,,,,,,,,,,コンビニをご案内した。
2026/05/03,窓口,1.日本,14時台,市民利用,家族連れ,男女,20代から30代,Komatsu九館内,ギャラリーエリア,,,,,,,,,,鯉のぼりのトンネルをお探しとのこと
2026/05/03,窓口,1.日本,14時台,観光,個人,男性,20代から30代,Komatsu九館内,お手洗い,,,,,,,,,,お手洗いにご案内
2026/05/03,窓口,2.アジア,14時台,観光,個人,男性,40代から50代,宿泊,,,,,,,,粟津温泉,,,送迎バスをお探しとのこと
2026/05/03,窓口,1.日本,12時台,市民利用,個人,男性,40代から50代,Komatsu九館内,お手洗い,,,,,,,,,,
2026/05/03,窓口,1.日本,14時台,市民利用,2〜5人,女性,40代から50代,周辺店舗、飲食店,,,,ランチ,,,,,,,
2026/05/03,電話,1.日本,17時台,観光,個人,男性,40代から50代,イベント,,,,,,,,,多太神社の兜祭り,,多太神社の兜祭りについて
2026/05/03,窓口,1.日本,18時台,観光,個人,男性,20代から30代,物産,,,,,,,取扱いのないもの（金沢土産、栗蒸し羊羹等）,,,,さつきがせ
2026/05/03,窓口,1.日本,18時台,観光,家族連れ,男女,40代から50代,物産,,,,,,,取扱いのないもの（金沢土産、栗蒸し羊羹等）,,,,鱒寿司をお探し
2026/05/03,窓口,1.日本,19時以降,観光,個人,女性,60代以上,物産,,,,,,,取扱いのないもの（金沢土産、栗蒸し羊羹等）,,,,トマトチップス?をお探し
2026/05/04,窓口,1.日本,08時台,観光,個人,男性,40代から50代,観光案内,,,,,こまつの杜,お渡しなし,,,,,開園時間の問い合わせ。９時からとお伝え。
2026/05/04,窓口,1.日本,08時台,観光,家族連れ,男性,40代から50代,観光案内,,,,,こまつの杜,お渡しなし,,,,,お子様連れ。こまつの杜の営業について問い合わせ。休館日とお伝えした。
2026/05/04,窓口,1.日本,08時台,観光,個人,女性,40代から50代,イベント,,,,,,,,,茶碗まつり,,茶碗まつりのアクセス。鉄道とバスをご案内した。
2026/05/04,窓口,1.日本,08時台,観光,個人,男性,60代以上,Komatsu九館内,お手洗い,,,,,,,,,,
2026/05/04,窓口,1.日本,09時台,観光,個人,女性,60代以上,イベント,,,,,,,,,山中漆器まつり,,イベントは今日もやっているのか。本日までとお伝えした。
2026/05/04,窓口,1.日本,09時台,観光,個人,男性,40代から50代,Komatsu九館内,ギャラリーエリア,,,,,,,,,,御周印の受付をお探し。ギャラリーをご案内した。
2026/05/04,窓口,1.日本,12時台,観光,個人,男性,60代以上,観光案内,,,,,こまつの杜,お渡しなし,,,,,こまつの杜の営業について。GWは休館とお伝えした。
2026/05/04,窓口,1.日本,11時台,観光,個人,男性,40代から50代,交通,,シェアサイクル,サイクルポート,,,,,,,,シェアサイクルの使い方などの問い合わせ。コンビニで一日券を購入するとのこと。
2026/05/04,窓口,1.日本,13時台,市民利用,個人,女性,60代以上,Komatsu九館内,ギャラリーエリア,,,,,,,,,,鯉のぼりトンネルをお探し。ギャラリーをご案内した。
2026/05/04,窓口,1.日本,16時台,観光,個人,男性,40代から50代,Komatsu九館内,お手洗い,,,,,,,,,,
2026/05/04,窓口,1.日本,16時台,観光,個人,女性,40代から50代,宿泊,,,,,,,,ホテルグランビナリオ,,,
2026/05/04,窓口,1.日本,12時台,市民利用,個人,女性,40代から50代,物産,,,,,,,お菓子,,,,
2026/05/05,窓口,1.日本,09時台,観光,2〜5人,男女,20代から30代,イベント,,,,,,,,,お旅まつり,,
2026/05/05,窓口,1.日本,09時台,市民利用,個人,女性,40代から50代,Komatsu九館内,ギャラリーエリア,,,,,,,,,,
2026/05/05,窓口,1.日本,08時台,市民利用,個人,女性,40代から50代,Komatsu九館内,お手洗い,,,,,,,,,,
2026/05/05,窓口,2.アジア,09時台,観光,個人,男性,20代から30代,イベント,,,,,,,,,小松子供歌舞伎,,小松子供歌舞伎について
2026/05/05,窓口,1.日本,11時台,観光,個人,男性,40代から50代,その他,,,,,,,,,,その他,喫煙所のお問い合わせ　(大音)
2026/05/05,窓口,1.日本,11時台,観光,2〜5人,男女,40代から50代,その他,,,,,,,,,,その他,ポムポムプリンのパンのお問い合わせ　本店案内しました　(大音)
2026/05/05,窓口,1.日本,11時台,観光,2〜5人,男女,60代以上,観光案内,,,,,不明,見て歩きマップ,,,,,駅　周辺の地図がないかのお問い合わせ　みて歩きマップをお渡ししました　(大音)
2026/05/05,窓口,1.日本,13時台,市民利用,2〜5人,男女,60代以上,周辺店舗、飲食店,,,,小松うどん、塩焼きそば,,,,,,,駅構内の小松うどんの店舗をご案内しました
2026/05/05,窓口,1.日本,14時台,市民利用,個人,女性,40代から50代,イベント,,,,,,,,,お旅まつり,,
2026/05/05,窓口,1.日本,15時台,市民利用,個人,女性,40代から50代,Komatsu九館内,お手洗い,,,,,,,,,,
2026/05/05,窓口,1.日本,16時台,観光,個人,女性,40代から50代,物産,,,,,,,食品,,,,
2026/05/05,窓口,1.日本,18時台,観光,個人,女性,40代から50代,その他,,,,,,,,,,落とし物,ナイン事務所を案内しました　(大音)
2026/05/05,窓口,1.日本,18時台,観光,個人,男性,60代以上,物産,,,,,,,取扱いのないもの（金沢土産、栗蒸し羊羹等）,,,,つきよみやまじ
2026/05/05,窓口,1.日本,19時以降,観光,2〜5人,男女,60代以上,物産,,,,,,,お菓子,,,,GODIVAのコラボの商品をお探し
2026/05/05,窓口,1.日本,18時台,観光,家族連れ,男女,20代から30代,物産,,,,,,,取扱いのないもの（金沢土産、栗蒸し羊羹等）,,,,鱒寿司
2026/05/06,窓口,1.日本,08時台,観光,個人,女性,60代以上,イベント,,,,,,,,,大杉牡丹の里山無料送迎バスの乗り場,,大杉牡丹の里山無料送迎バスの乗り場のお問い合わせ。Bのりばをご案内しました（田中））
2026/05/06,窓口,1.日本,09時台,観光,個人,男女,60代以上,観光案内,,,,,小松駅周辺,見て歩きマップ,,,,,小松駅周周辺の観光スポット、お寺をご案内しました
2026/05/06,窓口,1.日本,09時台,市民利用,個人,女性,20代から30代,交通,,バス,イオンモール小松,,,,,,,,バスをご案内しました
2026/05/06,窓口,1.日本,11時台,観光,2〜5人,男女,60代以上,その他,,,,,,,,,,その他,こまつオープンガーデンマップのお問い合わせ。紙冊子からデジタルマップに変更とお伝え、チラシをお渡しした（田中）
2026/05/06,窓口,1.日本,10時台,観光,個人,男性,60代以上,観光案内,,,,,日本自動車博物館,お渡しなし,,,,,
2026/05/06,窓口,1.日本,12時台,市民利用,個人,女性,60代以上,交通,,バス,イオンモール新小松,,,,,,,,イオンモール新小松までのバス
2026/05/06,窓口,1.日本,13時台,市民利用,個人,女性,40代から50代,Komatsu九館内,お手洗い,,,,,,,,,,
2026/05/06,窓口,1.日本,11時台,観光,個人,女性,40代から50代,イベント,,,,,,,,,お旅まつり,,
2026/05/06,電話,1.日本,12時台,観光,個人,男性,40代から50代,イベント,,,,,,,,,お旅まつり,,お旅まつりの期間をお問い合わせ　(大音)
2026/05/06,窓口,1.日本,15時台,観光,個人,男性,40代から50代,観光案内,,,,,日本自動車博物館,個別のパンフレット,,,,,
2026/05/06,電話,1.日本,15時台,市民利用,個人,女性,60代以上,イベント,,,,,,,,,お旅まつり,,子供歌舞伎の上演時間のお問い合わせがありお答えいたしました
2026/05/07,窓口,1.日本,11時台,観光,個人,男性,40代から50代,イベント,,,,,,,,,お旅まつり,,日吉神社の神輿の出発時刻を知りたいとのこと。電話で確認し8時とお伝えした。
2026/05/07,窓口,2.アジア,12時台,観光,個人,女性,20代から30代,イベント,,,,,,,,,お旅まつり,,上演時間、場所、英語ガイドツアーを案内しました。林
2026/05/07,電話,1.日本,15時台,観光,個人,女性,60代以上,イベント,,,,,,,,,お旅まつり,,うららの日本こども歌舞伎のチケットがまだあるのか。ここではわからないので実行委員会の方に電話で問い合わせてください。伝えました。林
2026/05/07,窓口,1.日本,15時台,観光,個人,男性,40代から50代,Komatsu九館内,Komatsu九について,,,,,,,,,,日本遺産の御朱印。ナイン事務所を案内しました。林
2026/05/07,窓口,1.日本,14時台,観光,個人,男性,60代以上,その他,,,,,,,,,,その他,ファーボお探し
2026/05/07,窓口,1.日本,15時台,観光,個人,男性,60代以上,交通,,バス,小松空港,,,,,,,,どのくらい時間がかかるのか、また小松市広域の地図がほしいとのこと
2026/05/07,窓口,1.日本,15時台,観光,個人,男性,40代から50代,Komatsu九館内,カブーレ,,,,,,,,,,他にもお土産売っているところはあるか
2026/05/07,窓口,1.日本,16時台,観光,個人,女性,60代以上,物産,,,,,,,取扱いのないもの（金沢土産、栗蒸し羊羹等）,,,,最中のお吸い物
2026/05/07,窓口,1.日本,17時台,市民利用,個人,女性,20代から30代,交通,,バス,不明,,,,,,,,北鉄バスの定期券の購入希望
2026/05/07,窓口,1.日本,17時台,観光,個人,女性,40代から50代,交通,,バス,イオンモール,,,,,,,,バスの時刻表がほしいとのこと
2026/05/08,電話,1.日本,08時台,市民利用,個人,女性,60代以上,イベント,,,,,,,,,お旅まつり,,日吉神社に土居原町の提灯がないと町内の方から連絡があった。日吉神社に連絡してもらうようにお伝えした。
2026/05/08,窓口,1.日本,10時台,観光,個人,女性,60代以上,Komatsu九館内,待合室,,,,,,,,,,買った駅弁を食べられるところ。820ステーションをご案内した。
2026/05/08,窓口,3.欧米,11時台,観光,個人,女性,40代から50代,イベント,,,,,,,,,お旅まつり,,曳山はどこで見れるのか。本日の上演場所と引き揃えの会場をご案内した。
2026/05/08,窓口,1.日本,11時台,観光,2〜5人,男女,40代から50代,イベント,,,,,,,,,お旅まつり,,本日の上演場所。ご案内した。
2026/05/08,窓口,1.日本,11時台,観光,個人,男性,60代以上,イベント,,,,,,,,,お旅まつり,,お旅の上演場所。ご案内した。
2026/05/08,窓口,1.日本,12時台,市民利用,個人,女性,40代から50代,イベント,,,,,,,,,お旅まつり,,有料席を買いたいとのこと。オンライン販売のみとお伝えした。
2026/05/08,窓口,1.日本,14時台,観光,個人,女性,60代以上,その他,,,,,,,,,,その他,飲むヨーグルトを販売している所のお問い合わせ　セブンイレブンを案内しました　(大音)
2026/05/08,窓口,1.日本,15時台,ビジネス,2〜5人,女性,40代から50代,その他,,,,,,,,,,その他,ファミレスのお問い合わせ　案内しました(大音)
2026/05/08,電話,1.日本,16時台,市民利用,個人,男性,60代以上,観光案内,,,,,こまつの杜,お渡しなし,,,,,コマツの重機がある所のお問い合わせ　お伝えしました　(大音)
2026/05/09,窓口,1.日本,09時台,観光,2〜5人,男女,60代以上,イベント,,,,,,,,,お旅まつり,,本日の上演場所をご案内した。
2026/05/09,電話,1.日本,08時台,市民利用,個人,女性,40代から50代,その他,,,,,,,,,,その他,商品券を使えるのかとの問い合わせ。
2026/05/09,電話,1.日本,09時台,観光,個人,女性,40代から50代,イベント,,,,,,,,,お旅まつり,,今日電車でお旅祭に行くが何時に行くのがよいか。曳揃えのお時間をおすすめした。
2026/05/09,窓口,1.日本,10時台,観光,個人,女性,60代以上,イベント,,,,,,,,,お旅まつり,,お旅まつりをみて、兎橋神社へ行きたいとのこと。ご案内した。
2026/05/09,電話,1.日本,10時台,観光,個人,女性,60代以上,イベント,,,,,,,,,お旅まつり,,曳き揃えの時間が知りたい。ご案内した。
2026/05/09,窓口,1.日本,10時台,観光,個人,男性,40代から50代,Komatsu九館内,お手洗い,,,,,,,,,,
2026/05/09,窓口,1.日本,10時台,市民利用,個人,女性,20代から30代,観光案内,,,,,十二ヶ滝,お渡しなし,,,,,十二が滝の鯉のぼりはいつまであるのか。例年はGWの翌週まで設置しているとご案内。
2026/05/09,窓口,1.日本,10時台,観光,個人,男性,60代以上,イベント,,,,,,,,,お旅まつり,,上演場所をご案内した。
2026/05/09,窓口,1.日本,11時台,観光,個人,女性,40代から50代,イベント,,,,,,,,,お旅まつり,,今日の上演場所を知りたい。ご案内した。
2026/05/09,電話,1.日本,11時台,市民利用,個人,女性,40代から50代,交通,,駐車場,無料駐車場の問い合わせ,,,,,,,,無料開放している駐車場をご案内しました
2026/05/09,電話,1.日本,12時台,市民利用,個人,女性,40代から50代,物産,,,,,,,その他雑貨,,,,滝ヶ原石アロマストーンをお探し。販売中とご案内しました。
2026/05/09,窓口,1.日本,12時台,観光,個人,男女,40代から50代,交通,,バス,航空プラザ,,,,,,,,航空プラザまでのアクセス。空港線をご案内した。
2026/05/09,窓口,1.日本,12時台,観光,個人,男性,60代以上,周辺店舗、飲食店,,,,図書館,,,,,,,松任からお越し。図書館をお探し。ご案内した。
2026/05/09,窓口,1.日本,13時台,観光,個人,男性,40代から50代,観光案内,,,,,酒蔵,個別のパンフレット,,,,,酒蔵やワイン醸造所の見学をしたいとのこと。東酒造、加越、農口、コマブルをご案内した。
2026/05/09,窓口,1.日本,13時台,観光,個人,女性,40代から50代,Komatsu九館内,ギャラリーエリア,,,,,,,,,,ギャラリーをお探し。ご案内した。
2026/05/10,窓口,1.日本,08時台,観光,個人,女性,60代以上,観光案内,,,,,セラボクタニ　錦窯　宮本三郎美術館　もりもり寿司,"見て歩きマップ, 個別のパンフレット",,,,,名古屋から高速バス　バス停から徒歩で駅まで来県色々観光される　帰りも徒歩でバス停まで行かれる　セラボクタニ　錦窯　もりもり寿司　こまつの杜　宮本三郎美術館　(大音)
2026/05/10,電話,1.日本,09時台,市民利用,個人,女性,20代から30代,イベント,,,,,,,,,お旅まつり,,お旅まつりの屋台は何時まで営業しているかのお問い合わせ　(大音)
2026/05/10,電話,1.日本,12時台,観光,個人,男性,40代から50代,イベント,,,,,,,,,お旅まつり,,落とし物の問い合わせ先を聞かれたので駅前派出所をご案内しました
2026/05/10,窓口,2.アジア,12時台,観光,2〜5人,男女,40代から50代,その他,,,,,,,,,,その他,台湾の方　宅配について神奈川県までの送料のお問い合わせ箱をお見せし料金をお伝えしました　(大音)
2026/05/10,窓口,1.日本,13時台,観光,個人,女性,20代から30代,その他,,,,,,,,,,その他,授乳室のお問い合わせ　うららを案内しました　(大音)
2026/05/10,窓口,1.日本,15時台,観光,個人,女性,40代から50代,イベント,,,,,,,,,お旅まつり,,子供歌舞伎の上演時間と場所をご案内しました
2026/05/10,窓口,1.日本,15時台,ビジネス,個人,女性,40代から50代,その他,,,,,,,,,,その他,1番安い駐車場のお問い合わせ　場所を案内しました　(大音)
2026/05/10,窓口,3.欧米,16時台,観光,2〜5人,男女,40代から50代,観光案内,,,,,地図がほしいとのこと,英語のもの,,,,,小松市に関わる英語のパンフレットを全てお渡ししました
2026/05/10,窓口,3.欧米,17時台,観光,2〜5人,男女,40代から50代,交通,,バス,那谷寺,,,,,,,,那谷寺とハニべと自動車博物館をバスで行きたいとのことだった
2026/05/10,窓口,1.日本,16時台,観光,個人,男性,20代から30代,Komatsu九館内,お手洗い,,,,,,,,,,案内しました　(大音)
2026/05/10,窓口,1.日本,17時台,市民利用,個人,男性,学生,Komatsu九館内,喫煙所,,,,,,,,,,充電できるところも教えてほしいとのことだった
2026/05/10,窓口,1.日本,17時台,観光,個人,女性,60代以上,物産,,,,,,,食品,,,,駅弁を取り扱っているところを教えてほしいとのこと
2026/05/10,窓口,1.日本,17時台,市民利用,個人,男性,学生,その他,,,,,,,,,,その他,公衆電話のお問い合わせ　(大音)
2026/05/10,窓口,1.日本,15時台,市民利用,個人,男性,40代から50代,その他,,,,,,,,,,その他,公衆電話のお問い合わせ　(大音)
2026/05/10,窓口,1.日本,09時台,観光,個人,女性,20代から30代,交通,,バス,イオンモール新小松,,,,,,,,イオンモール行き　無料バスのお問い合わせ　昨年終了したことをお伝えしました(大音)
2026/05/10,窓口,1.日本,09時台,観光,2〜5人,男女,60代以上,イベント,,,,,,,,,お旅まつり,,曳山を見る場所を確認のお問い合わせ　案内しました　案内所の場所も案内しました　(大音)
2026/05/10,電話,1.日本,19時以降,市民利用,個人,男性,60代以上,イベント,,,,,,,,,お旅まつり,,子供歌舞伎は何時まで上演しているか、とのこと
2026/05/11,窓口,1.日本,09時台,市民利用,個人,男性,60代以上,交通,,駐車場,駅周辺,,,,,,,,旅行に行くため安い駐車場をお探し。サイエンスヒルズ周辺をご案内した。
2026/05/11,電話,1.日本,09時台,市民利用,個人,女性,20代から30代,Komatsu九館内,ギャラリーエリア,,,,,,,,,,土曜のナインでのイベントに参加したが忘れ物をしたとのこと。ナインの電話番号をお伝え
2026/05/11,窓口,2.アジア,11時台,観光,個人,女性,40代から50代,交通,,シェアサイクル,サイクルポート,,,,,,,,シェアサイクルの使い方を教えてほしいとのこと。一緒にご案内した。
2026/05/11,窓口,1.日本,11時台,観光,2〜5人,男女,60代以上,観光案内,,,,,みよっさ,"見て歩きマップ, 個別のパンフレット",,,,,半日駅周辺で観光したいとのこと。みよっさをご案内。ランチにすみげんさんをご案内した。
2026/05/11,窓口,1.日本,14時台,観光,個人,女性,60代以上,物産,,,,,,,取扱いのないもの（金沢土産、栗蒸し羊羹等）,,,,治部煮のレトルトはないか、とのこと
2026/05/11,窓口,1.日本,14時台,観光,個人,女性,20代から30代,Komatsu九館内,お手洗い,,,,,,,,,,お手洗い
2026/05/11,窓口,1.日本,13時台,観光,個人,女性,40代から50代,Komatsu九館内,カブーレ,,,,,,,,,,
2026/05/11,窓口,1.日本,14時台,観光,個人,男性,60代以上,Komatsu九館内,コワーキングエリア,,,,,,,,,,
2026/05/11,窓口,1.日本,18時台,ビジネス,個人,女性,40代から50代,その他,,,,,,,,,,その他,パンフレット置きたい、とのこと
2026/05/12,電話,1.日本,11時台,観光,個人,男性,60代以上,交通,,バス,白山登山,,,,,,,,資料がないためNWの電話番号をお伝えしました。林
2026/05/12,窓口,1.日本,13時台,観光,2〜5人,男女,60代以上,交通,,バス,たがわ龍泉閣の送迎バス乗り場。,,,,,,,,たがわ龍泉閣の送迎バス乗り場。新幹線の改札口の前にプラカード持っています。とお伝えしました。林
2026/05/12,窓口,1.日本,13時台,観光,個人,女性,40代から50代,その他,,,,,,,,,,その他,カブッキーの紙袋のお問い合わせ　空港店の電話番号を案内しました　(大音)
2026/05/13,窓口,1.日本,11時台,観光,家族連れ,男女,60代以上,周辺店舗、飲食店,,,,寿司,,,,,,,ランチで寿司屋をお探し。竹屋さんをご案内した。
2026/05/13,窓口,1.日本,10時台,観光,個人,男性,60代以上,交通,,バス,小松空港,,,,,,,,空港線のバス停をお探し。ご案内した。
2026/05/13,窓口,1.日本,12時台,観光,個人,女性,20代から30代,Komatsu九館内,スタンプ,,,,,,,,,,観光案内所のスタンプをお探し。ご用意がないこと、駅ナカは改札前にあることをご案内した。
2026/05/13,窓口,1.日本,15時台,観光,家族連れ,男女,20代から30代,物産,,,,,,,食品,,,,駅弁をお探し、とのことだったため当店とカブーレさんを併せて伝えた
2026/05/13,窓口,1.日本,16時台,市民利用,個人,女性,40代から50代,その他,,,,,,,,,,その他,観光大使の方の名刺を提示され割引はあるかのお問い合わせ　NWに問い合わせて本人のみの利用　、土産店では利用できないことを伝えました　(大音)
2026/05/13,窓口,2.アジア,17時台,観光,個人,女性,60代以上,物産,,,,,,,食品,,,,花くるみはどのようにして食べるのか
2026/05/14,窓口,1.日本,11時台,市民利用,個人,女性,40代から50代,Komatsu九館内,お手洗い,,,,,,,,,,
2026/05/14,窓口,1.日本,11時台,市民利用,個人,男性,60代以上,Komatsu九館内,喫煙所,,,,,,,,,,
2026/05/14,窓口,1.日本,10時台,観光,個人,男性,40代から50代,物産,,,,,,,お菓子,,,,
2026/05/14,窓口,1.日本,12時台,観光,個人,女性,20代から30代,交通,,バス,小松空港,,,,,,,,空港行きバスのお問い合わせ　松葉屋に行くご案内をしました　(大音)
2026/05/15,窓口,3.欧米,11時台,観光,個人,男性,40代から50代,観光案内,,,,,"みよっさ, 安宅住吉神社、安宅の関, こまつの杜","じゃらん, 見て歩きマップ, 個別のパンフレット",,,,,フランスからお越しの男性。明日子どもと駅周辺を観光したいとのこと。こまつの杜、サイエンスヒルズ、みよっさ、安宅の関をご案内しました（田中）
2026/05/15,窓口,1.日本,11時台,観光,個人,女性,40代から50代,Komatsu九館内,お手洗い,,,,,,,,,,
2026/05/15,窓口,2.アジア,15時台,観光,2〜5人,女性,60代以上,周辺店舗、飲食店,,,,ディナー,,,,,,,甲羅揚げをお探し、とのことでサイトのレストランリストから近いところをお伝えした
2026/05/15,窓口,2.アジア,15時台,観光,2〜5人,女性,60代以上,周辺店舗、飲食店,,,,ドラッグストア,,,,,,,ドラッグストアをお探しだったため、アオキの場所を口頭でお伝えしました
2026/05/15,窓口,1.日本,15時台,観光,個人,男性,40代から50代,交通,,バス,粟津温泉,,,,,,,,支払い方法を聞かれた
2026/05/15,窓口,1.日本,15時台,市民利用,家族連れ,男女,40代から50代,周辺店舗、飲食店,,,,こうどえん,,,,,,,今江の鴻渡園は営業しているか、とのこと
2026/05/15,窓口,1.日本,11時台,観光,個人,男性,40代から50代,観光案内,,,,,松井秀喜ミュージアム、那谷寺,お渡しなし,,,,,欧米からの男性の方。松井秀喜ミュージアム、那谷寺までのアクセスをご案内しました。（林）
2026/05/15,窓口,1.日本,16時台,観光,家族連れ,男女,20代から30代,交通,,バス,イオンモール,,,,,,,,イオンモール行きのバスについて聞かれた
2026/05/15,窓口,1.日本,17時台,観光,2〜5人,男女,60代以上,交通,,バス,小松空港,,,,,,,,乗車券の買い方
2026/05/15,窓口,1.日本,18時台,観光,個人,男性,60代以上,交通,,高速バス,不明,,,,,,,,高速バスの乗り場を聞かれた
2026/05/16,窓口,1.日本,09時台,観光,個人,女性,40代から50代,その他,,,,,,,,,,その他,五周印のお問い合わせのご案内しました
2026/05/16,窓口,1.日本,10時台,観光,個人,男性,40代から50代,観光案内,,,,,涼しい所,見て歩きマップ,,,,,22時まで何処かないかのお問い合わせ　みよっさ　すみげん　勝っちゃん　イオンモール行きのバスを案内しました　(大音)
2026/05/16,電話,1.日本,10時台,観光,個人,男性,60代以上,物産,,,,,,,食品,,,,柿の葉寿司を発送依頼のお問い合わせ　加賀市のお店を案内しました　(大音)
2026/05/16,電話,1.日本,11時台,観光,個人,男性,40代から50代,周辺店舗、飲食店,,,,スナック,,,,,,,小松　金沢　加賀でスナックの多い所は何処かのお問い合わせ　(大音)
2026/05/16,窓口,2.アジア,11時台,観光,個人,女性,20代から30代,その他,,,,,,,,,,落とし物,トイレにお酒を購入した袋を忘れて届いていないかのお問い合わせ　賑わいに電話で確認したがなかったため交番を案内しました　(大音)
2026/05/16,窓口,1.日本,11時台,観光,個人,女性,60代以上,観光案内,,,,,安宅住吉神社、安宅の関,"見て歩きマップ, 個別のパンフレット",,,,,
2026/05/16,窓口,1.日本,11時台,観光,個人,女性,40代から50代,Komatsu九館内,喫煙所,,,,,,,,,,
2026/05/16,窓口,1.日本,11時台,市民利用,個人,女性,60代以上,交通,,バス,イオンモール,,,,,,,,
2026/05/16,窓口,1.日本,14時台,観光,個人,男性,60代以上,観光案内,,,,,園町,"じゃらん, 見て歩きマップ",,,,,
2026/05/16,窓口,2.アジア,14時台,観光,個人,女性,20代から30代,観光案内,,,,,イオンモール,見て歩きマップ,,,,,
2026/05/16,窓口,1.日本,14時台,観光,個人,男性,60代以上,その他,,,,,,,,,,その他,ポストのお問い合わせ　(大音)
2026/05/16,窓口,1.日本,14時台,観光,個人,女性,40代から50代,その他,,,,,,,,,,その他,喫煙所のお問い合わせ　(大音)
2026/05/16,窓口,1.日本,16時台,観光,個人,女性,40代から50代,物産,,,,,,,お弁当のお問い合わせ,,,,お弁当のお問い合わせ。（田中）
2026/05/17,窓口,2.アジア,08時台,観光,個人,女性,40代から50代,交通,,シェアサイクル,登録,,,,,,,,シェアサイクルのアプリの登録を教えてほしいとのこと。ご案内した。
2026/05/17,窓口,1.日本,08時台,観光,個人,男性,60代以上,周辺店舗、飲食店,,,,モーニング,,,,,,,モーニングを食べる所をお探し。カブーレやユニコーヒーをご案内した。
2026/05/17,窓口,1.日本,08時台,観光,個人,女性,20代から30代,交通,,バス,山中温泉,,,,,,,,粟津温泉から山中温泉まで行きたいとのこと。キャンバスをご案内した。
2026/05/17,窓口,2.アジア,09時台,観光,個人,女性,20代から30代,Komatsu九館内,ロッカー,,,,,,,,,,コインロッカーが小さくて荷物が入らないとのこと。駅では手荷物預かりをしていないとお伝えした。
2026/05/17,窓口,3.欧米,09時台,観光,2〜5人,男性,20代から30代,交通,,シェアサイクル,サイクルポート,,,,,,,,シェアサイクルの一日券を買われた方。自転車が開錠できないとのこと。他の自転車を試してもらうようご案内した。スイスからお越し。安宅へ行かれるとのこと。
2026/05/17,窓口,1.日本,10時台,観光,個人,女性,20代から30代,観光案内,,,,,ゆのくにの森,"じゃらん, 個別のパンフレット",,,,,ゆのくにの森はどんなところか。伝統工芸品の体験ができる施設とご案内した。
2026/05/17,窓口,1.日本,11時台,ビジネス,個人,男性,40代から50代,周辺店舗、飲食店,,,,ランチ,,,,,,,たち食いそばをお探し。駅内をご案内した。
2026/05/17,窓口,1.日本,11時台,観光,個人,男性,40代から50代,Komatsu九館内,お手洗い,,,,,,,,,,
2026/05/17,窓口,1.日本,09時台,観光,個人,女性,20代から30代,Komatsu九館内,お手洗い,,,,,,,,,,
2026/05/17,窓口,1.日本,14時台,市民利用,2〜5人,男女,60代以上,交通,,バス,木場潟公園,,,,,,,,木場潟道の駅へのバスをご案内しました
2026/05/17,電話,1.日本,15時台,市民利用,個人,男性,学生,その他,,,,,,,,,,その他,チャージスポットについてのお問い合わせ　無料ではないアプリで登録してレンタル開始をお伝えしました　(大音)
2026/05/17,窓口,1.日本,16時台,観光,2〜5人,男女,20代から30代,Komatsu九館内,ビッケ,,,,,,,,,,案内しました　(大音)
2026/05/18,電話,1.日本,10時台,市民利用,個人,男性,60代以上,周辺店舗、飲食店,,,,ランチ,,,,,,,小松市でランチに鰻を食べたいとのこと。松竹さんをご案内した。
2026/05/18,窓口,2.アジア,11時台,観光,2〜5人,男女,60代以上,交通,,バス,イオンモール,,,,,,,,台湾の方。イオン行きのバスをお探し。ご案内した。
2026/05/18,窓口,1.日本,11時台,観光,個人,男性,20代から30代,交通,,バス,イオンモール,,,,,,,,イオン行きのバスをお探し。バスとタクシーをご案内した。
2026/05/18,窓口,1.日本,11時台,観光,個人,男女,60代以上,観光案内,,,,,みよっさ,見て歩きマップ,,,,,駅周辺で観光したいとのこと。みよっさや錦窯をご案内した。
2026/05/18,電話,1.日本,12時台,観光,個人,男性,60代以上,観光案内,,,,,温泉,お渡しなし,,,,,小松市内の日帰り温泉。西圓寺温泉や涌泉寺温泉、総湯をご案内した。
2026/05/18,窓口,1.日本,11時台,観光,2〜5人,男女,60代以上,観光案内,,,,,一時間で回れる所,見て歩きマップ,,,,,
2026/05/18,窓口,1.日本,17時台,市民利用,個人,男性,40代から50代,交通,,バス,市民センター,,,,,,,,市民センター行き乗り場のお問い合わせ　案内しました　(大音)
2026/05/18,窓口,1.日本,16時台,観光,個人,女性,40代から50代,その他,,,,,,,,,,その他,喫煙所のお問い合わせ　(大音)
2026/05/19,窓口,1.日本,08時台,観光,個人,男性,60代以上,周辺店舗、飲食店,,,,喫茶店,,,,,,,朝からやっている喫茶店はないか。ユニコーヒーやウレシャス、アコをご案内。
2026/05/19,窓口,2.アジア,08時台,観光,個人,女性,40代から50代,交通,,シェアサイクル,使い方,,,,,,,,シェアサイクルの使い方をご案内した。
2026/05/19,窓口,2.アジア,09時台,観光,2〜5人,男女,20代から30代,Komatsu九館内,ロッカー,,,,,,,,,,ロッカーをお探し。ご案内した。
2026/05/19,窓口,1.日本,09時台,観光,個人,男性,40代から50代,物産,,,,,,,お菓子,,,,チョコビーバーをお探し。期間限定とお伝えした。
2026/05/19,窓口,1.日本,10時台,観光,個人,女性,60代以上,観光案内,,,,,安宅住吉神社、安宅の関,"じゃらん, 個別のパンフレット",,,,,安宅を観光したいとのこと。住吉神社と周辺をご案内した。バスタクシーをご案内した。
2026/05/19,窓口,2.アジア,10時台,観光,個人,男性,20代から30代,交通,,バス,日本自動車博物館,,,,,,,,自動車博物館までのアクセス。バスとタクシーをご案内した。
2026/05/19,窓口,2.アジア,12時台,観光,個人,女性,20代から30代,交通,,バス,小松空港,,,,,,,,空港線のチケットをお探し。車内支払いをご案内した。
2026/05/19,窓口,3.欧米,14時台,観光,2〜5人,男性,20代から30代,交通,,バス,ハニベ巌窟院,,,,,,,,ハニべ行きのバス。17時35分しかないので、タクシーになります。案内しました。林
2026/05/19,窓口,1.日本,13時台,観光,個人,女性,40代から50代,Komatsu九館内,無料休憩所,,,,,,,,,,無料休憩所ないか。820ステーション案内しました。林
2026/05/19,窓口,1.日本,18時台,観光,個人,男性,40代から50代,Komatsu九館内,Komatsu九について,,,,,,,,,,何時から営業しているのか
2026/05/19,窓口,2.アジア,18時台,観光,2〜5人,男女,40代から50代,交通,,バス,小松空港,,,,,,,,中華系のご夫婦、バス乗り場と支払い方法を尋ねられた
2026/05/19,窓口,1.日本,18時台,観光,個人,女性,20代から30代,Komatsu九館内,お手洗い,,,,,,,,,,お手洗い
2026/05/20,窓口,1.日本,10時台,市民利用,個人,男性,60代以上,周辺店舗、飲食店,,,,大和小松ギフトショップ,,,,,,,大和小松ギフトショップの場所をご案内しました
2026/05/20,窓口,1.日本,12時台,観光,2〜5人,女性,60代以上,観光案内,,,,,"みよっさ, 勧進帳ものがたり館, 安宅住吉神社、安宅の関, 那谷寺","じゃらん, 見て歩きマップ, 個別のパンフレット",,,,,
2026/05/20,窓口,1.日本,11時台,観光,個人,女性,60代以上,Komatsu九館内,お手洗い,,,,,,,,,,
2026/05/20,電話,1.日本,16時台,市民利用,個人,女性,20代から30代,Komatsu九館内,落とし物,,,,,,,,,,
2026/05/20,窓口,1.日本,08時台,観光,個人,女性,60代以上,観光案内,,,,,鳥越一向一揆歴史館,お渡しなし,,,,,鳥越一向一揆歴史館までにアクセス。バスとタクシーをご案内しました（田中）
2026/05/21,電話,1.日本,08時台,市民利用,個人,女性,40代から50代,その他,,,,,,,,,,その他,年金事務所に行くお問い合わせ　(大音)
2026/05/21,窓口,1.日本,08時台,市民利用,個人,男性,学生,その他,,,,,,,,,,落とし物,先週財布を落としたそうで、落とし物の問い合わせ。駅前交番をご案内した。
2026/05/21,窓口,1.日本,09時台,ビジネス,個人,男性,40代から50代,Komatsu九館内,ギャラリーエリア,,,,,,,,,,会議室をお探し。ギャラリーとコワーキングをご案内した。
2026/05/21,窓口,1.日本,11時台,ビジネス,個人,男性,40代から50代,その他,,,,,,,,,,その他,喫煙所のお問い合わせ　(大音)
2026/05/21,窓口,1.日本,15時台,観光,個人,女性,60代以上,宿泊,,,,,,,,ホテルグランビナリオ,,,どの方向にあるかのお問い合わせ　(大音)
2026/05/22,窓口,2.アジア,10時台,観光,個人,男性,40代から50代,交通,,バス,那谷寺,,,,,,,,那谷寺と木場潟公園に行きたいとのこと。バスをご案内した。
2026/05/22,窓口,1.日本,12時台,ビジネス,2〜5人,男性,60代以上,周辺店舗、飲食店,,,,衣服,,,,,,,駅構内にネクタイを販売しているところはないですか / 小松大和ショップをご案内しました（南）
2026/05/22,窓口,1.日本,14時台,観光,個人,男性,60代以上,観光案内,,,,,"勧進帳ものがたり館, 安宅住吉神社、安宅の関","見て歩きマップ, 個別のパンフレット",,,,,
2026/05/22,窓口,1.日本,10時台,観光,個人,女性,40代から50代,観光案内,,,,,"木場潟公園, 那谷寺","見て歩きマップ, 個別のパンフレット",,,,,
2026/05/23,窓口,1.日本,10時台,観光,個人,女性,60代以上,周辺店舗、飲食店,,,,花屋,,,,,,,花屋をお探し。ライラックフローリストをご案内しました。
2026/05/23,窓口,2.アジア,11時台,観光,個人,男性,60代以上,交通,,バス,安宅住吉神社、勧進帳ものがたり館,,,,,,,,中国からのお客さま。安宅までのバスをご案内した。
2026/05/23,窓口,1.日本,11時台,ビジネス,個人,男性,60代以上,交通,,バス,小松空港,,,,,,,,空港線をお探し。バス停や支払いをご案内した。
2026/05/23,窓口,1.日本,11時台,観光,2〜5人,男女,60代以上,観光案内,,,,,市場,お渡しなし,,,,,駅周辺で飲食のできる魚の市場はあるのかとのといあわせ。近くにはないとお伝えした。
2026/05/23,窓口,1.日本,12時台,観光,個人,男性,40代から50代,その他,,,,,,,,,,その他,マンホールカードをお探し。
2026/05/23,窓口,1.日本,09時台,観光,個人,女性,20代から30代,Komatsu九館内,お手洗い,,,,,,,,,,
2026/05/23,窓口,1.日本,12時台,市民利用,個人,男性,学生,周辺店舗、飲食店,,,,買い物,,,,,,,大学生。家具を買いたいとのこと。セカストやホームセンターをご案内した。
2026/05/23,窓口,1.日本,13時台,観光,2〜5人,女性,60代以上,観光案内,,,,,みよっさ,見て歩きマップ,,,,,駅周辺で観光したいとのこと。みよっさや神社をご案内した。
2026/05/23,窓口,1.日本,11時台,市民利用,個人,女性,20代から30代,Komatsu九館内,お手洗い,,,,,,,,,,
2026/05/23,窓口,1.日本,12時台,観光,個人,女性,40代から50代,Komatsu九館内,お手洗い,,,,,,,,,,
2026/05/23,窓口,1.日本,14時台,観光,個人,女性,40代から50代,その他,,,,,,,,,,その他,近くの温泉。近くには銭湯しかないとお伝えしました。林
2026/05/23,窓口,1.日本,14時台,観光,個人,女性,40代から50代,観光案内,,,,,"みよっさ, こまつの杜, 神社",お渡しなし,,,,,1時間くらい時間があるので観光できるところ。みよっさ、こまつの杜、神社ご案内しました。林
2026/05/23,窓口,1.日本,14時台,観光,個人,女性,60代以上,物産,,,,,,,取扱いのないもの（金沢土産、栗蒸し羊羹等）,,,,栗蒸し羊羹
2026/05/23,窓口,1.日本,16時台,観光,個人,男性,40代から50代,観光案内,,,,,ポムポムプリンマップがほしい,ポムポムプリンマップ,,,,,ポムポムプリンマップをお渡しした
2026/05/23,窓口,1.日本,15時台,観光,2〜5人,男女,40代から50代,Komatsu九館内,Komatsu九について,,,,,,,,,,名前の由来を聞かれた
2026/05/23,窓口,1.日本,17時台,観光,個人,男性,40代から50代,物産,,,,,,,お菓子,,,,弁慶羊羹は粒餡かどうか聞かれたため御朱印のサイトを提示した
2026/05/24,窓口,1.日本,11時台,観光,個人,男性,40代から50代,その他,,,,,,,,,,その他,シェアサイクルについて　冊子をお渡しました　(大音)
2026/05/24,窓口,1.日本,11時台,観光,個人,男性,40代から50代,その他,,,,,,,,,,その他,うらら劇場にあるシェアサイクルの場所をお問い合わせ　(大音)
2026/05/24,窓口,1.日本,15時台,観光,個人,男性,60代以上,Komatsu九館内,アルバ,,,,,,,,,,駅にあるカレー屋さんをお探しだった
2026/05/24,窓口,1.日本,16時台,観光,家族連れ,男女,20代から30代,Komatsu九館内,お手洗い,,,,,,,,,,お手伝いの場所をお伝えしました
2026/05/24,窓口,1.日本,16時台,観光,個人,男性,40代から50代,観光案内,,,,,"ハニベ巌窟院, みよっさ, 那谷寺, こまつの杜","見て歩きマップ, 個別のパンフレット",,,,,小松の観光を尋ねられ、永平寺について聞かれたが隣県のお寺であることをお伝えしました
2026/05/24,窓口,1.日本,13時台,市民利用,個人,女性,60代以上,Komatsu九館内,お手洗い,,,,,,,,,,
2026/05/24,窓口,1.日本,15時台,観光,個人,女性,40代から50代,Komatsu九館内,お手洗い,,,,,,,,,,
2026/05/25,窓口,1.日本,10時台,観光,個人,男性,20代から30代,観光案内,,,,,こまつの杜,"じゃらん, 見て歩きマップ",,,,,高校の先生が学校行事の下見にいらっしゃり、団体で利用できるしせつをお探し。駅周辺ではこまつの杜やサイエンスヒルズをご案内した。
2026/05/25,窓口,1.日本,13時台,市民利用,個人,男性,60代以上,交通,,バス,能美,,,,,,,,能美市あけぼの町まで。佐野線をご案内。
2026/05/25,窓口,1.日本,14時台,市民利用,個人,男性,60代以上,交通,,バス,ショッピングセンター,,,,,,,,
2026/05/25,窓口,1.日本,13時台,観光,個人,女性,40代から50代,Komatsu九館内,喫煙所,,,,,,,,,,
2026/05/26,窓口,1.日本,10時台,観光,個人,男性,60代以上,観光案内,,,,,みよっさ,"じゃらん, 見て歩きマップ",,,,,駅周辺で観光したいとのこと。みよっさや錦窯をご案内した。
2026/05/26,窓口,1.日本,11時台,観光,個人,男性,60代以上,交通,,徒歩,小松城,,,,,,,,小松城跡までのアクセス。徒歩でご案内した。
2026/05/26,電話,1.日本,14時台,観光,個人,女性,20代から30代,周辺店舗、飲食店,,,,ランチ,,,,,,,"1人　5,000予算ランチのお問い合わせ　(大音)"
2026/05/26,窓口,1.日本,14時台,市民利用,個人,女性,40代から50代,物産,,,,,,,取扱いのないもの（金沢土産、栗蒸し羊羹等）,,,,
2026/05/26,窓口,1.日本,12時台,ビジネス,個人,男性,20代から30代,物産,,,,,,,取扱いのないもの（金沢土産、栗蒸し羊羹等）,,,,
2026/05/27,電話,1.日本,09時台,観光,個人,男性,40代から50代,観光案内,,,,,"勧進帳ものがたり館, 安宅住吉神社、安宅の関",お渡しなし,,,,,
2026/05/27,電話,1.日本,10時台,観光,個人,男性,40代から50代,周辺店舗、飲食店,,,,懐石料理,,,,,,,ランチで懐石料理を食べれるお店のお問い合わせ　まつ家　一浪と電話番号をお伝えしました　(大音)
2026/05/27,窓口,1.日本,10時台,観光,2〜5人,男女,20代から30代,観光案内,,,,,航空プラザ,個別のパンフレット,,,,,トレインパーク　小松の杜に行き福井に行くけど何処かないですかのお問い合わせ　子供がいたため航空プラザを案内しました　(大音)
2026/05/27,窓口,1.日本,13時台,観光,個人,女性,20代から30代,交通,,バス,小松空港,,,,,,,,空港行きバス乗り場のお問い合わせ　(大音)
2026/05/27,窓口,3.欧米,13時台,観光,2〜5人,女性,20代から30代,その他,,,,,,,,,,その他,山中温泉に宿泊予定で降りる駅を間違えて伝えてほしいとこられました　電話をしてバスに乗れないこと次の手段を聞きお客様にお伝えしました　加賀温泉駅からアルプラザまで行く方法　またアルプラザの前で待つ事　15時発　5分前にいる事　時間厳守　をお伝えしました　(大音)
2026/05/27,窓口,1.日本,14時台,ビジネス,個人,男性,20代から30代,その他,,,,,,,,,,その他,チャージスポットのお問い合わせ　(大音)
2026/05/27,窓口,1.日本,16時台,観光,個人,男性,40代から50代,観光案内,,,,,こまつの杜,個別のパンフレット,,,,,小松の杜のパンフレット希望
2026/05/27,窓口,1.日本,16時台,観光,個人,男性,40代から50代,物産,,,,,,,食品,,,,駅弁をお探し。当店とカブーレさんを案内しました。
2026/05/27,窓口,1.日本,16時台,観光,2〜5人,男女,40代から50代,物産,,,,,,,お菓子,,,,堅豆腐は何が違うのか聞かれた
2026/05/27,窓口,1.日本,18時台,観光,2〜5人,男女,60代以上,Komatsu九館内,お手洗い,,,,,,,,,,お手洗い
2026/05/27,窓口,1.日本,18時台,観光,2〜5人,男女,60代以上,Komatsu九館内,カブーレ,,,,,,,,,,当店で購入したものを食べれるところを聞かれたため、休憩所とカブーレを案内しました。
2026/05/28,窓口,1.日本,11時台,観光,個人,女性,20代から30代,Komatsu九館内,お手洗い,,,,,,,,,,
2026/05/28,電話,1.日本,11時台,観光,個人,男性,60代以上,物産,,,,,,,食品,,,,柿の葉寿司をお探し。ご案内した。
2026/05/28,窓口,1.日本,10時台,観光,個人,女性,20代から30代,交通,,バス,イオンモール,,,,,,,,イオン行きのバスをお探し。ご案内した。
2026/05/28,窓口,1.日本,10時台,観光,個人,男性,60代以上,周辺店舗、飲食店,,,,本屋,,,,,,,近くで大きい本屋をお探し。明文堂をご案内した。
2026/05/28,窓口,1.日本,11時台,ビジネス,個人,男性,40代から50代,交通,,バス,小松空港,,,,,,,,空港行きのバスをご案内した。
2026/05/28,電話,1.日本,13時台,観光,個人,男性,60代以上,交通,,バス,大倉岳スキー場,,,,,,,,大型バスを停車できるホテル、大倉岳スキー場までバスで通行できるかどうかとのお問い合わせ。可能とご案内した。（田中）
2026/05/28,窓口,1.日本,16時台,観光,個人,男性,40代から50代,交通,,バス,小松空港,,,,,,,,バスを逃してしまったので他の手段を教えてほしい、とのこと。
2026/05/28,窓口,2.アジア,18時台,観光,個人,男性,20代から30代,Komatsu九館内,カブーレ,,,,,,,,,,場所を尋ねられたため、通路挟んで隣と伝えた
2026/05/28,窓口,1.日本,17時台,観光,個人,男性,40代から50代,物産,,,,,,,食品,,,,金箔ふりかけをお探し
2026/05/28,窓口,1.日本,18時台,観光,個人,男性,60代以上,周辺店舗、飲食店,,,,寿司,,,,,,,回転寿司くらいのリーズナブルなお寿司を食べたいとのこと
2026/05/29,窓口,1.日本,09時台,観光,2〜5人,男性,60代以上,観光案内,,,,,"那谷寺, 小松城","じゃらん, 見て歩きマップ",,,,,小松城跡と那谷寺に行きたいとのこと。小松城は徒歩をご案内した。那谷寺は熊出没のためお休みとお伝えした。
2026/05/29,窓口,2.アジア,10時台,観光,個人,女性,40代から50代,交通,,バス,新潟,,,,,,,,新潟行きの高速バスを取りたいとのこと。ネット予約をご案内した
2026/05/29,窓口,3.欧米,12時台,観光,個人,男性,60代以上,観光案内,,,,,日本自動車博物館,個別のパンフレット,,,,,自動車博物館行きのバスがあるかのお問い合わせ　徒歩は2時間かかること　個別パンフレットと加賀温泉駅に行きキャンバスに乗る方法をお伝えしました　困難なことを残念だとおっしゃっていました　(大音)
2026/05/29,窓口,1.日本,15時台,市民利用,個人,男性,40代から50代,イベント,,,,,,,,,全国うまいものフェスティバル,,小松ドームで全国うまいものフェスティバルについて　無料バスはあるのか　日時の確認のお問い合わせ　(大音)
2026/05/29,窓口,1.日本,16時台,ビジネス,個人,男性,60代以上,その他,,,,,,,,,,その他,改札口のお問い合わせ　(大音)
2026/05/30,窓口,1.日本,10時台,観光,個人,男性,60代以上,観光案内,,,,,"日本自動車博物館, 農口尚彦研究所",個別のパンフレット,,,,,農口尚彦研究所杜庵について。アスセスや予約方法のお問い合わせ。（田中）
2026/05/30,窓口,1.日本,09時台,市民利用,個人,女性,40代から50代,その他,,,,,,,,,,その他,近くの薬局のお問い合わせ。アオキをご案内した（田中）
2026/05/30,窓口,1.日本,10時台,観光,個人,男性,60代以上,観光案内,,,,,日本自動車博物館,個別のパンフレット,,,,,
2026/05/30,窓口,1.日本,10時台,観光,個人,男性,40代から50代,観光案内,,,,,イオンモール,見て歩きマップ,,,,,
2026/05/30,窓口,1.日本,10時台,観光,個人,女性,40代から50代,観光案内,,,,,松井秀喜ミュージアム,個別のパンフレット,,,,,松井秀喜ミュージアムまでのアクセス。能美根上駅のみバスのルートとタクシー（12分）をご案内しました（田中）
2026/05/30,窓口,2.アジア,10時台,市民利用,個人,女性,20代から30代,交通,,バス,イオンモール新小松,,,,,,,,タイ人の女性3名。イオンモール新小松までのアクセス。（田中）
2026/05/30,窓口,2.アジア,11時台,観光,2〜5人,男女,20代から30代,交通,,鉄道,富山,,,,,,,,
2026/05/30,窓口,1.日本,12時台,市民利用,個人,女性,40代から50代,Komatsu九館内,ギャラリーエリア,,,,,,,,,,
2026/05/30,窓口,1.日本,12時台,観光,2〜5人,男女,40代から50代,交通,,バス,小松空港,,,,,,,,航空プラザに行く方法のお問い合わせ　空港行きのバスを案内しました　(大音)
2026/05/30,電話,1.日本,12時台,市民利用,個人,女性,40代から50代,その他,,,,,,,,,,その他,墓参り用のお花　線香を購入できるところのお問い合わせ　レンガ通りのお店を案内しました　(大音)
2026/05/30,電話,1.日本,12時台,観光,個人,女性,40代から50代,観光案内,,,,,小松城,お渡しなし,,,,,小松城に行きたいが案内する人はいるのかのお問い合わせ　(大音)
2026/05/30,窓口,1.日本,14時台,観光,個人,男性,60代以上,交通,,飛行機,小松空港,,,,,,,,
2026/05/30,窓口,1.日本,15時台,観光,個人,男性,20代から30代,Komatsu九館内,御周印帳,,,,,,,,,,御周印帳のお問い合わせ　(大音)
2026/05/30,窓口,1.日本,15時台,観光,家族連れ,男女,60代以上,周辺店舗、飲食店,,,,本屋さんをお探し,,,,,,,本屋さんお探し
2026/05/30,窓口,1.日本,15時台,観光,2〜5人,男性,40代から50代,物産,,,,,,,お菓子,,,,人気ランキングと駅弁を聞かれた
2026/05/30,電話,1.日本,17時台,観光,個人,女性,40代から50代,Komatsu九館内,荷物について,,,,,,,,,,ロッカーを使用できない場合に土産店で荷物の預かりをできるか問い合わせ　(大音)
2026/05/30,電話,1.日本,17時台,観光,個人,女性,60代以上,交通,,バス,ゆのくにの森,,,,,,,,ゆのくにの森のアクセス方法と、小松空港へ向かう手段を聞かれた
2026/05/30,窓口,1.日本,18時台,観光,個人,男性,20代から30代,その他,,,,,,,,,,その他,トイレのお問い合わせ　(大音)
2026/05/30,窓口,1.日本,18時台,観光,2〜5人,女性,40代から50代,周辺店舗、飲食店,,,,食事,,,,,,,新幹線まで1時間で飲食ができるところのお問い合わせ　カブーレを案内しました　(大音)
2026/05/31,電話,1.日本,09時台,観光,個人,男性,40代から50代,観光案内,,,,,滝ヶ原,お渡しなし,,,,,石の里滝ヶ原ガイドコースに年齢制限はありますか　　お問い合わせ先をご案内しました（南）
2026/05/31,窓口,1.日本,10時台,観光,2〜5人,男女,40代から50代,交通,,バス,小松空港,,,,,,,,運賃の支払方法をご案内しました（南）
2026/05/31,窓口,1.日本,11時台,観光,2〜5人,女性,20代から30代,周辺店舗、飲食店,,,,小松うどん、塩焼きそば,,,,,,,つるっとの場所をご案内しました（南）
2026/05/31,窓口,1.日本,11時台,観光,2〜5人,男女,40代から50代,観光案内,,,,,"みよっさ, 安宅住吉神社、安宅の関",個別のパンフレット,,,,,夕方まで観光できる所のお問い合わせ帰りは飛行機　みよっさと安宅の関を案内しました　(大音)
2026/06/01,電話,1.日本,08時台,観光,個人,女性,60代以上,観光案内,,,,,苔の里,お渡しなし,,,,,苔の里までのアクセス（田中）
2026/06/01,電話,1.日本,08時台,観光,個人,男性,40代から50代,観光案内,,,,,安宅住吉神社、安宅の関,お渡しなし,,,,,安宅の関までのアクセス、所要時間、シェアサイクルについて（田中）
2026/06/01,窓口,1.日本,08時台,観光,個人,男性,40代から50代,観光案内,,,,,サイエンスヒルズ,個別のパンフレット,,,,,
2026/06/01,窓口,1.日本,09時台,市民利用,個人,女性,40代から50代,交通,,バス,コミュニティバスこまちのお問い合わせ先,,,,,,,,コミュニティバスこまちのお問い合わせ先知りたいとのこと。日本海観光バス0761-73-2525をご案内しました（田中）
2026/06/01,窓口,1.日本,08時台,市民利用,個人,女性,40代から50代,Komatsu九館内,お手洗い,,,,,,,,,,
2026/06/01,窓口,1.日本,12時台,観光,2〜5人,男女,60代以上,観光案内,,,,,那谷寺,個別のパンフレット,,,,,半日くらいで廻れる観光地、那谷寺への交通手段をご案内（南）
2026/06/01,窓口,1.日本,13時台,市民利用,個人,女性,20代から30代,Komatsu九館内,お手洗い,,,,,,,,,,
2026/06/01,窓口,1.日本,13時台,観光,個人,女性,60代以上,交通,,タクシー,タクシー乗り場,,,,,,,,
2026/06/01,窓口,1.日本,13時台,観光,個人,女性,60代以上,物産,,,,,,,食品,,,,駅弁のお問い合わせ（田中）
2026/06/01,窓口,1.日本,14時台,観光,個人,女性,20代から30代,交通,,バス,小松空港,,,,,,,,自動運転が運休となっているがどのように向かったらいいのか
2026/06/01,窓口,1.日本,15時台,観光,2〜5人,男性,60代以上,観光案内,,,,,小松駅周辺,"じゃらん, 見て歩きマップ",,,,,小松駅周辺の地図をお渡しした
2026/06/01,窓口,1.日本,15時台,観光,個人,男性,20代から30代,物産,,,,,,,酒,,,,飲み比べできるところはあるか、と聞かれたのでカブーレを案内しました
2026/06/01,窓口,1.日本,17時台,市民利用,個人,女性,60代以上,その他,,,,,,,,,,その他,公衆電話の有無。FOO（宝くじ、タバコ販売店）横に設置があるとご案内（田中）
2026/06/01,窓口,1.日本,17時台,市民利用,個人,女性,60代以上,交通,,レンタカー,駐車場の場所など問い合わせ,,,,,,,,
2026/06/01,窓口,1.日本,17時台,観光,個人,男性,40代から50代,Komatsu九館内,お手洗い,,,,,,,,,,お手洗い
2026/06/01,窓口,1.日本,18時台,観光,個人,女性,60代以上,Komatsu九館内,お手洗い,,,,,,,,,,お手洗い
2026/06/02,窓口,1.日本,11時台,観光,個人,女性,40代から50代,Komatsu九館内,お手洗い,,,,,,,,,,ご案内しました（南）
2026/06/02,窓口,2.アジア,10時台,観光,個人,男性,20代から30代,その他,,,,,,,,,,その他,手荷物の預かりについてのお問い合わせ　ロッカーを案内しました　(大音)
2026/06/02,窓口,1.日本,12時台,観光,2〜5人,男女,40代から50代,周辺店舗、飲食店,,,,寿司,,,,,,,駅から近い寿司屋のお問い合わせ　竹屋　つかさを案内しました　(大音)
2026/06/02,窓口,1.日本,14時台,観光,個人,女性,40代から50代,Komatsu九館内,お手洗い,,,,,,,,,,
2026/06/02,窓口,1.日本,11時台,観光,個人,男性,60代以上,Komatsu九館内,喫煙所,,,,,,,,,,
2026/06/03,窓口,1.日本,10時台,観光,個人,男性,40代から50代,Komatsu九館内,フリーWi-Fi 立ち食いそば,,,,,,,,,,フリーWi-Fi 立ち食いそばのお問い合わせ　(田中　大音)
2026/06/03,窓口,1.日本,10時台,観光,個人,女性,60代以上,その他,,,,,,,,,,その他,お弁当のお問い合わせ　カブーレを案内しました　(大音)
2026/06/03,窓口,1.日本,13時台,観光,個人,男性,40代から50代,Komatsu九館内,喫煙所,,,,,,,,,,
2026/06/03,窓口,1.日本,12時台,観光,個人,女性,40代から50代,Komatsu九館内,お手洗い,,,,,,,,,,
2026/06/03,窓口,1.日本,15時台,観光,個人,男性,20代から30代,その他,,,,,,,,,,その他,土産店の営業時間のお問い合わせ　
2026/06/04,窓口,1.日本,11時台,市民利用,個人,女性,20代から30代,Komatsu九館内,お手洗い,,,,,,,,,,
2026/06/04,窓口,1.日本,12時台,市民利用,個人,男性,40代から50代,Komatsu九館内,お手洗い,,,,,,,,,,
2026/06/04,窓口,1.日本,10時台,ビジネス,個人,男性,40代から50代,Komatsu九館内,喫煙所,,,,,,,,,,
2026/06/04,電話,1.日本,16時台,観光,個人,女性,40代から50代,交通,,シェアサイクル,シェアサイクル問い合わせ,,,,,,,,シェアサイクル問い合わせ。1日券販売してると案内しました。林
2026/06/04,窓口,1.日本,14時台,観光,個人,女性,60代以上,交通,,バス,鳥越城,,,,,,,,鳥越城に行きたい。バスを案内しました。林
2026/06/05,窓口,2.アジア,10時台,観光,個人,男性,40代から50代,交通,,バス,イオンモール,,,,,,,,タイの方。イオン行きのバスをお探し。ご案内しました。
2026/06/05,窓口,1.日本,09時台,ビジネス,個人,男性,40代から50代,Komatsu九館内,お手洗い,,,,,,,,,,
2026/06/05,窓口,1.日本,10時台,観光,個人,男性,60代以上,観光案内,,,,,日本遺産,個別のパンフレット,,,,,日本遺産に関するパンフレットをお探し。東酒造や滝ヶ原、観音下のパンフレットをお渡しした。
2026/06/05,窓口,1.日本,11時台,ビジネス,個人,男性,60代以上,交通,,バス,小松空港,,,,,,,,空港行きのバスの時間をご案内した。
2026/06/05,窓口,1.日本,11時台,観光,個人,女性,40代から50代,Komatsu九館内,お手洗い,,,,,,,,,,
2026/06/05,窓口,1.日本,15時台,観光,個人,女性,40代から50代,物産,,,,,,,取扱いのないもの（金沢土産、栗蒸し羊羹等）,,,,栗蒸し羊羹
2026/06/05,窓口,1.日本,18時台,観光,個人,女性,40代から50代,物産,,,,,,,食品,,,,駅弁をお探し
2026/06/05,窓口,1.日本,18時台,観光,2〜5人,男女,60代以上,Komatsu九館内,コンビニ,,,,,,,,,,おにぎりをお求めにためセブンイレブンを案内しました
2026/06/05,窓口,1.日本,18時台,観光,2〜5人,男女,40代から50代,物産,,,,,,,お菓子,,,,パフェサンドをお探し、サイズ違いはセブンイレブンにもあることをお伝えしました
2026/06/06,窓口,1.日本,09時台,観光,個人,女性,40代から50代,その他,,,,,,,,,,その他,駅周辺の地図が欲しい　みて歩きマップお渡し　(大音)
2026/06/06,窓口,1.日本,09時台,市民利用,個人,男性,20代から30代,その他,,,,,,,,,,その他,公衆電話のお問い合わせ　(大音)
2026/06/06,窓口,1.日本,10時台,観光,2〜5人,男女,40代から50代,その他,,,,,,,,,,その他,ポケモンマンホールのお問い合わせ　金沢にあるとお伝えしました　(大音)
2026/06/06,窓口,3.欧米,12時台,観光,個人,女性,20代から30代,交通,,バス,小松空港,,,,,,,,空港行きのバスは現金払いができるかお問い合わせ　(大音)
2026/06/06,窓口,1.日本,12時台,観光,個人,女性,60代以上,観光案内,,,,,航空プラザ,個別のパンフレット,,,,,
2026/06/06,窓口,1.日本,13時台,観光,個人,女性,20代から30代,周辺店舗、飲食店,,,,ランチ,,,,,,,駅周辺のお店をご案内しました
2026/06/06,電話,1.日本,10時台,観光,個人,女性,40代から50代,Komatsu九館内,喫煙所,,,,,,,,,,
2026/06/06,窓口,2.アジア,11時台,観光,2〜5人,男女,40代から50代,交通,,バス,小松空港,,,,,,,,
2026/06/06,窓口,1.日本,12時台,観光,個人,女性,40代から50代,Komatsu九館内,お手洗い,,,,,,,,,,
2026/06/06,窓口,1.日本,17時台,観光,個人,女性,40代から50代,周辺店舗、飲食店,,,,ビッケ,,,,,,,
2026/06/06,窓口,2.アジア,14時台,観光,2〜5人,女性,20代から30代,交通,,バス,小松空港,,,,,,,,
2026/06/06,窓口,1.日本,17時台,観光,個人,女性,40代から50代,交通,,バス,小松空港,,,,,,,,空港行きのバス時間とバス停をご案内しました（南）
2026/06/07,窓口,2.アジア,09時台,観光,2〜5人,男女,40代から50代,交通,,バス,小松空港,,,,,,,,中国の方。空港行きのバスをお探し。乗り場と支払い方法をご案内した。
2026/06/07,窓口,1.日本,09時台,観光,個人,男性,60代以上,周辺店舗、飲食店,,,,ドラックストア,,,,,,,ドラックストアをお探し。アオキをご案内した。
2026/06/07,窓口,1.日本,11時台,観光,2〜5人,男女,60代以上,Komatsu九館内,待合室,,,,,,,,,,820ステーションをご案内した。
2026/06/07,窓口,1.日本,09時台,観光,個人,男性,40代から50代,Komatsu九館内,お手洗い,,,,,,,,,,
2026/06/07,窓口,1.日本,11時台,観光,個人,女性,60代以上,観光案内,,,,,石の文化,"見て歩きマップ, 個別のパンフレット",,,,,石の文化を巡りたい。埋文センターへのアクセスや駅周辺の構成文化財をご案内した。
2026/06/07,窓口,1.日本,12時台,市民利用,個人,女性,学生,交通,,バス,イオンモール,,,,,,,,イオン行きのバスをご案内した。
2026/06/07,窓口,1.日本,12時台,観光,2〜5人,男女,20代から30代,その他,,,,,,,,,,その他,フェイスマスクのお問い合わせ　セブンイレブンを案内しました　(大音)
2026/06/07,窓口,2.アジア,12時台,観光,個人,女性,40代から50代,交通,,バス,木場潟公園,,,,,,,,木場潟公園までのアクセスをご案内した。また、駅周辺の観光をご案内した
2026/06/07,電話,1.日本,12時台,観光,2〜5人,女性,60代以上,その他,,,,,,,,,,その他,土産店からうらら劇場に行く　近隣の駐車場のお問い合わせ　(大音)
2026/06/08,電話,1.日本,14時台,観光,個人,女性,40代から50代,交通,,バス,那谷寺,,,,,,,,バスの案内。最近クマが出たので行かれる際は、ネットや問い合わせした方が良いです。伝えました。
2026/06/08,窓口,1.日本,14時台,ビジネス,個人,男性,40代から50代,Komatsu九館内,喫煙所,,,,,,,,,,
2026/06/08,窓口,1.日本,14時台,ビジネス,個人,男性,60代以上,その他,,,,,,,,,,その他,ユニコーヒで休憩する場合のお問い合わせ　コーヒーなどを注文すると利用できることをお伝えしました　(大音)
2026/06/08,電話,1.日本,16時台,観光,個人,女性,学生,交通,,バス,苔の里,,,,,,,,叡智の森までのアクセス方法が2019年のものだが、この方法で可能なのか。近くに行く方法はほかにないのか。
2026/06/08,窓口,1.日本,16時台,市民利用,2〜5人,男女,20代から30代,Komatsu九館内,Komatsu九について,,,,,,,,,,特別支援学校の教員の方が夏の課外授業に向けて下見と撮影許可を聞かれた
2026/06/08,窓口,1.日本,16時台,観光,個人,男性,40代から50代,Komatsu九館内,お手洗い,,,,,,,,,,お手洗い
2026/06/08,窓口,1.日本,17時台,観光,個人,女性,60代以上,物産,,,,,,,食品,,,,駅弁
2026/06/09,窓口,1.日本,10時台,観光,個人,男性,60代以上,交通,,バス,小松天満宮,,,,,,,,小松天満宮までのアクセス。バスをご案内した。
2026/06/09,窓口,2.アジア,11時台,観光,個人,女性,40代から50代,交通,,バス,那谷寺,,,,,,,,韓国の方。那谷寺までのバスをお探し。ご案内した。
2026/06/09,窓口,1.日本,10時台,観光,個人,男性,60代以上,交通,,シェアサイクル,登録,,,,,,,,シェアサイクルの利用方法を案内した。
2026/06/09,窓口,1.日本,18時台,観光,2〜5人,男女,40代から50代,Komatsu九館内,休憩所案内,,,,,,,,,,820ステーションをご案内しました。林
2026/06/10,窓口,1.日本,10時台,観光,個人,男性,20代から30代,その他,,,,,,,,,,その他,トイレ
2026/06/10,電話,1.日本,10時台,観光,個人,男性,40代から50代,その他,,,,,,,,,,その他,栗蒸し羊羹
2026/06/10,窓口,1.日本,11時台,ビジネス,個人,男性,40代から50代,Komatsu九館内,コインロッカー,,,,,,,,,,
2026/06/10,窓口,1.日本,12時台,市民利用,2〜5人,男女,40代から50代,交通,,バス,イオンモール小松,,,,,,,,バス時間とバス停をご案内しました（南）
2026/06/10,窓口,1.日本,14時台,観光,2〜5人,男女,60代以上,Komatsu九館内,お手洗い,,,,,,,,,,
2026/06/10,窓口,1.日本,13時台,観光,個人,女性,40代から50代,Komatsu九館内,お手洗い,,,,,,,,,,
2026/06/10,窓口,1.日本,11時台,市民利用,個人,男性,60代以上,交通,,バス,イオンモール新小松,,,,,,,,イオンモールまでのアクセスと近隣のイオンモールについてのお問い合わせ（田中）
2026/06/10,窓口,1.日本,17時台,ビジネス,個人,男性,20代から30代,物産,,,,,,,取扱いのないもの（金沢土産、栗蒸し羊羹等）,,,,五郎島金時（さつまいも）についてのお問い合わせ。スーパーやJA、道の駅なら取扱いあるかもしれないとお伝えしました。（田中）
2026/06/11,窓口,1.日本,11時台,観光,個人,男性,40代から50代,交通,,シェアサイクル,アプリの登録,,,,,,,,シェアサイクルの登録をご案内した。
2026/06/11,窓口,1.日本,11時台,観光,2〜5人,女性,60代以上,交通,,タクシー,北陸小松,,,,,,,,高速バスの乗り場。タクシーをご案内した。
2026/06/11,窓口,1.日本,12時台,観光,個人,男性,40代から50代,交通,,バス,イオンモール,,,,,,,,イオン行きのバスをご案内した。
2026/06/11,窓口,1.日本,15時台,ビジネス,個人,男性,40代から50代,Komatsu九館内,ビッケ,,,,,,,,,,
2026/06/11,電話,1.日本,16時台,ビジネス,個人,男性,20代から30代,交通,,バス,大型バスの駐車場,,,,,,,,
2026/06/11,電話,1.日本,17時台,ビジネス,個人,男性,40代から50代,Komatsu九館内,喫煙所,,,,,,,,,,
2026/06/11,窓口,1.日本,18時台,観光,個人,女性,40代から50代,物産,,,,,,,取扱いのないもの（金沢土産、栗蒸し羊羹等）,,,,中田屋のきんつば　烏骨鶏カステラのお問い合わせ　(大音)
2026/06/11,窓口,1.日本,18時台,観光,2〜5人,男女,60代以上,Komatsu九館内,コインロッカー,,,,,,,,,,現金払いできるコインロッカーをお探し、ナインのパンフレットで説明した
2026/06/12,窓口,1.日本,09時台,観光,個人,女性,40代から50代,Komatsu九館内,お手洗い,,,,,,,,,,
2026/06/12,窓口,1.日本,11時台,市民利用,個人,女性,60代以上,イベント,,,,,,,,,書道展,,ナインで行われる書道展をお探し。開催は２６日からとご案内した。
2026/06/12,窓口,1.日本,11時台,観光,個人,男性,60代以上,Komatsu九館内,ギャラリーエリア,,,,,,,,,,御周印の押印。ギャラリーをご案内。
2026/06/12,窓口,1.日本,10時台,市民利用,個人,女性,60代以上,物産,,,,,,,取扱いのないもの（金沢土産、栗蒸し羊羹等）,,,,あんころをお探し。セブンをご案内
2026/06/12,窓口,1.日本,09時台,観光,個人,男性,60代以上,物産,,,,,,,取扱いのないもの（金沢土産、栗蒸し羊羹等）,,,,栗蒸し羊羹
2026/06/13,窓口,1.日本,09時台,観光,個人,女性,40代から50代,物産,,,,,,,ポムポムプリンせんべい,,,,ポムポムプリンせんべいの販売場所について（田中）
2026/06/13,窓口,1.日本,09時台,観光,2〜5人,男女,60代以上,観光案内,,,,,"ゆのくにの森, 日本自動車博物館, ハニベ巌窟院, 那谷寺","じゃらん, 個別のパンフレット",,,,,18時の飛行機までに観光したいとのこと。那谷寺、ゆのくに、自動車博物館などご案内。レンタカーをおすすめしました（田中）
2026/06/13,窓口,1.日本,10時台,観光,個人,男性,60代以上,Komatsu九館内,お手洗い,,,,,,,,,,
2026/06/13,窓口,1.日本,10時台,観光,個人,男性,60代以上,Komatsu九館内,お手洗い,,,,,,,,,,
2026/06/13,窓口,1.日本,13時台,観光,個人,女性,40代から50代,観光案内,,,,,"ゆのくにの森, 勧進帳ものがたり館, 安宅住吉神社、安宅の関, 那谷寺",個別のパンフレット,,,,,
2026/06/13,窓口,1.日本,14時台,観光,2〜5人,女性,40代から50代,観光案内,,,,,"みよっさ, こまつの杜","見て歩きマップ, 個別のパンフレット",,,,,
2026/06/13,窓口,1.日本,13時台,観光,個人,女性,40代から50代,Komatsu九館内,お手洗い,,,,,,,,,,
2026/06/13,窓口,1.日本,11時台,観光,個人,女性,40代から50代,観光案内,,,,,那谷寺,"じゃらん, 見て歩きマップ",,,,,3時間ほど時間を潰したいとのこと。那谷寺行きのバスがすぐにあったのでご案内、みよっさ、こまつの杜も案内しました（田中）
2026/06/13,電話,1.日本,15時台,観光,個人,男性,40代から50代,宿泊,,,,,,,,変なホテル,,,本日宿泊できそうなホテルを数軒ご案内しました（南）
2026/06/13,窓口,1.日本,17時台,市民利用,個人,女性,60代以上,交通,,バス,八幡メディカル往復のバス時刻,,,,,,,,八幡メディカルバス往復のバス時刻を案内しました。林
2026/06/14,窓口,1.日本,08時台,観光,個人,女性,40代から50代,Komatsu九館内,お手洗い,,,,,,,,,,
2026/06/14,窓口,1.日本,10時台,観光,個人,男性,20代から30代,その他,,,,,,,,,,その他,駐車場の無料券はないかとお問い合わせ　30分は無料ですとお伝えしました　(大音)
2026/06/14,電話,1.日本,11時台,観光,2〜5人,男女,20代から30代,その他,,,,,,,,,,その他,授乳室のお問い合わせ　うらら　サイエンスヒルズ　カブッキーランドを案内しました　(大音)
2026/06/14,窓口,1.日本,11時台,観光,個人,女性,60代以上,観光案内,,,,,"みよっさ, う橋神社、芦城公園","じゃらん, 見て歩きマップ",,,,,２時間ほど時間が潰せるところ。みよっさ、う橋神社、芦城公園をご案内しました（田中）
2026/06/14,窓口,1.日本,13時台,観光,個人,男女,40代から50代,観光案内,,,,,那谷寺,個別のパンフレット,,,,,那谷寺行きのバスのお問い合わせ　みよっさに変更しました　(大音)
2026/06/14,窓口,1.日本,15時台,観光,2〜5人,男女,40代から50代,Komatsu九館内,パン屋さん,,,,,,,,,,第二日曜日のため、ビッケは定休日であることをお伝えした
2026/06/14,窓口,1.日本,15時台,観光,2〜5人,男女,60代以上,物産,,,,,,,取扱いのないもの（金沢土産、栗蒸し羊羹等）,,,,つきよみやまじ
2026/06/14,窓口,1.日本,16時台,観光,個人,女性,60代以上,Komatsu九館内,お手洗い,,,,,,,,,,お手洗い
2026/06/14,窓口,1.日本,17時台,観光,個人,男性,40代から50代,物産,,,,,,,取扱いのないもの（金沢土産、栗蒸し羊羹等）,,,,雪吊り
2026/06/14,窓口,1.日本,17時台,観光,個人,男性,40代から50代,周辺店舗、飲食店,,,,ディナー,,,,,,,グリーンホテルに泊まる予定だが、近くに飲食店を聞かれた
2026/06/14,窓口,1.日本,18時台,観光,個人,男性,20代から30代,Komatsu九館内,ギャラリーエリア,,,,,,,,,,飲食している人がいて注意したが聞き入れてもらえず、駅員さんに伝えたら管轄外と言われた。どこに確認するのが正しいか教えてほしいとのことでナイン事務所に案内した。
2026/06/15,窓口,1.日本,11時台,観光,個人,男性,40代から50代,観光案内,,,,,粟津温泉,じゃらん,,,,,粟津温泉のパンフレットをお探し。じゃらんをお渡しした。
2026/06/15,窓口,3.欧米,11時台,観光,2〜5人,男女,20代から30代,交通,,バス,那谷寺,,,,,,,,那谷寺、山中温泉に行かれるとのことで、バスをお探し。ご案内しました。
2026/06/15,窓口,1.日本,11時台,観光,家族連れ,男女,60代以上,イベント,,,,,,,,,航空祭,,航空祭の情報を知りたいとのこと。まだ詳しい発表はないとお伝え。
2026/06/15,窓口,1.日本,12時台,市民利用,個人,女性,40代から50代,交通,,バス,市役所,,,,,,,,市役所行きのバスをご案内した。
2026/06/15,窓口,1.日本,13時台,市民利用,個人,男性,60代以上,交通,,シェアサイクル,利用方法,,,,,,,,シェアサイクルの利用方法を案内した。
2026/06/15,窓口,1.日本,13時台,観光,個人,女性,60代以上,Komatsu九館内,お手洗い,,,,,,,,,,
2026/06/15,窓口,1.日本,14時台,観光,個人,女性,60代以上,交通,,シェアサイクル,木場潟公園,,,,,,,,木場潟公園へアジサイと花菖蒲を見に行きたいとのこと。バスやシェアサイクルをご案内した。
2026/06/15,窓口,1.日本,14時台,観光,2〜5人,男女,40代から50代,交通,,バス,福井　石川　富山,,,,,,,,福井　富山　石川の周遊バスチケットのお問い合わせ　(大音)
2026/06/16,窓口,1.日本,08時台,観光,個人,女性,40代から50代,周辺店舗、飲食店,,,,薬局,,,,,,,頭が痛いので近くの薬局。くすりのアオキをご案内しました。林
2026/06/16,窓口,1.日本,10時台,観光,個人,女性,40代から50代,交通,,バス,空とこどもの絵本館,,,,,,,,徒歩とバスをご案内しました。林
2026/06/16,窓口,2.アジア,10時台,観光,個人,女性,40代から50代,交通,,バス,小松空港,,,,,,,,空港行きのバスをご案内しました。林
2026/06/16,窓口,1.日本,11時台,観光,個人,男性,60代以上,その他,,,,,,,,,,その他,マンホールカードをお探し。
2026/06/16,窓口,1.日本,14時台,観光,個人,男性,60代以上,交通,,バス,鳥越城址,,,,,,,,鳥越城址までのバスをお探し。麦口線をご案内した。
2026/06/16,電話,1.日本,17時台,観光,個人,女性,40代から50代,Komatsu九館内,駐車場,,,,,,,,,,土産店に買い物に行きたいのだが、どの駐車場に停めると近いかと尋ねられた
2026/06/16,窓口,1.日本,17時台,観光,個人,女性,20代から30代,物産,,,,,,,食品,,,,80代のおばあちゃんにおすすめのお土産を聞かれた
2026/06/17,窓口,1.日本,10時台,観光,個人,女性,40代から50代,観光案内,,,,,苔の里,見て歩きマップ,,,,,
2026/06/17,窓口,1.日本,09時台,観光,個人,女性,60代以上,交通,,バス,イオンモール,,,,,,,,
2026/06/17,窓口,1.日本,11時台,観光,2〜5人,女性,40代から50代,観光案内,,,,,"みよっさ, 安宅住吉神社、安宅の関, こまつの杜","じゃらん, 見て歩きマップ, 個別のパンフレット",,,,,３時間くらいで観光できるところ。安宅の関、みよっさ、こまつの杜等をご案内しました（田中）
2026/06/17,窓口,1.日本,12時台,観光,個人,女性,40代から50代,宿泊,,,,,,,,ホテルグランビナリオ,,,ホテル場所をご案内しました（南）
2026/06/17,窓口,1.日本,16時台,観光,個人,男性,60代以上,Komatsu九館内,スタンプ,,,,,,,,,,スタンプを押したい、とのことで日本遺産の御周印を案内した。
2026/06/17,窓口,1.日本,16時台,観光,個人,女性,20代から30代,物産,,,,,,,その他雑貨,,,,厄落としにお風呂に塩を入れたい、とのことだった。きららを勧めた。
2026/06/17,窓口,1.日本,17時台,観光,個人,男性,40代から50代,交通,,バス,ルートイン小松,,,,,,,,ルートイン小松まで1番安く行く方法を聞かれた。
2026/06/17,窓口,1.日本,18時台,観光,個人,男性,40代から50代,Komatsu九館内,お手洗い,,,,,,,,,,お手洗い
2026/06/18,電話,1.日本,09時台,観光,個人,女性,40代から50代,物産,,,,,,,お菓子,,,,じょうよまんじゅう、ひむろというお酒の取り扱いはあるかとのお問い合わせ。取り扱い無いとご案内しました（田中）
2026/06/18,窓口,1.日本,10時台,観光,個人,女性,60代以上,交通,,バス,市民病院,,,,,,,,市民病院行きのバスをお探し。コミュニティバス、路線バスをご案内した。
2026/06/18,窓口,1.日本,11時台,観光,2〜5人,男性,40代から50代,観光案内,,,,,日本自動車博物館,個別のパンフレット,,,,,小松で車で観光したいとのこと。前日に安宅や那谷寺に行かれたそうで、自動車博物館をご案内した。
2026/06/18,窓口,1.日本,10時台,観光,個人,女性,40代から50代,交通,,シェアサイクル,小松基地,,,,,,,,小松基地に自転車で行きたいとのこと。web一日券の登録をご案内した。
2026/06/18,窓口,1.日本,15時台,観光,個人,男性,60代以上,観光案内,,,,,"みよっさ, 勧進帳ものがたり館, 安宅住吉神社、安宅の関, 那谷寺, 航空プラザ, こまつの杜","じゃらん, 見て歩きマップ, 個別のパンフレット",,,,,３時間ほどで見て回れるところ。みよっさ、こまつの杜、錦窯、那谷寺、安宅の関などご案内しました（田中）
2026/06/19,窓口,1.日本,09時台,観光,個人,女性,40代から50代,観光案内,,,,,錦窯,見て歩きマップ,,,,,駅周辺で観光したいとのこと。みよっさや錦窯をご案内した。
2026/06/19,電話,1.日本,09時台,観光,個人,女性,40代から50代,観光案内,,,,,錦,お渡しなし,,,,,観光案内所をご利用、錦窯をご案内したお客様。錦窯の場所がわからないとのこと。口頭でご案内した。
2026/06/19,窓口,1.日本,10時台,観光,個人,男性,60代以上,観光案内,,,,,小松城址,見て歩きマップ,,,,,小松城址へ行きたいとのこと。場所をご案内した。合わせて道中の観光地などもご案内した
2026/06/19,窓口,1.日本,13時台,観光,個人,男性,40代から50代,Komatsu九館内,お手洗い,,,,,,,,,,お手洗いをご案内しました
2026/06/20,電話,1.日本,10時台,観光,個人,女性,60代以上,宿泊,,,,,,,,粟津温泉,,,粟津わんわんリゾートに宿泊予定。EV充電器は使えるのか。直接旅館に連絡してもらうようお伝えした。
2026/06/20,窓口,1.日本,09時台,観光,個人,女性,40代から50代,Komatsu九館内,お手洗い,,,,,,,,,,
2026/06/20,窓口,1.日本,11時台,観光,個人,男性,60代以上,周辺店舗、飲食店,,,,子供が遊べる場所,,,,,,,雨の中こどもが遊べる場所。サイエンスヒルズをご案内しました。
2026/06/20,窓口,1.日本,11時台,観光,個人,男性,60代以上,周辺店舗、飲食店,,,,寿司,,,,,,,地元の回転寿司をお探し。寿司食いねえをご案内した。
2026/06/20,窓口,1.日本,12時台,市民利用,個人,女性,60代以上,Komatsu九館内,休憩所,,,,,,,,,,休憩所をお探し。ご案内した。
2026/06/20,窓口,1.日本,12時台,観光,個人,男性,60代以上,観光案内,,,,,安宅住吉神社、安宅の関,お渡しなし,,,,,２時間ほどでタクシーで観光したとのこと。安宅住吉神社をご案内した。
2026/06/20,窓口,1.日本,13時台,観光,個人,男性,40代から50代,観光案内,,,,,九谷陶芸村までのルート,お渡しなし,,,,,九谷陶芸村までのルート佐野線をご案内しました（田中）
2026/06/21,窓口,1.日本,11時台,観光,2〜5人,女性,40代から50代,物産,,,,,,,食品,,,,トマトケチャップのお問い合わせ　空港店　道の駅　えーコプを案内しました　(大音)
2026/06/21,窓口,1.日本,12時台,観光,個人,女性,40代から50代,Komatsu九館内,ビッケ,,,,,,,,,,パン屋とおにぎり屋のお問い合わせ　ビッケを案内しました　(大音)
2026/06/21,窓口,1.日本,12時台,観光,個人,男性,20代から30代,Komatsu九館内,お手洗い,,,,,,,,,,
2026/06/21,窓口,1.日本,12時台,観光,個人,女性,20代から30代,Komatsu九館内,お手洗い,,,,,,,,,,
2026/06/21,窓口,1.日本,12時台,市民利用,個人,男性,40代から50代,交通,,バス,イオンモール新小松,,,,,,,,イオンモール小松
2026/06/21,窓口,1.日本,13時台,観光,個人,女性,60代以上,観光案内,,,,,みよっさ,見て歩きマップ,,,,,駅周辺で観光できるところ（田中）
2026/06/21,窓口,1.日本,13時台,観光,個人,男性,20代から30代,観光案内,,,,,日本自動車博物館,お渡しなし,,,,,自動車博物館までのルート、加賀温泉駅からバスまたはタクシーをご案内しました（田中）
2026/06/21,窓口,1.日本,13時台,観光,個人,女性,60代以上,周辺店舗、飲食店,,,,ランチ,,,,,,,辻屋商店、竹屋を案内しました．林
2026/06/21,窓口,1.日本,14時台,観光,個人,女性,20代から30代,物産,,,,,,,その他雑貨,,,,油取り紙のお問い合わせ　セブンイレブンを案内しました　(大音)
2026/06/21,窓口,1.日本,14時台,観光,個人,女性,40代から50代,Komatsu九館内,お手洗い,,,,,,,,,,お手洗い
2026/06/21,窓口,1.日本,15時台,観光,個人,男性,20代から30代,交通,,バス,小松基地前バス停のお問い合わせ,,,,,,,,
2026/06/21,窓口,1.日本,15時台,観光,個人,女性,40代から50代,Komatsu九館内,喫煙所,,,,,,,,,,喫煙所
2026/06/21,窓口,1.日本,14時台,観光,個人,男性,40代から50代,物産,,,,,,,食品,,,,芝寿司
2026/06/21,窓口,1.日本,15時台,観光,個人,女性,40代から50代,Komatsu九館内,お手洗い,,,,,,,,,,お手洗い
2026/06/22,窓口,1.日本,11時台,市民利用,個人,男性,40代から50代,交通,,バス,イオンモール小松,,,,,,,,イオンモール行きのバス時間と乗り場をご案内しました（南）
2026/06/22,窓口,1.日本,12時台,観光,個人,女性,60代以上,Komatsu九館内,カブーレ,,,,,,,,,,飲食店をお探し。カブーレやつねおをご案内した。
2026/06/22,窓口,1.日本,15時台,観光,個人,女性,20代から30代,その他,,,,,,,,,,その他,離乳食のお問い合わせ　くすりのアオキを案内しました　(大音)
2026/06/22,窓口,1.日本,12時台,ビジネス,個人,男性,40代から50代,物産,,,,,,,取扱いのないもの（金沢土産、栗蒸し羊羹等）,,,,
2026/06/22,窓口,1.日本,13時台,観光,個人,女性,40代から50代,物産,,,,,,,取扱いのないもの（金沢土産、栗蒸し羊羹等）,,,,
2026/06/22,窓口,1.日本,15時台,観光,個人,女性,40代から50代,物産,,,,,,,取扱いのないもの（金沢土産、栗蒸し羊羹等）,,,,
2026/06/22,窓口,1.日本,15時台,市民利用,個人,女性,60代以上,その他,,,,,,,,,,落とし物,6/10にノートの落とし物をされた。ナイン事務所は届いていなかったので、小松警察署と駅前交番の連絡先をご案内した（田中）
2026/06/22,窓口,1.日本,17時台,観光,個人,女性,40代から50代,観光案内,,,,,"ゆのくにの森, みよっさ, ","じゃらん, 見て歩きマップ, 個別のパンフレット",,,,,英語のパンフレットがほしいとのこと。（田中）
2026/06/22,窓口,1.日本,16時台,観光,個人,男性,60代以上,観光案内,,,,,"日本自動車博物館, みよっさ, 勧進帳ものがたり館, 安宅住吉神社、安宅の関, 那谷寺","じゃらん, 見て歩きマップ, 個別のパンフレット",,,,,長野県の方。安宅の関を含む小松市の観光地のパンフレットの送付依頼（田中）
2026/06/22,窓口,1.日本,18時台,ビジネス,個人,男性,40代から50代,Komatsu九館内,お手洗い,,,,,,,,,,
2026/06/22,窓口,1.日本,18時台,観光,個人,男性,40代から50代,Komatsu九館内,お手洗い,,,,,,,,,,
2026/06/23,窓口,1.日本,12時台,観光,家族連れ,男女,60代以上,周辺店舗、飲食店,,,,ランチ,,,,,,,ランチの店をお探し。すみげん、つるっとをご案内した。
2026/06/23,窓口,1.日本,12時台,観光,個人,男性,20代から30代,物産,,,,,,,食品,,,,駅弁をお探し。ご案内した。
2026/06/23,窓口,1.日本,12時台,市民利用,個人,男性,40代から50代,観光案内,,,,,地図,石川県マップ,,,,,石川県全域のマップをお探し。まるごとマップをお渡しした。
2026/06/23,窓口,1.日本,16時台,観光,個人,男性,40代から50代,物産,,,,,,,酒,,,,オンラインで購入できる農口の酒を尋ねられた。オンラインのページと当店の配送サービスを併せて案内しました。
2026/06/23,窓口,1.日本,16時台,観光,個人,男性,60代以上,交通,,バス,あけぼの町,,,,,,,,あけぼの町に行くにはどのバスに乗れば良いのか尋ねられた。時刻表とあわせてご案内しました。
2026/06/23,窓口,1.日本,17時台,観光,個人,女性,40代から50代,物産,,,,,,,お菓子,,,,ひゃくまんさんのパッケージのお土産をお探し
2026/06/24,窓口,1.日本,09時台,観光,個人,男性,20代から30代,交通,,鉄道,のとじま水族館,,,,,,,,のとじま水族館へ行きたいとのこと。電車とバスをご案内した。
2026/06/24,窓口,1.日本,11時台,ビジネス,個人,男性,40代から50代,Komatsu九館内,喫煙所,,,,,,,,,,
2026/06/24,窓口,1.日本,13時台,観光,2〜5人,男女,60代以上,交通,,駐車場,團十郎劇場うららの駐車場,,,,,,,,周辺の駐車場をご案内しました（南）
2026/06/24,窓口,1.日本,18時台,市民利用,個人,男性,20代から30代,観光案内,,,,,"日本自動車博物館, 那谷寺",那谷寺、自動車博物館,,,,,英語のパンフレット各10部希望。お渡ししました。林
2026/06/25,窓口,1.日本,12時台,観光,個人,男性,60代以上,交通,,シェアサイクル,粟津温泉,,,,,,,,シェアサイクルで粟津温泉まで行きたいとのこと。ご利用方法をご案内した。
2026/06/25,窓口,1.日本,12時台,観光,個人,男性,60代以上,周辺店舗、飲食店,,,,銭湯,,,,,,,さくら湯をご案内した。
2026/06/25,窓口,1.日本,11時台,観光,個人,男性,40代から50代,その他,,,,,,,,,,その他,公衆電話をお探し。
2026/06/25,窓口,1.日本,12時台,ビジネス,個人,男性,40代から50代,Komatsu九館内,喫煙所,,,,,,,,,,
2026/06/25,窓口,1.日本,15時台,ビジネス,個人,男性,40代から50代,Komatsu九館内,喫煙所,,,,,,,,,,
2026/06/25,窓口,1.日本,15時台,ビジネス,個人,男性,60代以上,物産,,,,,,,取扱いのないもの（金沢土産、栗蒸し羊羹等）,,,,
2026/06/26,窓口,2.アジア,15時台,観光,個人,女性,40代から50代,交通,,レンタカー,わかりません,,,,,,,,構内のレンタカーの場所をご案内しました
2026/06/26,窓口,1.日本,15時台,市民利用,個人,男性,60代以上,交通,,鉄道,能登島水族館,,,,,,,,金沢から能登島水族館への行き方。電車とバス案内しました。林
2026/06/26,窓口,1.日本,18時台,観光,2〜5人,女性,60代以上,その他,,,,,,,,,,その他,まるごと観光マップお探し。お渡ししました。林
2026/06/26,窓口,1.日本,18時台,観光,2〜5人,男女,60代以上,その他,,,,,,,,,,その他,まるごと観光マップお探し。お渡ししました。林
2026/06/26,窓口,1.日本,18時台,観光,個人,男女,40代から50代,交通,,バス,小松空港,,,,,,,,バス時刻表お渡ししました。林
2026/06/26,窓口,1.日本,17時台,観光,個人,女性,40代から50代,交通,,バス,シルクビート,,,,,,,,バス案内しました。林
2026/06/26,窓口,1.日本,17時台,観光,個人,女性,40代から50代,周辺店舗、飲食店,,,,"カフェ, 周辺観光",,,,,,,町屋文庫、芳生堂、みよっさを案内しました。林
2026/06/27,窓口,1.日本,10時台,市民利用,個人,男性,40代から50代,周辺店舗、飲食店,,,,周辺の散髪できるところ,,,,,,,周辺の散髪できるところ。ケーズデンキ付近とのことだったのでイオンモールのQBハウスをご案内しました（田中）
2026/06/27,窓口,1.日本,10時台,観光,個人,男女,60代以上,観光案内,,,,,スカイパークこまつ,お渡しなし,,,,,スカイパークこまつまでのアクセス。バス空港線とタクシーをご案内しました（田中）
2026/06/27,窓口,1.日本,11時台,観光,個人,男性,40代から50代,交通,,バス,片山津総湯から加賀温泉駅,,,,,,,,バス料金、時刻を案内しました。林
2026/06/27,窓口,1.日本,11時台,観光,個人,女性,40代から50代,その他,,,,,,,,,,その他,近くの温泉。銭湯しか無い。さくら湯案内しました。林
2026/06/27,窓口,1.日本,12時台,市民利用,個人,男性,60代以上,交通,,バス,松井秀喜ミュージアム,,,,,,,,松井秀喜ミュージアムまでのアクセス。安宅線をご案内。（田中）
2026/06/27,窓口,1.日本,12時台,観光,個人,男性,40代から50代,周辺店舗、飲食店,,,,小松うどん、塩焼きそば,,,,,,,小松うどんが食べたい。つるっとをご案内しました（田中）
2026/06/27,窓口,1.日本,12時台,観光,個人,女性,40代から50代,Komatsu九館内,お手洗い,,,,,,,,,,
2026/06/27,窓口,1.日本,13時台,観光,個人,男性,20代から30代,Komatsu九館内,喫煙所,,,,,,,,,,
2026/06/27,窓口,1.日本,17時台,ビジネス,個人,男性,40代から50代,物産,,,,,,,お菓子,,,,
2026/06/27,窓口,1.日本,18時台,観光,個人,男性,60代以上,交通,,自家用車,白山の麓,,,,,,,,白山の麓や白川郷をドライブして通りたいが、通行止めなどはあるかと問い合わせ
2026/06/28,窓口,1.日本,12時台,観光,2〜5人,女性,40代から50代,交通,,タクシー,航空プラザ,,,,,,,,だいたいのタクシー料金と所要時間をご案内しました（南）
2026/06/28,窓口,1.日本,13時台,市民利用,個人,男性,60代以上,交通,,行政センター,行政センター,,,,,,,,行政センターまで。うららをご案内しました（田中）
2026/06/28,窓口,1.日本,14時台,観光,2〜5人,男女,40代から50代,交通,,バス,小松空港,,,,,,,,空港行きのバス時間のご案内をしました（南）
2026/06/28,窓口,1.日本,16時台,観光,家族連れ,男女,20代から30代,その他,,,,,,,,,,落とし物,車の鍵の落とし物の問い合わせ
2026/06/28,窓口,1.日本,16時台,観光,個人,男性,60代以上,物産,,,,,,,取扱いのないもの（金沢土産、栗蒸し羊羹等）,,,,栗蒸し羊羹のお問い合わせ
2026/06/28,窓口,1.日本,16時台,観光,個人,男性,40代から50代,Komatsu九館内,お手洗い,,,,,,,,,,
2026/06/28,窓口,1.日本,14時台,観光,個人,男性,20代から30代,その他,,,,,,,,,,その他,御周印が押せるところ。ギャラリーをご案内（田中）
2026/06/28,窓口,1.日本,17時台,観光,個人,女性,40代から50代,Komatsu九館内,お手洗い,,,,,,,,,,
2026/06/29,窓口,1.日本,10時台,市民利用,個人,男性,60代以上,交通,,バス,珠洲市,,,,,,,,珠洲市までのバスをお探し。金沢駅からのバスをご案内した。
2026/06/29,窓口,2.アジア,10時台,観光,個人,男性,60代以上,その他,,,,,,,,,,その他,小松市の地図をお探し。お渡しした。
2026/06/29,窓口,1.日本,10時台,観光,個人,女性,40代から50代,その他,,,,,,,,,,その他,ポムポムプリンおさんぽマップがほしいとのこと。在庫がなくお断りした。
2026/06/29,窓口,1.日本,13時台,観光,個人,女性,40代から50代,Komatsu九館内,お手洗い,,,,,,,,,,
2026/06/29,窓口,1.日本,11時台,観光,個人,男性,20代から30代,Komatsu九館内,忘れ物お問い合わせ,,,,,,,,,,
2026/06/29,電話,1.日本,15時台,観光,個人,男性,40代から50代,観光案内,,,,,"勧進帳ものがたり館, 安宅住吉神社、安宅の関",お渡しなし,,,,,
2026/06/29,窓口,2.アジア,16時台,観光,個人,男性,20代から30代,その他,,,,,,,,,,落とし物,マウスの忘れ物
2026/06/29,窓口,1.日本,13時台,観光,個人,男性,60代以上,Komatsu九館内,喫煙所,,,,,,,,,,
2026/06/29,窓口,1.日本,17時台,観光,個人,女性,20代から30代,Komatsu九館内,ギャラリーエリア,,,,,,,,,,
2026/06/30,窓口,1.日本,09時台,観光,個人,男性,60代以上,観光案内,,,,,尾小屋鉱山,個別のパンフレット,,,,,観光ナビを見て、尾小屋鉱山資料館に行きたいとのこと。バスは遠いため、レンタカーをご案内した。また、遊泉寺のものがたりパークもご案内した。
2026/06/30,窓口,1.日本,09時台,ビジネス,個人,男性,20代から30代,交通,,バス,佐野線,,,,,,,,佐野線の乗り場をお探し。ご案内した。
2026/06/30,窓口,1.日本,10時台,観光,個人,女性,60代以上,交通,,バス,イオンモール,,,,,,,,イオン行きのバスをお探し。木場潟線をご案した。
2026/06/30,窓口,1.日本,10時台,観光,個人,女性,60代以上,交通,,バス,イオンモール,,,,,,,,
2026/06/30,窓口,1.日本,12時台,ビジネス,個人,男性,40代から50代,交通,,バス,小松空港,,,,,,,,空港線の乗り場をお探し。ご案内した。
2026/06/30,窓口,1.日本,13時台,観光,個人,女性,学生,Komatsu九館内,お手洗い,,,,,,,,,,
2026/06/30,窓口,1.日本,14時台,観光,2〜5人,男女,20代から30代,Komatsu九館内,ギャラリーエリア,,,,,,,,,,御周印のスタンプをお探し。ギャラリーをご案内した。
2026/06/30,窓口,1.日本,14時台,観光,個人,男性,60代以上,その他,,,,,,,,,,その他,パンフレットをお探し。じゃらんなどをお渡しした。
2026/06/30,窓口,1.日本,14時台,観光,個人,男性,60代以上,交通,,バス,ハニベ巌窟院,,,,,,,,ハニべまでのアクセス。ハニべ線をご案内した。
2026/06/30,窓口,2.アジア,16時台,観光,2〜5人,女性,20代から30代,その他,,,,,,,,,,その他,インバウンド方　自身の電話が利用できないため代わりに電話で予約してくれないかのお問い合わせ　場所は名古屋だったためお断りしました　(大音)
2026/06/30,窓口,2.アジア,17時台,観光,2〜5人,男女,20代から30代,周辺店舗、飲食店,,,,ディナー,,,,,,,香港からお越しのご家族、レストランの予約を手伝ってほしいとのこと。予約業務は行っていないとお伝えしたがどうしてもとのことで予約の電話をしました。明日、朝にも来られるとのこと（田中）
2026/07/01,窓口,1.日本,10時台,観光,個人,女性,60代以上,観光案内,,,,,安宅住吉神社、安宅の関,"じゃらん, 個別のパンフレット",,,,,半日観光したいとのこと。安宅住吉神社をご案内した。
2026/07/01,電話,1.日本,13時台,市民利用,個人,男性,60代以上,物産,,,,,,,取扱いのないもの（金沢土産、栗蒸し羊羹等）,,,,徳田さんの大名きんつばをお探し。無いとご案内した。
2026/07/01,電話,1.日本,15時台,観光,個人,女性,40代から50代,周辺店舗、飲食店,,,,その他,,,,,,,秋に駅周辺でカニと海鮮を食べたい。梶助、壱、竹屋、おととやなど案内しました。林
2026/07/01,窓口,1.日本,16時台,観光,個人,男性,40代から50代,その他,,,,,,,,,,その他,ミュージアムパスのフレットはないかお問い合わせ　(林)
2026/07/02,窓口,1.日本,09時台,観光,個人,男性,40代から50代,観光案内,,,,,パンフレットをお探し,個別のパンフレット,,,,,鳥越のパンフレットをお探し。お渡しした。
2026/07/02,窓口,2.アジア,09時台,観光,2〜5人,男女,40代から50代,交通,,徒歩,その他,,,,,,,,みよっさまでのアクセスをご案内した。
2026/07/02,窓口,1.日本,10時台,観光,2〜5人,男女,40代から50代,交通,,バス,安宅住吉神社、勧進帳ものがたり館,,,,,,,,安宅までのバスをご案内した。
2026/07/02,窓口,1.日本,10時台,観光,個人,男性,20代から30代,イベント,,,,,,,,,その他,,ラブライブスタンプラリーのスタンプをお探し。2024年のイベントだったことをお伝えした。
2026/07/02,窓口,1.日本,10時台,観光,個人,女性,60代以上,その他,,,,,,,,,,その他,電話帳がほしいとのこと。配っていないとご案内した。
2026/07/03,窓口,1.日本,08時台,観光,個人,男性,60代以上,観光案内,,,,,おすすめの観光地を知りたい,"じゃらん, 個別のパンフレット",,,,,小松市内を観光したいとのこと。那谷寺など粟津方面をご案内した。
2026/07/03,窓口,1.日本,10時台,観光,個人,女性,40代から50代,観光案内,,,,,パンフレットをお探し,個別のパンフレット,,,,,こまつの杜のパンフレットをお渡しした。
2026/07/03,窓口,1.日本,10時台,観光,個人,男性,60代以上,交通,,バス,その他,,,,,,,,佐野線の時刻表をお探し。お渡しした。
2026/07/03,窓口,1.日本,10時台,観光,個人,女性,60代以上,交通,,徒歩,その他,,,,,,,,サイエンスヒルズをお探し。ご案内した。
2026/07/03,電話,1.日本,11時台,ビジネス,個人,男性,40代から50代,交通,,タクシー,小松空港,,,,,,,,タクシー乗り場のご確認でしたので、ご案内しました（南）
2026/07/03,窓口,1.日本,12時台,観光,個人,男性,60代以上,交通,,シェアサイクル,その他,,,,,,,,シェアサイクルの利用方法をご案内した。
2026/07/03,窓口,1.日本,12時台,ビジネス,個人,男性,40代から50代,物産,,,,,,,取扱いのないもの（金沢土産、栗蒸し羊羹等）,,,,栗蒸し羊羹
2026/07/03,窓口,1.日本,13時台,観光,個人,男性,60代以上,Komatsu九館内,お手洗い,,,,,,,,,,
2026/07/03,窓口,1.日本,13時台,ビジネス,個人,男性,60代以上,Komatsu九館内,お手洗い,,,,,,,,,,
2026/07/03,窓口,1.日本,12時台,市民利用,個人,男性,40代から50代,観光案内,,,,,パンフレットをお探し,白山,,,,,白山のパンフレットをお探し。国立公園のパンフレットをお渡しした。
2026/07/03,窓口,1.日本,14時台,観光,個人,女性,20代から30代,その他,,,,,,,,,,公衆電話,設置場所をご案内しました（南）
2026/07/03,窓口,1.日本,18時台,ビジネス,個人,男性,40代から50代,物産,,,,,,,取扱いのないもの（金沢土産、栗蒸し羊羹等）,,,,
2026/07/03,窓口,1.日本,15時台,観光,個人,女性,40代から50代,観光案内,,,,,安宅住吉神社、安宅の関,お渡しなし,,,,,
2026/07/03,窓口,1.日本,15時台,観光,個人,男性,20代から30代,物産,,,,,,,お菓子,,,,おすすめお土産（田中）
2026/07/03,窓口,1.日本,13時台,観光,2〜5人,男女,40代から50代,Komatsu九館内,ギャラリーエリア,,,,,,,,,,
2026/07/04,窓口,1.日本,14時台,観光,個人,女性,40代から50代,Komatsu九館内,その他,,,,,,,,,,御周印帳のお問い合わせ　(大音)
2026/07/04,窓口,1.日本,14時台,観光,個人,男性,40代から50代,Komatsu九館内,お手洗い,,,,,,,,,,
2026/07/04,窓口,1.日本,12時台,観光,個人,男性,60代以上,その他,,,,,,,,,,その他,自転車を一か月借りたい。シェアサイクルを案内。その都度返却されない高くなる。お伝えした。林
2026/07/04,窓口,1.日本,09時台,ビジネス,個人,男性,40代から50代,Komatsu九館内,Komatsu九について,,,,,,,,,,賑わい会議室をお問い合わせ　(大音)
2026/07/04,窓口,1.日本,09時台,ビジネス,個人,男性,40代から50代,Komatsu九館内,喫煙所,,,,,,,,,,
2026/07/04,窓口,1.日本,14時台,市民利用,個人,女性,40代から50代,Komatsu九館内,お手洗い,,,,,,,,,,
2026/07/04,窓口,1.日本,17時台,観光,個人,女性,20代から30代,交通,,飛行機,小松空港,,,,,,,,
2026/07/05,窓口,2.アジア,09時台,観光,個人,女性,60代以上,交通,,バス,小松空港,,,,,,,,空港線のチケットをお探し。バスで支払うようご案内した。
2026/07/05,窓口,1.日本,09時台,観光,個人,女性,40代から50代,Komatsu九館内,お手洗い,,,,,,,,,,
2026/07/05,窓口,1.日本,10時台,観光,個人,女性,40代から50代,物産,,,,,,,取扱いのないもの（金沢土産、栗蒸し羊羹等）,,,,
2026/07/05,窓口,3.欧米,11時台,観光,個人,女性,20代から30代,交通,,バス,小松空港,,,,,,,,空港行きのバスのチケットをおさがし。車内で払うようご案内した。
2026/07/05,窓口,1.日本,11時台,観光,個人,男性,40代から50代,交通,,バス,安宅住吉神社、勧進帳ものがたり館,,,,,,,,安宅行きのバスをお探し。安宅線をご案内した。
2026/07/05,窓口,1.日本,12時台,観光,2〜5人,男女,40代から50代,Komatsu九館内,ギャラリーエリア,,,,,,,,,,御周印をお探し。ギャラリーをご案内した。
2026/07/05,窓口,1.日本,14時台,観光,個人,男性,40代から50代,物産,,,,,,,取扱いのないもの（金沢土産、栗蒸し羊羹等）,,,,
2026/07/05,窓口,1.日本,14時台,観光,個人,女性,40代から50代,交通,,バス,小松空港,,,,,,,,支払い方法のお問い合わせ　(大音)
2026/07/05,窓口,1.日本,14時台,観光,個人,女性,40代から50代,Komatsu九館内,お手洗い,,,,,,,,,,
2026/07/05,窓口,1.日本,15時台,観光,個人,女性,40代から50代,Komatsu九館内,お手洗い,,,,,,,,,,
2026/07/05,窓口,1.日本,16時台,観光,個人,男性,40代から50代,Komatsu九館内,お手洗い,,,,,,,,,,
2026/07/06,窓口,1.日本,09時台,観光,2〜5人,男女,60代以上,交通,,バス,その他,,,,,,,,苔の里までのアクセス。バス、タクシー、シェアサイクルなどをご案内した。
2026/07/06,窓口,アメリカ,10時台,観光,2〜5人,男女,60代以上,交通,,シェアサイクル,その他,,,,,,,,九谷陶芸村までのアクセス。バスをご案内したが、他にも観光をするとのことでシェアサイクルの一日券を購入された。
2026/07/06,窓口,1.日本,10時台,観光,個人,女性,20代から30代,Komatsu九館内,その他,,,,,,,,,,Wi-Fiをお探し。ご案内した。
2026/07/06,窓口,1.日本,09時台,観光,個人,男性,60代以上,Komatsu九館内,お手洗い,,,,,,,,,,
2026/07/06,窓口,1.日本,09時台,観光,個人,女性,40代から50代,Komatsu九館内,その他,,,,,,,,,,羽生結弦のパネルをお探し。ご案内した。同じ羽生結弦のポスターをお探しだったが、駅にはないとお伝えした。
2026/07/06,窓口,1.日本,12時台,観光,個人,女性,40代から50代,Komatsu九館内,喫煙所,,,,,,,,,,
2026/07/06,窓口,アメリカ,15時台,観光,2〜5人,男女,60代以上,周辺店舗、飲食店,,,,その他,,,,,,,東酒造。予約が必要、自転車だと飲酒運転になる。お伝えしました。林
2026/07/07,窓口,2.アジア,08時台,観光,個人,男性,20代から30代,交通,,バス,小松空港,,,,,,,,空港行きのバスをお探し。ご案内した。
2026/07/07,窓口,1.日本,10時台,市民利用,個人,女性,20代から30代,交通,,バス,安宅住吉神社、勧進帳ものがたり館,,,,,,,,安宅線の乗り場をお探し。ご案内した。
2026/07/07,窓口,1.日本,12時台,観光,個人,男性,60代以上,交通,,バス,その他,,,,,,,,ルートイングランディアに行きたいとのこと。安宅線をご案内した。
2026/07/07,窓口,1.日本,12時台,観光,個人,男性,60代以上,周辺店舗、飲食店,,,,小松うどん、塩焼きそば,,,,,,,つるっとやつかさをご案内した。
2026/07/07,窓口,1.日本,13時台,観光,2〜5人,男女,60代以上,交通,,バス,その他,,,,,,,,金沢駅行きのバスをお探し。空港からバスが出ていることをお伝え。電車もご案内した。
2026/07/07,窓口,1.日本,10時台,観光,個人,男性,60代以上,宿泊,,,,,,,,その他,,,
2026/07/07,窓口,1.日本,16時台,ビジネス,個人,男性,60代以上,Komatsu九館内,お手洗い,,,,,,,,,,
2026/07/07,窓口,1.日本,12時台,観光,2〜5人,男女,60代以上,物産,,,,,,,酒,,,,京都から旅行でお越しのご夫婦。おすすめのお酒をご案内しました（田中）
2026/07/08,電話,1.日本,09時台,観光,個人,女性,20代から30代,物産,,,,,,,お菓子,,,,珠洲市の塩を使ったフロランタンのお問い合わせ　(大音)
2026/07/08,電話,1.日本,10時台,観光,個人,男性,60代以上,その他,,,,,,,,,,その他,小松市新保町のお問い合わせ　(大音)
2026/07/08,窓口,1.日本,11時台,観光,個人,男性,60代以上,交通,,飛行機,小松空港,,,,,,,,
2026/07/08,窓口,1.日本,13時台,観光,2〜5人,男女,40代から50代,観光案内,,,,,その他,お渡しなし,,,,,
2026/07/08,窓口,2.アジア,12時台,観光,個人,女性,40代から50代,Komatsu九館内,お手洗い,,,,,,,,,,
2026/07/08,窓口,1.日本,14時台,観光,個人,男性,40代から50代,Komatsu九館内,喫煙所,,,,,,,,,,
2026/07/08,電話,1.日本,16時台,観光,個人,女性,40代から50代,周辺店舗、飲食店,,,,その他,,,,,,,旅行会社トラベルONE、バス2台、絵付け体験できるところ。セラボ、ゆのくにの森を案内しました。林
2026/07/08,窓口,2.アジア,17時台,観光,個人,女性,20代から30代,交通,,バス,イオンモール,,,,,,,,イオンモール行きのバス時間とバス停をご案内しました（南）
2026/07/09,窓口,2.アジア,08時台,観光,個人,男性,20代から30代,その他,,,,,,,,,,その他,美味しい朝食を食べれる所のお問い合わせ　　(大音)
2026/07/09,窓口,1.日本,11時台,市民利用,個人,女性,40代から50代,Komatsu九館内,お手洗い,,,,,,,,,,
2026/07/09,電話,1.日本,17時台,観光,個人,女性,40代から50代,周辺店舗、飲食店,,,,ディナー,,,,,,,小学生40名ほどが利用できる飲食店。ラーゴビアンコなどをご案内しました（田中）
2026/07/09,窓口,1.日本,15時台,観光,個人,女性,40代から50代,物産,,,,,,,取扱いのないもの（金沢土産、栗蒸し羊羹等）,,,,
2026/07/09,窓口,1.日本,16時台,市民利用,個人,男性,40代から50代,Komatsu九館内,お手洗い,,,,,,,,,,
2026/07/10,窓口,1.日本,10時台,市民利用,個人,女性,40代から50代,交通,,バス,イオンモール,,,,,,,,
2026/07/10,窓口,1.日本,10時台,観光,個人,女性,40代から50代,Komatsu九館内,お手洗い,,,,,,,,,,
2026/07/10,窓口,1.日本,10時台,市民利用,個人,女性,20代から30代,交通,,バス,その他,,,,,,,,
2026/07/10,窓口,1.日本,10時台,観光,個人,女性,20代から30代,物産,,,,,,,取扱いのないもの（金沢土産、栗蒸し羊羹等）,,,,
2026/07/10,窓口,1.日本,10時台,観光,個人,女性,40代から50代,その他,,,,,,,,,,その他,コインロッカーの場所をご案内しました（南）
2026/07/10,窓口,1.日本,11時台,観光,個人,男性,60代以上,観光案内,,,,,その他,お渡しなし,,,,,松井秀喜ミュージアムまでのアクセス。タクシーをご案内しました（田中）
2026/07/10,窓口,1.日本,11時台,観光,個人,女性,40代から50代,観光案内,,,,,那谷寺,お渡しなし,,,,,
2026/07/10,窓口,1.日本,11時台,観光,2〜5人,男女,60代以上,周辺店舗、飲食店,,,,小松うどん、塩焼きそば,,,,,,,つるっとの場所をご案内しました（南）
2026/07/10,窓口,1.日本,13時台,観光,2〜5人,男女,20代から30代,観光案内,,,,,おすすめの観光地を知りたい,お渡しなし,,,,,お子様連れでしたのでこまつの杜やサイエンスヒルズ、航空プラザをご案内しました（南）
2026/07/10,窓口,1.日本,16時台,市民利用,個人,男性,40代から50代,Komatsu九館内,喫煙所,,,,,,,,,,
2026/07/10,窓口,1.日本,14時台,観光,個人,男性,40代から50代,Komatsu九館内,コインロッカー,,,,,,,,,,
2026/07/10,窓口,1.日本,17時台,ビジネス,個人,男性,20代から30代,Komatsu九館内,コインロッカー,,,,,,,,,,
2026/07/11,窓口,1.日本,10時台,市民利用,個人,女性,60代以上,その他,,,,,,,,,,落とし物,昨日、現金を落としたとのこと。駅前交番をご案内した。
2026/07/11,窓口,2.アジア,08時台,観光,個人,女性,40代から50代,交通,,バス,那谷寺,,,,,,,,粟津線をご案内した。
2026/07/11,窓口,1.日本,10時台,観光,個人,男女,60代以上,周辺店舗、飲食店,,,,その他,,,,,,,地元のスーパーをお探し。犬丸屋をご案内した。
2026/07/11,窓口,1.日本,10時台,市民利用,個人,女性,学生,その他,,,,,,,,,,落とし物,水筒の落とし物をお探し。
2026/07/11,窓口,1.日本,10時台,観光,個人,男性,40代から50代,物産,,,,,,,ポムポムプリン,,,,プリンのマスコットをお探し。店頭は売り切れとお伝えした。空港店に確認すると在庫があるとのことだったので、お伝えした。
2026/07/11,窓口,1.日本,10時台,市民利用,個人,男性,40代から50代,Komatsu九館内,その他,,,,,,,,,,営業時間のお問い合わせ。（田中）
2026/07/11,窓口,1.日本,11時台,市民利用,個人,女性,40代から50代,Komatsu九館内,その他,,,,,,,,,,営業時間のお問い合わせ（田中）
2026/07/11,窓口,1.日本,12時台,観光,2〜5人,女性,20代から30代,Komatsu九館内,コインロッカー,,,,,,,,,,
2026/07/11,窓口,1.日本,12時台,観光,個人,男性,20代から30代,交通,,バス,小松空港,,,,,,,,空港線をご案内した。
2026/07/11,窓口,1.日本,13時台,観光,2〜5人,女性,60代以上,Komatsu九館内,お手洗い,,,,,,,,,,
2026/07/12,窓口,1.日本,10時台,観光,個人,男性,60代以上,周辺店舗、飲食店,,,,寿司,,,,,,,岩牡蠣が食べたいとのこと。近隣の寿司屋をご案内した。
2026/07/12,窓口,1.日本,09時台,観光,個人,女性,60代以上,物産,,,,,,,駅弁,,,,駅弁をお探し。カブーレをご案内した。
2026/07/12,窓口,1.日本,10時台,観光,個人,男性,40代から50代,観光案内,,,,,おすすめの観光地を知りたい,"じゃらん, 個別のパンフレット",,,,,夕方まで観光したいとのこと。安宅や那谷寺をご案内した。
2026/07/12,窓口,1.日本,10時台,観光,個人,女性,60代以上,Komatsu九館内,お手洗い,,,,,,,,,,
2026/07/12,窓口,1.日本,10時台,市民利用,個人,女性,60代以上,周辺店舗、飲食店,,,,その他,,,,,,,駅前行政センターをご案内した。
2026/07/12,窓口,1.日本,11時台,観光,個人,男性,20代から30代,交通,,鉄道,その他,,,,,,,,加賀温泉駅に行くのに１時間待たないといけない。電車以外で行けるのか。バスでも行けるが乗り換えがあるので電車が速いとご案内した。
2026/07/12,窓口,1.日本,11時台,観光,個人,男性,40代から50代,Komatsu九館内,ギャラリーエリア,,,,,,,,,,30分ほど時間を潰したいとのこと。ギャラリーをご案内した。
2026/07/12,窓口,1.日本,13時台,市民利用,個人,男性,20代から30代,Komatsu九館内,お手洗い,,,,,,,,,,
2026/07/12,窓口,1.日本,13時台,観光,個人,男性,20代から30代,Komatsu九館内,お手洗い,,,,,,,,,,
2026/07/12,窓口,2.アジア,13時台,観光,個人,男女,20代から30代,その他,,,,,,,,,,その他,外貨両替機をお探し。小松空港にはあるが駅には無いとお伝え。あとは金沢駅などにあります。
2026/07/12,窓口,1.日本,13時台,観光,個人,女性,40代から50代,物産,,,,,,,取扱いのないもの（金沢土産、栗蒸し羊羹等）,,,,栗蒸し羊羹
2026/07/12,窓口,1.日本,13時台,観光,家族連れ,男女,40代から50代,その他,,,,,,,,,,スタンプ,駅のスタンプをお探し。ご案内した。
2026/07/12,電話,1.日本,14時台,観光,個人,女性,20代から30代,その他,,,,,,,,,,その他,安宅の海は入るかお問い合わせ遊泳禁止　小舞子　徳光海岸をお伝えしました　(大音)
2026/07/13,窓口,1.日本,11時台,観光,個人,女性,40代から50代,Komatsu九館内,お手洗い,,,,,,,,,,
2026/07/13,電話,1.日本,15時台,観光,個人,女性,40代から50代,その他,,,,,,,,,,その他,ホテルへのお荷物配送の件
2026/07/13,窓口,1.日本,12時台,観光,個人,男性,40代から50代,Komatsu九館内,ギャラリーエリア,,,,,,,,,,
2026/07/14,窓口,1.日本,09時台,ビジネス,個人,男性,60代以上,物産,,,,,,,取扱いのないもの（金沢土産、栗蒸し羊羹等）,,,,あぶらとり紙をお探し。
2026/07/14,窓口,1.日本,11時台,観光,個人,女性,60代以上,交通,,バス,イオンモール,,,,,,,,イオン行きのバスをお探し。コミュニティバスをご案内した
2026/07/14,窓口,1.日本,15時台,市民利用,個人,女性,60代以上,周辺店舗、飲食店,,,,その他,,,,,,,パレットに載っていたコーヒー屋さん。ユニコーヒー、ウレシャスの中のコーヒー屋を案内しました。林
2026/07/14,窓口,3.欧米,17時台,観光,個人,女性,40代から50代,その他,,,,,,,,,,その他,インバウンドの方　iPhoneが使えないとのことパソコンで調べて強制再起動を実施し解決した　(林　大音)
2026/07/15,電話,1.日本,10時台,観光,個人,男性,40代から50代,物産,,,,,,,酒,,,,
2026/07/15,窓口,1.日本,12時台,観光,個人,男性,20代から30代,交通,,徒歩,イオンモール,,,,,,,,徒歩でイオンモールへ行きたいとのこと。ご案内した。
2026/07/15,窓口,1.日本,12時台,観光,個人,女性,60代以上,物産,,,,,,,取扱いのないもの（金沢土産、栗蒸し羊羹等）,,,,栗蒸し羊羹
2026/07/15,窓口,1.日本,14時台,観光,個人,女性,40代から50代,Komatsu九館内,お手洗い,,,,,,,,,,
2026/07/15,窓口,1.日本,12時台,市民利用,個人,女性,40代から50代,周辺店舗、飲食店,,,,ランチ,,,,,,,MADOIの場所をご案内しました（南）
2026/07/15,窓口,1.日本,16時台,ビジネス,個人,男性,20代から30代,物産,,,,,,,お菓子,,,,
2026/07/16,窓口,1.日本,12時台,観光,個人,男性,40代から50代,Komatsu九館内,お手洗い,,,,,,,,,,
2026/07/17,窓口,1.日本,08時台,観光,個人,男性,40代から50代,交通,,バス,小松市以外（福井、金沢ほか県外）,,,,,,,,松井秀喜ミュージアムに行きたいとのこと。安宅線をご案内した。ー
2026/07/17,窓口,1.日本,08時台,市民利用,個人,男性,60代以上,交通,,バス,その他,,,,,,,,高速バス乗り場をお探し。南口をご案内した。
2026/07/17,窓口,1.日本,09時台,観光,家族連れ,男女,40代から50代,観光案内,,,,,その他,見て歩きマップ,,,,,市内の御朱印を集めたいとのこと。那谷寺、安宅住吉神社、禹橋神社神社などご案内した。
2026/07/17,窓口,1.日本,09時台,観光,2〜5人,女性,60代以上,交通,,バス,小松市以外（福井、金沢ほか県外）,,,,,,,,名古屋行きの高速バスをお探し。時刻をご案内した。
2026/07/17,窓口,2.アジア,11時台,観光,個人,男性,20代から30代,物産,,,,,,,その他雑貨,,,,カブッキーのマグネットのキャラクターは何かお問い合わせ　(大音)
2026/07/17,窓口,2.アジア,12時台,観光,個人,女性,40代から50代,観光案内,,,,,その他,お渡しなし,,,,,ミュージアムパスを買いたいとのこと。美術館で直接買えるとご案内した。
2026/07/17,電話,1.日本,12時台,観光,個人,男性,60代以上,周辺店舗、飲食店,,,,小松うどん、塩焼きそば,,,,,,,塩焼きそばについて。ＭＲＯの番組をご覧になったとのこと。店の案内ができるのかと聞かれる、できます。とお答えしたが、やっぱりいい。といってきられた。
2026/07/17,窓口,1.日本,12時台,観光,個人,男性,60代以上,交通,,バス,その他,,,,,,,,粟津温泉行きのバスをお探し。ご案内した
2026/07/17,窓口,1.日本,13時台,観光,個人,女性,60代以上,交通,,徒歩,その他,,,,,,,,禹橋神社までのアクセス。ご案内した
2026/07/17,窓口,1.日本,14時台,観光,個人,男性,60代以上,観光案内,,,,,その他,個別のパンフレット,,,,,宮本三郎美術館　バスはなかったため　見て歩きマップお渡ししました　(大音)
2026/07/18,窓口,2.アジア,08時台,観光,個人,女性,40代から50代,交通,,バス,小松空港,,,,,,,,小松空港行きのバス時間のご案内をしました（南）
2026/07/18,窓口,1.日本,09時台,観光,個人,女性,40代から50代,周辺店舗、飲食店,,,,その他,,,,,,,松葉屋さん
2026/07/18,窓口,1.日本,11時台,観光,個人,男性,60代以上,その他,,,,,,,,,,その他,鰻弁当のお問い合わせ　かけだを案内しました　希望の時間に購入できず当店のお弁当を購入しました　(大音)
2026/07/18,窓口,1.日本,11時台,観光,個人,男性,60代以上,観光案内,,,,,安宅住吉神社、安宅の関,見て歩きマップ,,,,,安宅の関行きのバスのお問い合わせ　２時間後のためシェアサイクルを利用されました　(大音)
2026/07/18,窓口,1.日本,11時台,観光,2〜5人,女性,40代から50代,周辺店舗、飲食店,,,,ランチ,,,,,,,美味しいものが食べたい　時間は２時間　つるっとにいかれました　(大音)
2026/07/18,窓口,1.日本,12時台,観光,2〜5人,男女,20代から30代,その他,,,,,,,,,,その他,公立小松大学のお問い合わせ　(大音)
2026/07/18,窓口,1.日本,12時台,観光,個人,女性,60代以上,物産,,,,,,,取扱いのないもの（金沢土産、栗蒸し羊羹等）,,,,靴下。セブンと菊屋の靴下をご案内しました（田中）
2026/07/18,窓口,1.日本,12時台,市民利用,個人,女性,40代から50代,イベント,,,,,,,,,その他,,松竹歌舞伎
2026/07/18,窓口,1.日本,12時台,観光,2〜5人,女性,60代以上,イベント,,,,,,,,,その他,,うららの場所のお問い合わせ　(大音)
2026/07/18,窓口,1.日本,13時台,観光,個人,女性,40代から50代,Komatsu九館内,お手洗い,,,,,,,,,,
2026/07/18,窓口,1.日本,12時台,観光,2〜5人,女性,60代以上,Komatsu九館内,その他,,,,,,,,,,ユニコーヒの座席の予約ができないかのお問い合わせユニコーヒを案内しました　(大音)
2026/07/18,窓口,1.日本,13時台,観光,個人,女性,60代以上,Komatsu九館内,お手洗い,,,,,,,,,,
2026/07/18,窓口,1.日本,11時台,観光,個人,男性,40代から50代,Komatsu九館内,喫煙所,,,,,,,,,,
2026/07/18,窓口,1.日本,11時台,観光,個人,女性,40代から50代,Komatsu九館内,ギャラリーエリア,,,,,,,,,,
2026/07/18,窓口,1.日本,14時台,観光,個人,女性,40代から50代,観光案内,,,,,ハニベ巌窟院,見て歩きマップ,,,,,
2026/07/18,窓口,1.日本,12時台,観光,個人,女性,40代から50代,観光案内,,,,,小松市外,個別のパンフレット,,,,,
2026/07/18,窓口,1.日本,16時台,観光,個人,男性,20代から30代,交通,,バス,その他,,,,,,,,高速バスチケット購入のお問い合わせ　(大音)
2026/07/18,窓口,1.日本,16時台,観光,個人,女性,40代から50代,観光案内,,,,,小松駅周辺で2～3時間観光したい,"じゃらん, 見て歩きマップ",,,,,小松市の観光スポット。那谷寺、安宅住吉神社、木場潟などご案内しました（田中）
2026/07/18,窓口,1.日本,17時台,観光,個人,男性,40代から50代,物産,,,,,,,取扱いのないもの（金沢土産、栗蒸し羊羹等）,,,,圓八　あんころ　(大音)
2026/07/18,窓口,1.日本,17時台,観光,個人,男性,40代から50代,物産,,,,,,,その他,,,,御周印の場所。ナイン事務所をご案内しました（田中）
2026/07/18,窓口,1.日本,17時台,観光,個人,男性,40代から50代,その他,,,,,,,,,,その他,シェアサイクルについて　カード裏面の所にお電話くださいと案内しました　(大音)
2026/07/18,電話,1.日本,18時台,観光,個人,男性,20代から30代,Komatsu九館内,その他,,,,,,,,,,土産店　ユニコーヒ　カブーレの営業時間のお問い合わせ　(大音)
2026/07/19,窓口,1.日本,08時台,観光,個人,女性,40代から50代,観光案内,,,,,小松駅周辺で2～3時間観光したい,"じゃらん, 見て歩きマップ",,,,,小松駅周辺の観光（田中）
2026/07/19,窓口,1.日本,08時台,市民利用,個人,女性,60代以上,交通,,バス,イオンモール,,,,,,,,
2026/07/19,窓口,1.日本,08時台,観光,個人,女性,60代以上,Komatsu九館内,お手洗い,,,,,,,,,,
2026/07/19,窓口,1.日本,11時台,市民利用,個人,男性,40代から50代,交通,,バス,イオンモール,,,,,,,,
2026/07/19,窓口,1.日本,10時台,観光,個人,男性,40代から50代,Komatsu九館内,お手洗い,,,,,,,,,,
2026/07/19,窓口,1.日本,10時台,観光,個人,女性,20代から30代,Komatsu九館内,ギャラリーエリア,,,,,,,,,,
2026/07/19,窓口,1.日本,10時台,観光,個人,女性,40代から50代,観光案内,,,,,安宅住吉神社、安宅の関,"じゃらん, 見て歩きマップ",,,,,
2026/07/19,窓口,1.日本,12時台,ビジネス,個人,男性,20代から30代,交通,,バス,その他,,,,,,,,小松インターまで。タクシー、安宅線をご案内しました（田中）
2026/07/19,窓口,1.日本,12時台,観光,個人,男性,20代から30代,観光案内,,,,,那谷寺,"見て歩きマップ, 個別のパンフレット",,,,,那谷寺、自動車博物館までのルート。粟津線、キャンバ、タクシーなどご案内しました（田中）
2026/07/19,窓口,2.アジア,15時台,観光,2〜5人,男女,40代から50代,その他,,,,,,,,,,その他,トレインパーク。IR加賀笠間駅を案内しました。林
2026/07/19,窓口,2.アジア,15時台,観光,2〜5人,男女,40代から50代,その他,,,,,,,,,,スタンプ,場所をご案内しました。林
2026/07/19,窓口,1.日本,14時台,市民利用,個人,女性,40代から50代,Komatsu九館内,コンビニ,,,,,,,,,,
2026/07/19,窓口,1.日本,17時台,観光,個人,女性,40代から50代,物産,,,,,,,取扱いのないもの（金沢土産、栗蒸し羊羹等）,,,,
2026/07/19,窓口,1.日本,16時台,市民利用,個人,男性,40代から50代,Komatsu九館内,お手洗い,,,,,,,,,,
2026/07/19,窓口,1.日本,10時台,観光,個人,女性,40代から50代,Komatsu九館内,喫煙所,,,,,,,,,,
2026/07/20,窓口,1.日本,14時台,観光,個人,男性,60代以上,周辺店舗、飲食店,,,,小松うどん、塩焼きそば,,,,,,,小松うどんを食べれる所のお問い合わせ　つるっとを案内　(大音)
2026/07/20,窓口,1.日本,14時台,観光,2〜5人,男女,40代から50代,観光案内,,,,,こまつの杜,お渡しなし,,,,,案内しました　(大音)
2026/07/21,窓口,フランス,09時台,観光,2〜5人,男性,20代から30代,物産,,,,,,,その他,,,,お土産を買えるところをお探し。当店やセブンをご案内した。
2026/07/21,窓口,1.日本,09時台,観光,2〜5人,女性,20代から30代,交通,,バス,その他,,,,,,,,コミュニティバスの乗り場をお探し。3番をご案内した。
2026/07/21,窓口,1.日本,09時台,市民利用,家族連れ,女性,20代から30代,物産,,,,,,,ポムポムプリン,,,,プリンせんべいをお探し。売り切れとご案内した。
2026/07/21,窓口,1.日本,11時台,観光,個人,男性,20代から30代,Komatsu九館内,喫煙所,,,,,,,,,,
2026/07/21,窓口,1.日本,11時台,観光,個人,男性,60代以上,Komatsu九館内,お手洗い,,,,,,,,,,
2026/07/21,窓口,1.日本,16時台,観光,個人,男性,60代以上,Komatsu九館内,喫煙所,,,,,,,,,,
2026/07/21,窓口,1.日本,16時台,観光,個人,男性,60代以上,交通,,バス,その他,,,,,,,,安宅へのバス時刻を案内しました。林
2026/07/21,窓口,1.日本,11時台,観光,個人,女性,20代から30代,Komatsu九館内,その他,,,,,,,,,,御周印場所を案内しました。林
2026/07/22,窓口,1.日本,10時台,観光,個人,女性,40代から50代,交通,,バス,イオンモール,,,,,,,,
2026/07/22,窓口,2.アジア,09時台,観光,個人,男性,40代から50代,交通,,バス,その他,,,,,,,,中国から観光でお越しの男性。粟津温泉、那谷寺等をご案内。（田中）
2026/07/22,窓口,1.日本,10時台,観光,個人,女性,40代から50代,Komatsu九館内,お手洗い,,,,,,,,,,
2026/07/22,窓口,1.日本,09時台,市民利用,個人,男性,40代から50代,Komatsu九館内,喫煙所,,,,,,,,,,
2026/07/22,窓口,1.日本,13時台,市民利用,個人,女性,60代以上,観光案内,,,,,こまつの杜,お渡しなし,,,,,本日お休みかの問いあわせ　臨時休館日とお答えしました（南）
2026/07/22,窓口,1.日本,13時台,観光,個人,女性,60代以上,Komatsu九館内,Komatsu九内の飲食店,,,,,,,,,,パン屋をお探し　bikkeをご案内しました（大音）
2026/07/23,窓口,1.日本,09時台,市民利用,個人,男性,40代から50代,宿泊,,,,,,,,その他,,,ドーミーインは日帰り入浴できるのか。日帰り入浴不可。宿泊者のみとお伝えした。
2026/07/23,電話,1.日本,10時台,ビジネス,個人,男性,40代から50代,その他,,,,,,,,,,その他,出版社より、こまつプリン百物語について詳しく聞きたいとのこと。長池さんの連絡先をお伝えした。
2026/07/23,窓口,1.日本,10時台,観光,個人,男性,20代から30代,交通,,シェアサイクル,その他,,,,,,,,シェアサイクルの使い方の問い合わせ。ご案内しました。ー
2026/07/23,窓口,1.日本,11時台,市民利用,個人,男性,60代以上,物産,,,,,,,取扱いのないもの（金沢土産、栗蒸し羊羹等）,,,,不室屋の商品をお探し。無いとお伝えした。
2026/07/23,窓口,1.日本,11時台,観光,個人,男性,40代から50代,Komatsu九館内,喫煙所,,,,,,,,,,
2026/07/23,窓口,2.アジア,12時台,観光,個人,男性,60代以上,宿泊,,,,,,,,変なホテル,,,中国からお越しの方。変なホテルをお探し。
2026/07/23,窓口,2.アジア,12時台,観光,2〜5人,男性,60代以上,Komatsu九館内,コインロッカー,,,,,,,,,,中国からお越しご夫婦。荷物預ける場所をお探し、コインロッカーを案内しました（瀬川）
2026/07/23,窓口,1.日本,10時台,ビジネス,2〜5人,男性,40代から50代,周辺店舗、飲食店,,,,ランチ,,,,,,,
2026/07/23,窓口,1.日本,14時台,観光,2〜5人,男女,60代以上,周辺店舗、飲食店,,,,その他,,,,,,,イオンモール新小松に行く方法のお問い合わせ　(大音)
2026/07/23,窓口,1.日本,14時台,観光,個人,男性,40代から50代,Komatsu九館内,お手洗い,,,,,,,,,,
2026/07/23,窓口,1.日本,16時台,ビジネス,個人,男性,40代から50代,Komatsu九館内,コワーキングエリア,,,,,,,,,,パソコンをできるスペースのお問い合わせ　有料のコワーキング　無料の820を案内しました　(大音)
2026/07/24,窓口,1.日本,09時台,観光,個人,女性,40代から50代,Komatsu九館内,Komatsu九について,,,,,,,,,,営業時間のお問い合わせ（田中）
2026/07/24,窓口,1.日本,12時台,観光,個人,男性,40代から50代,Komatsu九館内,お手洗い,,,,,,,,,,
2026/07/24,窓口,2.アジア,14時台,観光,2〜5人,男女,60代以上,交通,,バス,小松空港,,,,,,,,空港線の乗り場や料金の問い合わせ。ご案内した。
2026/07/24,窓口,1.日本,13時台,観光,個人,男性,40代から50代,Komatsu九館内,お手洗い,,,,,,,,,,
2026/07/24,窓口,1.日本,10時台,ビジネス,個人,男性,40代から50代,Komatsu九館内,ギャラリーエリア,,,,,,,,,,
2026/07/24,窓口,1.日本,17時台,ビジネス,個人,男性,40代から50代,物産,,,,,,,取扱いのないもの（金沢土産、栗蒸し羊羹等）,,,,琥珀糖をお探し。取り扱い無しとご案内しました（田中）
2026/07/24,窓口,1.日本,14時台,市民利用,個人,女性,40代から50代,物産,,,,,,,取扱いのないもの（金沢土産、栗蒸し羊羹等）,,,,丸八製茶
2026/07/24,窓口,1.日本,17時台,市民利用,個人,女性,60代以上,交通,,タクシー,その他,,,,,,,,セレモニーホール斎苑小松本館まで。タクシーをご案内しました（田中）
2026/07/24,窓口,1.日本,17時台,市民利用,個人,女性,60代以上,Komatsu九館内,お手洗い,,,,,,,,,,
2026/07/25,窓口,1.日本,09時台,観光,個人,男性,60代以上,交通,,バス,鳥越城址,,,,,,,,鳥越一向一揆歴史館までのバスをお探し。ご案内した。
2026/07/25,窓口,1.日本,09時台,観光,個人,女性,60代以上,交通,,バス,その他,,,,,,,,白山登山バスをお探し。予約タクシー乗り場をご案内した。
2026/07/25,窓口,1.日本,09時台,ビジネス,個人,女性,20代から30代,Komatsu九館内,お手洗い,,,,,,,,,,
2026/07/25,窓口,1.日本,10時台,観光,個人,男性,20代から30代,物産,,,,,,,お菓子,,,,おすすめのお土産。（田中）
2026/07/25,窓口,1.日本,09時台,観光,個人,女性,40代から50代,Komatsu九館内,お手洗い,,,,,,,,,,
2026/07/25,窓口,1.日本,09時台,観光,個人,男性,40代から50代,Komatsu九館内,喫煙所,,,,,,,,,,
2026/07/25,窓口,1.日本,09時台,市民利用,個人,女性,40代から50代,Komatsu九館内,その他,,,,,,,,,,営業時間のお問い合わせ（田中）
2026/07/25,窓口,2.アジア,11時台,観光,個人,女性,学生,観光案内,,,,,小松駅周辺（みよっさ、錦窯など）,"見て歩きマップ, 個別のパンフレット",,,,,台湾からお越しの女性。駅周辺の観光とシェアサイクルについて（田中）
2026/07/25,窓口,1.日本,12時台,観光,個人,女性,20代から30代,観光案内,,,,,小松駅周辺で2～3時間観光したい,見て歩きマップ,,,,,駅周辺で観光やランチがしたいとのこと。すみげんやmarioをご案内。
2026/07/25,窓口,1.日本,13時台,観光,個人,男性,60代以上,Komatsu九館内,お手洗い,,,,,,,,,,
2026/07/25,窓口,1.日本,13時台,観光,個人,男性,60代以上,Komatsu九館内,ギャラリーエリア,,,,,,,,,,
2026/07/25,窓口,1.日本,14時台,観光,個人,女性,40代から50代,宿泊,,,,,,,,ホテルグランビナリオ,,,
2026/07/25,窓口,1.日本,14時台,市民利用,個人,男性,60代以上,イベント,,,,,,,,,航空祭,,
2026/07/25,窓口,1.日本,15時台,観光,個人,女性,60代以上,Komatsu九館内,喫煙所,,,,,,,,,,
2026/07/25,窓口,1.日本,13時台,市民利用,個人,女性,20代から30代,Komatsu九館内,お手洗い,,,,,,,,,,
2026/07/25,窓口,1.日本,17時台,観光,個人,女性,40代から50代,Komatsu九館内,お手洗い,,,,,,,,,,
2026/07/26,窓口,1.日本,08時台,観光,2〜5人,男女,40代から50代,交通,,シェアサイクル,その他,,,,,,,,一日券まで要らない。ネット登録を案内しました。林
2026/07/26,窓口,1.日本,09時台,観光,2〜5人,男女,40代から50代,観光案内,,,,,その他,ちょこっと小松観光,,,,,多田神社への行き方。小松うどん、みよっさ案内しました。林
2026/07/26,窓口,1.日本,11時台,ビジネス,2〜5人,男性,40代から50代,周辺店舗、飲食店,,,,小松うどん、塩焼きそば,,,,,,,美味しい中華をお探し。かっちゃんをご案内しました（田中）
2026/07/27,窓口,1.日本,09時台,観光,個人,男性,60代以上,交通,,シェアサイクル,ハニベ巌窟院,,,,,,,,大阪からお越し。ハニべに行くのにシェアサイクルを借りたいが天気が悪く迷っているとのこと。バスもご案内し、天気が晴れるのを待つとのこと。
2026/07/27,電話,1.日本,09時台,観光,個人,男性,60代以上,交通,,駐車場,その他,,,,,,,,来店するのに駐車場の割引があるか問い合わせ。割引はないが30分無料とご案内した。
2026/07/27,窓口,1.日本,10時台,観光,家族連れ,女性,40代から50代,観光案内,,,,,ゆのくにの森,"じゃらん, 見て歩きマップ, 個別のパンフレット",,,,,ゆのくにの森に行きたいがどんな施設か。パンフレットをお渡しして概要をご案内した。また近くに観光できるところはあるか。那谷寺をご案内した。
2026/07/27,窓口,1.日本,11時台,観光,2〜5人,男女,60代以上,観光案内,,,,,小松駅周辺で2～3時間観光したい,"じゃらん, 見て歩きマップ",,,,,小松駅周辺で観光したいとのこと。みよっさや錦窯をご案内した。また、ランチができる飲食店をご案内した。
2026/07/27,窓口,1.日本,12時台,観光,2〜5人,男女,60代以上,交通,,鉄道,その他,,,,,,,,新幹線の時刻表をお探し。みどりの窓口をご案内した。ー
2026/07/27,電話,1.日本,12時台,ビジネス,個人,女性,40代から50代,その他,,,,,,,,,,その他,旅行会社より問い合わせ。ホームページの画像を自社パンフレットに使いたいとのこと。事務局の連絡先をご案内した。
2026/07/27,窓口,1.日本,13時台,ビジネス,2〜5人,男性,40代から50代,Komatsu九館内,Komatsu九内の飲食店,,,,,,,,,,
2026/07/27,窓口,2.アジア,17時台,観光,個人,男性,40代から50代,交通,,バス,小松空港,,,,,,,,空港行きのバスのお問い合わせ　リムジンバス　市内バスを案内しました　　(大音)
2026/07/28,窓口,1.日本,12時台,観光,2〜5人,男女,40代から50代,交通,,レンタカー,その他,,,,,,,,日本レンタカーをお探し。ご案内した。
2026/07/28,電話,1.日本,12時台,観光,個人,男性,60代以上,観光案内,,,,,おすすめの観光地を知りたい,お渡しなし,,,,,電話での問い合わせ。雨でも観光できる所をお探し。自動車博物館やサイエンスヒルズ、みよっさをご案内した。
2026/07/28,窓口,1.日本,12時台,観光,個人,男性,60代以上,物産,,,,,,,食品,,,,美川の魚の糠漬けをお探し。店頭のへしこをご案内したが違うとのこと。他に買えるところをお探しで、すみげんさんをご案内した。
2026/07/29,窓口,1.日本,09時台,観光,家族連れ,男女,40代から50代,交通,,バス,その他,,,,,,,,松井秀喜ミュージアムまでのバス。安宅線をご案内。時間が合わず、タクシーを利用されるとのこと。
2026/07/29,窓口,2.アジア,10時台,観光,個人,女性,20代から30代,交通,,バス,那谷寺,,,,,,,,那谷寺までのバス。粟津線をご案内した。
2026/07/29,窓口,中国,10時台,観光,2〜5人,男女,40代から50代,観光案内,,,,,おすすめの観光地を知りたい,"じゃらん, 見て歩きマップ",,,,,シェアサイクルを購入した方。ハニべに行く予定だが、他におすすめはあるか。安宅などをご案内した。
2026/07/29,窓口,韓国,12時台,観光,2〜5人,男女,60代以上,観光案内,,,,,パンフレットをお探し,見て歩きマップ,,,,,韓国語の地図をお探し。英語しか無いとご案内しお渡しした。
2026/07/29,窓口,1.日本,12時台,観光,個人,男性,40代から50代,観光案内,,,,,その他,お渡しなし,,,,,手取フィッシュランド
2026/07/29,窓口,3.欧米,13時台,観光,個人,男性,20代から30代,Komatsu九館内,コインロッカー,,,,,,,,,,ロッカーをお探し。ご案内した。
2026/07/29,窓口,1.日本,13時台,ビジネス,個人,女性,60代以上,Komatsu九館内,お手洗い,,,,,,,,,,
2026/07/29,電話,1.日本,13時台,観光,個人,男性,60代以上,観光案内,,,,,その他,s,,,,,ツアー旅行でゆのくにの森へ行ったあと刃物やナイフの見学や販売をしている施設に行くが、小松のどこにあるのか？市内に心当たりのあるある施設は無いとお伝えした。
2026/07/29,窓口,1.日本,15時台,観光,2〜5人,女性,20代から30代,交通,,バス,イオンモール,,,,,,,,バスとタクシーを案内しました。林
2026/07/29,窓口,1.日本,15時台,観光,2〜5人,男女,40代から50代,交通,,バス,その他,,,,,,,,ひまわりの丘へのバスを案内しました。(咲いていることを確認しました)林
2026/07/29,窓口,2.アジア,16時台,観光,2〜5人,男女,40代から50代,その他,,,,,,,,,,その他,英語の小松の地図。無いとお伝えしました　林
2026/07/30,窓口,1.日本,09時台,観光,2〜5人,男女,40代から50代,物産,,,,,,,お菓子,,,,東京からお越しのご家族。おすすめのお土産は何かとのお問い合わせ。加賀三湖、マドンナなどご案内。（田中）
2026/07/30,窓口,1.日本,10時台,市民利用,個人,女性,60代以上,交通,,バス,その他,,,,,,,,
2026/07/30,窓口,1.日本,09時台,観光,個人,男女,40代から50代,Komatsu九館内,その他,,,,,,,,,,営業時間
2026/07/30,窓口,1.日本,10時台,観光,個人,女性,40代から50代,Komatsu九館内,お手洗い,,,,,,,,,,
2026/07/30,窓口,1.日本,11時台,市民利用,個人,男性,60代以上,その他,,,,,,,,,,その他,小松市の地図はないかとのお問い合わせに当店にはありません、図書館とかにないですかとお答えしました
2026/07/30,窓口,1.日本,12時台,観光,個人,男性,60代以上,交通,,バス,小松空港,,,,,,,,空港へのバスの案内。乗り場と時刻をご案内しました。林
2026/07/30,窓口,1.日本,12時台,観光,2〜5人,男女,20代から30代,周辺店舗、飲食店,,,,ランチ,,,,,,,近くでお昼ご飯が食べれるところ。ツネオとカブーレ、つるっとを案内。小さなお子様連れだったのでゲーム等があるのでカブーレが良いのではとお伝えしました。林
2026/07/30,窓口,1.日本,13時台,ビジネス,個人,男性,40代から50代,Komatsu九館内,コインロッカー,,,,,,,,,,コインロッカーの場所をご案内しました。林
2026/07/31,窓口,1.日本,13時台,観光,2〜5人,男女,20代から30代,観光案内,,,,,航空プラザ,個別のパンフレット,,,,,
2026/07/31,窓口,1.日本,10時台,観光,個人,男性,40代から50代,Komatsu九館内,お手洗い,,,,,,,,,,
2026/07/31,電話,1.日本,14時台,観光,個人,男性,60代以上,イベント,,,,,,,,,その他,,航空祭の前日に宿泊できる施設のお問い合わせ　
2026/07/31,窓口,1.日本,11時台,ビジネス,2〜5人,男性,40代から50代,周辺店舗、飲食店,,,,ランチ,,,,,,,ランチのお問い合わせ　Tenを案内しました
2026/07/31,窓口,1.日本,13時台,観光,2〜5人,男女,40代から50代,交通,,バス,その他,,,,,,,,観光地を巡るバスの一日券とかはあるのですかの問い合わせに関してそういった券はございませんとお答えしました（南）
2026/07/31,窓口,1.日本,15時台,ビジネス,個人,男性,40代から50代,Komatsu九館内,お手洗い,,,,,,,,,,
2026/07/31,窓口,1.日本,15時台,観光,個人,女性,40代から50代,Komatsu九館内,お手洗い,,,,,,,,,,ご案内しました（南）
2026/07/31,窓口,1.日本,15時台,観光,個人,女性,40代から50代,Komatsu九館内,喫煙所,,,,,,,,,,
2026/07/31,窓口,1.日本,16時台,観光,2〜5人,男女,40代から50代,周辺店舗、飲食店,,,,その他,,,,,,,お刺身、お寿司を食べれるところ。オープンの17時前なので、みよっさ案内し、つかさ、竹屋、おととや、つばきご案内しました。林
2026/08/01,電話,1.日本,08時台,観光,個人,男性,40代から50代,物産,,,,,,,お菓子,,,,娘娘饅頭のお問い合わせ
2026/08/01,窓口,1.日本,09時台,観光,2〜5人,女性,40代から50代,交通,,バス,イオンモール,,,,,,,,
2026/08/01,窓口,1.日本,12時台,観光,個人,女性,60代以上,Komatsu九館内,Komatsu九内の飲食店,,,,,,,,,,
2026/08/01,窓口,1.日本,13時台,観光,個人,男性,20代から30代,交通,,バス,小松空港,,,,,,,,
2026/08/01,窓口,2.アジア,10時台,観光,個人,男性,40代から50代,その他,,,,,,,,,,その他,荷物預かりについて
2026/08/01,窓口,1.日本,16時台,市民利用,個人,女性,40代から50代,周辺店舗、飲食店,,,,その他,,,,,,,ポストの場所
2026/08/01,窓口,1.日本,16時台,市民利用,個人,女性,40代から50代,Komatsu九館内,コワーキングエリア,,,,,,,,,,
2026/08/01,窓口,1.日本,13時台,観光,個人,男性,20代から30代,物産,,,,,,,その他,,,,御周印帳について。ギャラリースペースをご案内（田中）
2026/08/01,窓口,1.日本,12時台,観光,個人,女性,40代から50代,物産,,,,,,,取扱いのないもの（金沢土産、栗蒸し羊羹等）,,,,
2026/08/01,窓口,1.日本,11時台,観光,2〜5人,女性,20代から30代,物産,,,,,,,ポムポムプリン,,,,ポムポムプリンのぬいぐるみ。空駅にも確認したが売り切れでした（田中）
2026/08/01,窓口,2.アジア,12時台,観光,個人,男性,20代から30代,交通,,バス,小松空港,,,,,,,,
2026/08/01,窓口,1.日本,15時台,市民利用,個人,男性,60代以上,物産,,,,,,,その他,,,,お中元に何か贈りたいとの事。うどんをギフトボックスに入れて配送なりました（田中）
2026/08/01,窓口,1.日本,16時台,市民利用,個人,女性,40代から50代,その他,,,,,,,,,,公衆電話,
2026/08/02,窓口,1.日本,08時台,観光,個人,男性,40代から50代,その他,,,,,,,,,,その他,ネットで見て宝達志水町にある伝説の森について。小松の案内所なのでわからない。伝えました。林
2026/08/02,窓口,1.日本,09時台,観光,2〜5人,女性,60代以上,交通,,タクシー,その他,,,,,,,,ご予約のタクシー乗り場をご案内しました（南）
2026/08/02,窓口,1.日本,12時台,観光,個人,男性,40代から50代,Komatsu九館内,お手洗い,,,,,,,,,,場所のご案内しました（南）
2026/08/02,窓口,1.日本,15時台,市民利用,個人,男性,60代以上,その他,,,,,,,,,,その他,"駅構内で転んで顔面血だらけ　応急処置とナイン事務所に連絡
松任に行きたいので電車時間を案内しIRの改札まで一緒に行きました（林）"
2026/08/02,窓口,1.日本,13時台,観光,個人,男性,40代から50代,Komatsu九館内,お手洗い,,,,,,,,,,
2026/08/02,窓口,1.日本,16時台,観光,個人,女性,40代から50代,Komatsu九館内,お手洗い,,,,,,,,,,
2026/08/02,窓口,1.日本,18時台,観光,個人,女性,40代から50代,Komatsu九館内,休憩所,,,,,,,,,,
2026/08/02,窓口,1.日本,18時台,観光,個人,女性,40代から50代,交通,,バス,小松空港,,,,,,,,
2026/08/03,窓口,中国,09時台,観光,個人,男性,40代から50代,交通,,タクシー,その他,,,,,,,,中国からのお客様。小松バスの白山登山バスを予約していて、乗り場をお探し。予約タクシー乗り場をご案内した。
2026/08/03,窓口,1.日本,10時台,観光,個人,男性,40代から50代,交通,,バス,安宅住吉神社、勧進帳ものがたり館,,,,,,,,安宅の関までのアクセスの問い合わせ。安宅線をご案内した。
2026/08/03,窓口,1.日本,11時台,ビジネス,2〜5人,男性,40代から50代,周辺店舗、飲食店,,,,小松うどん、塩焼きそば,,,,,,,かっちゃんをお探し。ご案内した。
2026/08/03,窓口,1.日本,11時台,観光,個人,男性,60代以上,観光案内,,,,,鳥越城址,個別のパンフレット,,,,,鳥越のパンフレットをお探し。ご案内した。
2026/08/03,窓口,1.日本,13時台,市民利用,個人,女性,40代から50代,イベント,,,,,,,,,その他,,11月のポムポムプリンライブのチラシをお探し。広報に確認しまだ製作中とお伝え。
2026/08/03,窓口,1.日本,10時台,観光,個人,男性,20代から30代,交通,,鉄道,その他,,,,,,,,福井へのバスをお探し。バスではなく電車をご案内しました。林
2026/08/03,窓口,1.日本,14時台,観光,2〜5人,男女,40代から50代,交通,,バス,小松空港,,,,,,,,小松空港行きのバス時刻と乗り場ご案内しました。林
2026/08/03,窓口,1.日本,15時台,観光,2〜5人,男性,40代から50代,交通,,バス,小松空港,,,,,,,,飛行場までのバスの時刻、乗り場、支払い方法をご案内。林
2026/08/03,窓口,1.日本,16時台,観光,2〜5人,男性,40代から50代,宿泊,,,,,,,,その他,,,老松　グリーンホテル　ハイパーホテルを案内しハイパーホテルに決定しました
2026/08/04,窓口,2.アジア,08時台,観光,個人,男性,20代から30代,交通,,シェアサイクル,その他,,,,,,,,シェアサイクルの一日パスを購入したいとのこと。昨日からのシステム不備により販売停止中。
2026/08/04,窓口,1.日本,10時台,観光,個人,女性,20代から30代,交通,,バス,イオンモール,,,,,,,,木場潟線をご案内した。
2026/08/04,窓口,1.日本,11時台,観光,個人,女性,20代から30代,周辺店舗、飲食店,,,,ランチ,,,,,,,ハントンライスを出している店をお探し。ラーゴをご案内した。
2026/08/04,窓口,1.日本,12時台,観光,個人,女性,60代以上,周辺店舗、飲食店,,,,その他,,,,,,,日帰り温泉に行きたいとのこと。さくら湯が定休のため、粟津温泉やインター近くのホテルをご案内した。
2026/08/04,窓口,1.日本,12時台,ビジネス,2〜5人,男性,20代から30代,周辺店舗、飲食店,,,,寿司,,,,,,,美味しい魚が食べたいとのこと。寿司食いねやもりもり寿司をご案内した。
2026/08/04,窓口,1.日本,13時台,観光,個人,男性,20代から30代,Komatsu九館内,喫煙所,,,,,,,,,,
2026/08/04,窓口,1.日本,13時台,観光,個人,男性,20代から30代,Komatsu九館内,お手洗い,,,,,,,,,,
2026/08/04,窓口,2.アジア,14時台,観光,2〜5人,女性,20代から30代,その他,,,,,,,,,,その他,レンタサイクルを利用したい。今中止中の旨お伝えしました。林
2026/08/04,窓口,3.欧米,16時台,観光,2〜5人,男女,学生,その他,,,,,,,,,,スタンプ,新幹線前にあるスタンプの場所を案内しました。林
2026/08/04,窓口,2.アジア,17時台,観光,個人,女性,20代から30代,その他,,,,,,,,,,その他,切手があるか問い合わせに対し郵便局の場所とセブンイレブンをご案内しました。林
2026/08/05,窓口,1.日本,08時台,市民利用,個人,女性,40代から50代,物産,,,,,,,お菓子,,,,個数の多いお菓子のお問い合わせ。
2026/08/05,窓口,1.日本,08時台,観光,個人,女性,40代から50代,観光案内,,,,,その他,お渡しなし,,,,,東尋坊までのルート。芦原温泉で下車、バスで40分ほどとお伝えしました。（田中）
2026/08/05,窓口,1.日本,12時台,観光,個人,男性,40代から50代,交通,,バス,その他,,,,,,,,金沢に行くバスのお問い合わせ　電車を案内しました
2026/08/05,窓口,1.日本,12時台,観光,個人,男性,40代から50代,Komatsu九館内,お手洗い,,,,,,,,,,
2026/08/06,窓口,1.日本,09時台,観光,2〜5人,女性,60代以上,周辺店舗、飲食店,,,,ランチ,,,,,,,安宅の関を観光するのに周辺で他に見るところはあるか。安宅住吉神社や安宅テラスをご案内した。またバス乗り場をご案内した。
2026/08/06,窓口,1.日本,10時台,観光,2〜5人,女性,40代から50代,周辺店舗、飲食店,,,,カフェ,,,,,,,駅ナカ以外でカフェをお探し。KMQをご案内した。
2026/08/06,窓口,1.日本,08時台,市民利用,個人,女性,40代から50代,Komatsu九館内,お手洗い,,,,,,,,,,
2026/08/06,窓口,1.日本,11時台,市民利用,個人,男性,60代以上,宿泊,,,,,,,,その他,,,ドーミーインの料金を知りたい。ご案内した。
2026/08/06,窓口,1.日本,10時台,観光,個人,女性,40代から50代,Komatsu九館内,お手洗い,,,,,,,,,,
2026/08/06,窓口,1.日本,11時台,観光,2〜5人,女性,60代以上,観光案内,,,,,小松駅周辺で2～3時間観光したい,見て歩きマップ,,,,,みよっさや錦窯をご案内した。
2026/08/06,窓口,1.日本,13時台,ビジネス,個人,女性,20代から30代,その他,,,,,,,,,,その他,1番近い北國銀行の場所　お問い合わせ
2026/08/06,電話,1.日本,13時台,観光,個人,男性,40代から50代,その他,,,,,,,,,,その他,安宅町　甲の場所のお問い合わせ
2026/08/06,窓口,1.日本,14時台,ビジネス,2〜5人,男性,40代から50代,その他,,,,,,,,,,その他,土産店営業時間のお問い合わせ
2026/08/06,電話,1.日本,18時台,観光,個人,女性,40代から50代,交通,,バス,小松空港,,,,,,,,
2026/08/07,窓口,1.日本,08時台,市民利用,2〜5人,女性,学生,交通,,バス,その他,,,,,,,,山代中学の学生さんで、オープンスクールで小松商業に行きたいとのこと。バスをご案内したが間に合わないとのこと。保護者の方に連絡をとった様子。
2026/08/07,窓口,1.日本,09時台,観光,個人,男性,20代から30代,観光案内,,,,,おすすめの観光地を知りたい,"じゃらん, 個別のパンフレット",,,,,一日小松市周辺を観光したいとのこと。那谷寺やゆのくに、足を伸ばして山代温泉を観光されるとのこと。
2026/08/07,窓口,1.日本,09時台,観光,個人,女性,40代から50代,周辺店舗、飲食店,,,,その他,,,,,,,書店をお探し。近くに無いとお伝えした。
2026/08/07,電話,1.日本,13時台,観光,個人,男性,40代から50代,周辺店舗、飲食店,,,,ランチ,,,,,,,鳥取県から高校野球生徒など29名で小松に来る予定。松井秀喜ミュージアムによった後にランチできる所のお問い合わせ。複数メニューがあるところがいいとのことでラーゴビアンコ小松駅前をご案内。また小松インターからすぐの食事出来るインターのお問い合わせ。尼御前をご案内しました（田中）
2026/08/07,窓口,1.日本,16時台,観光,個人,男性,20代から30代,交通,,バス,その他,,,,,,,,東京行きの夜行バス。あまりないので、金沢の方へ行かれたらバスの数があると思いますとお伝えしました。林
2026/08/08,窓口,1.日本,08時台,観光,2〜5人,男性,60代以上,交通,,その他,その他,,,,,,,,バスツアーの集合場所をお探し。観光案内所前とのことだったので、入り口の外でお待ちいただいた。
2026/08/08,窓口,1.日本,09時台,観光,個人,男性,40代から50代,Komatsu九館内,ギャラリーエリア,,,,,,,,,,御周印をお探し。ギャラリーをご案内した。
2026/08/08,窓口,1.日本,09時台,観光,個人,男性,40代から50代,観光案内,,,,,鳥越城址,個別のパンフレット,,,,,鳥越のパンフレットをお探し。お渡しした。
2026/08/08,窓口,2.アジア,10時台,観光,個人,男性,20代から30代,交通,,バス,那谷寺,,,,,,,,那谷寺行きのバスをお探し。粟津線をご案内した。
2026/08/08,窓口,1.日本,11時台,観光,個人,女性,60代以上,交通,,タクシー,その他,,,,,,,,タクシー乗り場をご案内した。
2026/08/08,窓口,2.アジア,10時台,観光,個人,男性,20代から30代,交通,,バス,那谷寺,,,,,,,,那谷寺行きのバス停をお探し。ご案内した。
2026/08/08,窓口,1.日本,09時台,市民利用,個人,男性,20代から30代,交通,,シェアサイクル,その他,,,,,,,,1日パスを購入希望。システム不備のため、休止中とお伝え。
2026/08/08,窓口,1.日本,11時台,観光,個人,女性,40代から50代,Komatsu九館内,Komatsu九内の飲食店,,,,,,,,,,アイスクリームを食べれる所。カブーレをご案内した。
2026/08/08,窓口,1.日本,12時台,観光,家族連れ,女性,20代から30代,周辺店舗、飲食店,,,,ランチ,,,,,,,子供連れでランチをお探し。ラーゴビアンコやカブーレをご案内した。
2026/08/08,窓口,1.日本,12時台,観光,個人,男性,20代から30代,Komatsu九館内,お手洗い,,,,,,,,,,
2026/08/08,窓口,1.日本,12時台,観光,家族連れ,男女,60代以上,観光案内,,,,,小松駅周辺（みよっさ、錦窯など）,個別のパンフレット,,,,,駅周辺で観光したいとのこと。みよっさや錦窯、サイエンスヒルズをご案内した。
2026/08/08,窓口,1.日本,13時台,観光,6〜9人,男性,40代から50代,Komatsu九館内,Komatsu九内の飲食店,,,,,,,,,,ランチできる所をお探し。カブーレ等ご案内した。
2026/08/08,窓口,1.日本,13時台,観光,個人,女性,60代以上,その他,,,,,,,,,,スタンプ,駅のスタンプをお探し。改札をご案内した。
2026/08/08,窓口,1.日本,17時台,ビジネス,個人,男性,40代から50代,その他,,,,,,,,,,その他,温泉のORTについて聞かれた。詳しくないのでわからないとお伝えしました。林
2026/08/09,窓口,1.日本,11時台,観光,個人,女性,20代から30代,その他,,,,,,,,,,授乳室,カブッキーランドをお勧めしました
2026/08/09,窓口,1.日本,11時台,観光,個人,男性,40代から50代,交通,,バス,小松空港,,,,,,,,
2026/08/09,窓口,1.日本,12時台,観光,個人,女性,40代から50代,物産,,,,,,,お菓子,,,,おすすめのお土産。米粉バーム、マドンナ、美人伝説、棒茶、小松麦茶、うどんなどご紹介（田中）
2026/08/09,窓口,1.日本,12時台,市民利用,個人,女性,40代から50代,物産,,,,,,,食品,,,,鯖ラーのリピーターの方。お土産に配っている、とても美味しいと絶賛していました（田中）
2026/08/09,窓口,3.欧米,12時台,市民利用,個人,男性,20代から30代,Komatsu九館内,お手洗い,,,,,,,,,,
2026/08/09,窓口,1.日本,13時台,ビジネス,個人,女性,40代から50代,交通,,バス,小松空港,,,,,,,,
2026/08/09,窓口,1.日本,13時台,観光,個人,男性,40代から50代,交通,,バス,その他,,,,,,,,石川動物園までのルート案内をご案内しました（南）
2026/08/09,電話,1.日本,15時台,観光,個人,男性,60代以上,宿泊,,,,,,,,その他,,,小松駅周辺の旅館のお問い合わせ。松屋と老松をご案内しました（田中）
2026/08/09,電話,1.日本,15時台,観光,個人,男性,60代以上,宿泊,,,,,,,,ホテルグランビナリオ,,,小松駅前のホテルをひと通りご案内（田中）
2026/08/10,窓口,1.日本,08時台,観光,個人,男性,20代から30代,交通,,シェアサイクル,その他,,,,,,,,一日パスをご希望。システム不備をお伝え。
2026/08/10,窓口,2.アジア,10時台,観光,2〜5人,男女,20代から30代,交通,,シェアサイクル,その他,,,,,,,,シェアサイクルを借りたいとのこと。サービス休止中とお伝え。
2026/08/10,窓口,1.日本,11時台,観光,個人,女性,20代から30代,交通,,バス,安宅住吉神社、勧進帳ものがたり館,,,,,,,,安宅までのバスをお探し。ご案内しました。
2026/08/10,窓口,1.日本,11時台,観光,個人,男性,40代から50代,交通,,シェアサイクル,その他,,,,,,,,シェアサイクルのご利用希望。休止中とお伝え。
2026/08/10,窓口,1.日本,12時台,観光,家族連れ,男女,60代以上,交通,,バス,鳥越城址,,,,,,,,鳥越行きのバスをお探し。ご案内しました。
2026/08/10,電話,1.日本,13時台,市民利用,個人,女性,60代以上,物産,,,,,,,お菓子,,,,浜のプリンさんのプレーンをお探し。店頭はコーヒーのみで入荷予定もわからないとお伝えした。
2026/08/11,窓口,1.日本,08時台,市民利用,個人,男性,60代以上,交通,,バス,安宅住吉神社、勧進帳ものがたり館,,,,,,,,安宅行きのバスをお探し。ご案内しました。
2026/08/11,窓口,1.日本,09時台,観光,個人,男性,60代以上,Komatsu九館内,ギャラリーエリア,,,,,,,,,,御周印をお探し．ギャラリーをご案内した。
2026/08/11,窓口,1.日本,12時台,観光,2〜5人,男性,20代から30代,周辺店舗、飲食店,,,,ランチ,,,,,,,ご当地のご飯が食べたいとのこと。かっちゃんやつるっとを案内した。
2026/08/11,窓口,1.日本,13時台,観光,家族連れ,男女,40代から50代,交通,,バス,小松空港,,,,,,,,空港行きのバスをお探し。ご案内した。
2026/08/11,窓口,1.日本,13時台,観光,個人,女性,40代から50代,観光案内,,,,,その他,お渡しなし,,,,,サイエンスヒルズの開館状況。本日は開館とご案内した。
2026/08/12,窓口,1.日本,09時台,観光,家族連れ,女性,40代から50代,交通,,バス,その他,,,,,,,,石川動物園までのバスをお探し。ご案内した。
2026/08/12,窓口,1.日本,11時台,観光,個人,女性,40代から50代,交通,,シェアサイクル,その他,,,,,,,,シェアサイクルのレンタルをご希望。サービス休止中とお伝えした。
2026/08/12,窓口,1.日本,11時台,観光,個人,男性,20代から30代,物産,,,,,,,取扱いのないもの（金沢土産、栗蒸し羊羹等）,,,,過去のラブライブのグッズをお探し。カブーレをご案内した。
2026/08/12,窓口,1.日本,11時台,観光,個人,女性,20代から30代,Komatsu九館内,お手洗い,,,,,,,,,,
2026/08/12,窓口,1.日本,11時台,観光,2〜5人,男女,20代から30代,Komatsu九館内,Komatsu九内の飲食店,,,,,,,,,,ツネオをお探し。ご案内した。
2026/08/12,窓口,1.日本,12時台,ビジネス,個人,男性,40代から50代,Komatsu九館内,休憩所,,,,,,,,,,休憩所をお探し。820をご案内した。
2026/08/12,窓口,1.日本,12時台,市民利用,個人,女性,40代から50代,交通,,バス,イオンモール,,,,,,,,イオン行きのバスをお探し。ご案内した。
2026/08/12,窓口,3.欧米,13時台,観光,個人,男性,20代から30代,交通,,シェアサイクル,その他,,,,,,,,サービス休止中とお伝えした。
2026/08/12,窓口,1.日本,14時台,市民利用,個人,女性,学生,Komatsu九館内,ギャラリーエリア,,,,,,,,,,
2026/08/12,窓口,1.日本,13時台,観光,個人,女性,40代から50代,Komatsu九館内,お手洗い,,,,,,,,,,
2026/08/12,窓口,1.日本,12時台,観光,個人,女性,40代から50代,周辺店舗、飲食店,,,,小松うどん、塩焼きそば,,,,,,,
2026/08/13,電話,1.日本,13時台,観光,個人,女性,40代から50代,交通,,レンタカー,小松空港,,,,,,,,小松空港から14人乗りの車を借りたい。レンタカー会社への問い合わせをお伝えしました。林
2026/08/13,電話,1.日本,15時台,市民利用,個人,男性,40代から50代,交通,,タクシー,その他,,,,,,,,タクシー会社の電話番号（田中）
2026/08/13,窓口,1.日本,15時台,市民利用,個人,男女,学生,物産,,,,,,,お菓子,,,,おすすめのお菓子（田中）
2026/08/13,窓口,1.日本,12時台,観光,個人,男性,40代から50代,Komatsu九館内,お手洗い,,,,,,,,,,
2026/08/13,窓口,1.日本,12時台,ビジネス,2〜5人,男性,40代から50代,Komatsu九館内,喫煙所,,,,,,,,,,
2026/08/13,窓口,1.日本,16時台,観光,個人,女性,40代から50代,観光案内,,,,,小松駅周辺（みよっさ、錦窯など）,"じゃらん, 見て歩きマップ",,,,,
2026/08/13,窓口,1.日本,12時台,観光,2〜5人,男女,60代以上,周辺店舗、飲食店,,,,ランチ,,,,,,,ランチに海鮮が食べられるお店。竹屋をご案内しました（田中）
2026/08/13,窓口,1.日本,16時台,市民利用,個人,男性,40代から50代,その他,,,,,,,,,,その他,チャージスポット
2026/08/14,窓口,1.日本,09時台,観光,家族連れ,女性,40代から50代,Komatsu九館内,お手洗い,,,,,,,,,,
2026/08/14,窓口,1.日本,09時台,市民利用,個人,女性,60代以上,物産,,,,,,,取扱いのないもの（金沢土産、栗蒸し羊羹等）,,,,月よみ山路
2026/08/14,窓口,1.日本,10時台,市民利用,個人,男性,60代以上,物産,,,,,,,食品,,,,KOMATSU KUTANI ROASTを新聞で見た。とご来店。購入いただいた。
2026/08/14,窓口,1.日本,13時台,観光,個人,女性,20代から30代,交通,,バス,イオンモール,,,,,,,,イオン行きのバスをお探し。ご案内した。また安宅にも行きたいとのこと。バスをご案内した。
2026/08/14,窓口,1.日本,10時台,観光,個人,男性,60代以上,その他,,,,,,,,,,スタンプ,駅スタンプをお探し。ご案内した。
2026/08/14,窓口,1.日本,10時台,観光,個人,男性,40代から50代,Komatsu九館内,ギャラリーエリア,,,,,,,,,,御周印をお探し。ギャラリーをご案内した。
2026/08/14,窓口,1.日本,11時台,観光,個人,女性,20代から30代,Komatsu九館内,お手洗い,,,,,,,,,,
2026/08/14,電話,1.日本,10時台,観光,個人,男性,60代以上,観光案内,,,,,パンフレットをお探し,お渡しなし,,,,,パンフレット送付の連絡。那谷寺を中心に市内の観光パンフレットをお送りした。
2026/08/14,窓口,1.日本,13時台,市民利用,2〜5人,女性,60代以上,交通,,バス,イオンモール,,,,,,,,バス時間のご案内をしました（南）
2026/08/14,窓口,1.日本,15時台,観光,個人,女性,20代から30代,その他,,,,,,,,,,その他,授乳室のお問い合わせ
2026/08/14,電話,1.日本,16時台,観光,個人,女性,20代から30代,その他,,,,,,,,,,その他,みるくとしおがあるか問い合わせ
2026/08/15,窓口,1.日本,08時台,観光,個人,女性,40代から50代,Komatsu九館内,お手洗い,,,,,,,,,,
2026/08/15,窓口,1.日本,10時台,観光,個人,女性,40代から50代,物産,,,,,,,お菓子,,,,琥珀糖　割れ氷(村上)のお問い合わせ
2026/08/15,窓口,1.日本,11時台,観光,個人,女性,40代から50代,観光案内,,,,,その他,お渡しなし,,,,,能登のパンフレットのお
2026/08/15,電話,1.日本,09時台,観光,個人,女性,20代から30代,周辺店舗、飲食店,,,,ランチ,,,,,,,和食のお店のお問い合わせ　つかさを案内しました
2026/08/15,窓口,1.日本,10時台,観光,個人,女性,40代から50代,Komatsu九館内,お手洗い,,,,,,,,,,
2026/08/15,窓口,1.日本,13時台,観光,個人,男性,60代以上,周辺店舗、飲食店,,,,その他,,,,,,,和食のお問い合わせ　つかさを案内しました
2026/08/15,窓口,1.日本,13時台,観光,個人,男性,60代以上,周辺店舗、飲食店,,,,小松うどん、塩焼きそば,,,,,,,
2026/08/15,窓口,1.日本,14時台,観光,個人,女性,40代から50代,周辺店舗、飲食店,,,,その他,,,,,,,近くの花屋とスーパー他をご案内しました（南）
2026/08/15,窓口,1.日本,14時台,観光,個人,男性,40代から50代,交通,,バス,その他,,,,,,,,粟津温泉
2026/08/15,窓口,1.日本,14時台,観光,個人,男性,40代から50代,その他,,,,,,,,,,その他,温泉のお問い合わせ　キャンバスを案内し山代温泉総湯　片山津総湯を案内しました
2026/08/15,窓口,1.日本,16時台,観光,個人,女性,20代から30代,Komatsu九館内,その他,,,,,,,,,,携帯電話チャージスポットのお問い合わせ
2026/08/16,窓口,1.日本,08時台,観光,個人,女性,60代以上,Komatsu九館内,その他,,,,,,,,,,駅の改札口のお問い合わせ
2026/08/16,窓口,2.アジア,10時台,観光,2〜5人,男女,40代から50代,観光案内,,,,,その他,お渡しなし,,,,,石川動物園のお問い合わせ
2026/08/16,窓口,1.日本,14時台,市民利用,個人,男性,40代から50代,交通,,バス,イオンモール,,,,,,,,イオンモール行きのバスをご案内しました（南）
2026/08/16,窓口,1.日本,14時台,ビジネス,2〜5人,男性,40代から50代,周辺店舗、飲食店,,,,その他,,,,,,,日なた　ルーチェ　勝っちゃん　松村を案内しました
2026/08/16,窓口,1.日本,16時台,観光,個人,女性,40代から50代,Komatsu九館内,お手洗い,,,,,,,,,,
2026/08/16,窓口,1.日本,17時台,観光,2〜5人,男女,60代以上,Komatsu九館内,お手洗い,,,,,,,,,,
2026/08/17,窓口,1.日本,12時台,市民利用,個人,男性,60代以上,その他,,,,,,,,,,その他,自生園
2026/08/17,窓口,1.日本,14時台,観光,個人,女性,40代から50代,物産,,,,,,,駅弁,,,,
2026/08/17,窓口,1.日本,13時台,観光,個人,女性,40代から50代,物産,,,,,,,取扱いのないもの（金沢土産、栗蒸し羊羹等）,,,,
2026/08/17,窓口,1.日本,14時台,観光,個人,女性,40代から50代,Komatsu九館内,お手洗い,,,,,,,,,,
2026/08/18,窓口,1.日本,09時台,観光,家族連れ,女性,40代から50代,Komatsu九館内,休憩所,,,,,,,,,,持ち込みを食べられる場所。820をご案内した。
2026/08/18,窓口,1.日本,10時台,観光,個人,女性,20代から30代,Komatsu九館内,休憩所,,,,,,,,,,休憩所をおさがしw。ご案内した。
2026/08/18,窓口,1.日本,11時台,観光,個人,男性,60代以上,物産,,,,,,,駅弁,,,,カブーレと当店のお弁当をご案内した。
2026/08/18,窓口,1.日本,12時台,ビジネス,個人,男性,40代から50代,交通,,バス,小松空港,,,,,,,,空港線をお探し。ご案内した。
2026/08/18,窓口,1.日本,10時台,観光,個人,女性,40代から50代,交通,,バス,イオンモール,,,,,,,,イオン行きのバスをお探し。ご案内した。
2026/08/18,電話,1.日本,11時台,ビジネス,個人,女性,20代から30代,周辺店舗、飲食店,,,,ディナー,,,,,,,"旅行会社から。夜にテイクアウトできるお店をお探し。予算5,000円。梶助さんをご案内した。"
2026/08/18,窓口,1.日本,12時台,市民利用,個人,女性,40代から50代,Komatsu九館内,お手洗い,,,,,,,,,,
2026/08/19,窓口,1.日本,09時台,市民利用,個人,女性,60代以上,交通,,バス,その他,,,,,,,,商工会議所までのアクセス。オレンジこまちのバスとタクシーをご案内（田中）
2026/08/19,窓口,1.日本,10時台,観光,個人,男女,40代から50代,Komatsu九館内,お手洗い,,,,,,,,,,
2026/08/19,窓口,1.日本,10時台,観光,2〜5人,男女,40代から50代,Komatsu九館内,喫煙所,,,,,,,,,,
2026/08/19,窓口,1.日本,10時台,観光,2〜5人,男女,40代から50代,イベント,,,,,,,,,航空祭,,
2026/08/20,窓口,1.日本,09時台,観光,個人,女性,40代から50代,交通,,バス,鳥越城址,,,,,,,,一向一揆歴史館までのアクセス。ご案内した。
2026/08/20,電話,1.日本,09時台,観光,個人,男性,40代から50代,その他,,,,,,,,,,その他,スポーツ団体のコンベンションについての問い合わせ。事務局をご案内した。
2026/08/20,窓口,1.日本,08時台,市民利用,個人,女性,60代以上,交通,,バス,その他,,,,,,,,八幡行きのバスをお探し。循環線をご案内した。
2026/08/20,窓口,1.日本,09時台,観光,個人,男性,60代以上,観光案内,,,,,小松城址,個別のパンフレット,,,,,小松城址のパンフレットをお探し。トシツネをお渡しした。
2026/08/20,窓口,台湾,10時台,観光,個人,女性,20代から30代,交通,,バス,小松空港,,,,,,,,空港行きのバスをお探し。ご案内した。
2026/08/20,窓口,1.日本,09時台,観光,個人,女性,60代以上,観光案内,,,,,小松駅周辺で2～3時間観光したい,見て歩きマップ,,,,,駅周辺で観光したい。みよっさなどをご案内した。ー
2026/08/20,窓口,1.日本,12時台,観光,個人,女性,60代以上,イベント,,,,,,,,,航空祭,,航空祭のアクセスの問い合わせ。シャトルバスや駐車場の案内しました。
2026/08/20,窓口,1.日本,12時台,観光,個人,男性,20代から30代,交通,,バス,小松空港,,,,,,,,
2026/08/21,窓口,1.日本,08時台,観光,個人,女性,40代から50代,Komatsu九館内,お手洗い,,,,,,,,,,
2026/08/21,窓口,1.日本,08時台,市民利用,個人,女性,学生,その他,,,,,,,,,,落とし物,トイレで忘れ物をした。ナインの事務所をご案内した。
2026/08/21,窓口,1.日本,10時台,観光,個人,女性,20代から30代,Komatsu九館内,お手洗い,,,,,,,,,,
2026/08/21,窓口,1.日本,11時台,観光,個人,男性,40代から50代,交通,,バス,小松空港,,,,,,,,空港行きのバスをお探し。ご案内した。
2026/08/21,窓口,1.日本,13時台,観光,個人,女性,40代から50代,Komatsu九館内,お手洗い,,,,,,,,,,
2026/08/21,電話,1.日本,14時台,ビジネス,個人,男性,40代から50代,その他,,,,,,,,,,その他,バス会社よりゴルフ(片山津)帰り(小松空港)にピザを食べれる所のお問い合わせ
2026/08/22,窓口,1.日本,08時台,観光,個人,男性,40代から50代,交通,,バス,その他,,,,,,,,松井秀喜ミュージアムまでのアクセス。安宅線をご案内した。
2026/08/22,窓口,1.日本,10時台,市民利用,個人,女性,40代から50代,その他,,,,,,,,,,落とし物,トイレで忘れ物をしたとのこと。ナイン事務所をご案内した。
2026/08/22,窓口,1.日本,10時台,観光,個人,男性,20代から30代,Komatsu九館内,Komatsu九内の飲食店,,,,,,,,,,スマートボールができる所。カブーレをご案内した。
2026/08/22,窓口,韓国,10時台,観光,個人,女性,60代以上,交通,,タクシー,その他,,,,,,,,白山の市ノ瀬ビジターセンターまで。１時間ほどとご案内した。
2026/08/22,窓口,1.日本,11時台,観光,個人,男性,60代以上,周辺店舗、飲食店,,,,その他,,,,,,,今江の岩倉鉄工所をお探し。住所をお伝えした。
2026/08/22,窓口,1.日本,12時台,観光,個人,男性,20代から30代,周辺店舗、飲食店,,,,その他,,,,,,,北國とおりまちの場所をお探し。ご案内した。
2026/08/22,窓口,1.日本,12時台,観光,個人,女性,60代以上,交通,,徒歩,その他,,,,,,,,成田屋公演でうららをお探し。ご案内した。
2026/08/22,窓口,1.日本,12時台,観光,個人,女性,60代以上,周辺店舗、飲食店,,,,小松うどん、塩焼きそば,,,,,,,つるっとをご案内した。
2026/08/22,窓口,1.日本,10時台,市民利用,家族連れ,女性,40代から50代,Komatsu九館内,休憩所,,,,,,,,,,820をご案内した。
2026/08/22,窓口,1.日本,13時台,観光,個人,男性,60代以上,Komatsu九館内,ギャラリーエリア,,,,,,,,,,御周印をお探し。ギャラリーをご案内した。
2026/08/23,窓口,1.日本,09時台,観光,2〜5人,女性,40代から50代,観光案内,,,,,安宅住吉神社、安宅の関,見て歩きマップ,,,,,小松駅周辺の神社で御朱印集めをしたいとのこと。禹橋神社や本折日吉神社などご案内しました（田中）
2026/08/23,窓口,1.日本,09時台,市民利用,個人,女性,60代以上,Komatsu九館内,ギャラリーエリア,,,,,,,,,,
2026/08/23,窓口,1.日本,10時台,観光,個人,男性,40代から50代,観光案内,,,,,こまつの杜,お渡しなし,,,,,
2026/08/23,窓口,1.日本,09時台,観光,個人,男性,60代以上,交通,,飛行機,小松空港,,,,,,,,
2026/08/23,窓口,1.日本,09時台,観光,個人,男性,40代から50代,観光案内,,,,,小松駅周辺で2～3時間観光したい,見て歩きマップ,,,,,
2026/08/23,窓口,1.日本,11時台,観光,個人,男性,60代以上,Komatsu九館内,喫煙所,,,,,,,,,,
2026/08/23,窓口,1.日本,09時台,観光,個人,女性,40代から50代,Komatsu九館内,お手洗い,,,,,,,,,,
2026/08/23,窓口,1.日本,12時台,観光,個人,男性,40代から50代,Komatsu九館内,お手洗い,,,,,,,,,,
2026/08/23,窓口,1.日本,13時台,観光,個人,男女,60代以上,交通,,バス,小松空港,,,,,,,,
2026/08/23,窓口,1.日本,12時台,観光,個人,女性,60代以上,イベント,,,,,,,,,その他,,團十郎芸術劇場うらら
2026/08/23,窓口,1.日本,14時台,観光,個人,男性,40代から50代,物産,,,,,,,お菓子,,,,松葉屋さんの栗蒸し羊羹販売店をご案内しました（南）
2026/08/24,窓口,1.日本,08時台,市民利用,個人,女性,40代から50代,その他,,,,,,,,,,落とし物,
2026/08/24,窓口,1.日本,08時台,観光,個人,男性,学生,Komatsu九館内,お手洗い,,,,,,,,,,
2026/08/24,窓口,1.日本,15時台,観光,個人,女性,40代から50代,Komatsu九館内,お手洗い,,,,,,,,,,
2026/08/24,窓口,1.日本,13時台,観光,個人,男性,40代から50代,Komatsu九館内,喫煙所,,,,,,,,,,
2026/08/24,窓口,1.日本,14時台,観光,個人,女性,40代から50代,観光案内,,,,,小松駅周辺で2～3時間観光したい,"見て歩きマップ, 個別のパンフレット",,,,,
2026/08/24,窓口,1.日本,12時台,観光,個人,女性,20代から30代,観光案内,,,,,小松駅周辺（みよっさ、錦窯など）,"見て歩きマップ, 個別のパンフレット",,,,,
2026/08/24,電話,1.日本,18時台,市民利用,個人,男性,40代から50代,物産,,,,,,,酒,,,,
2026/08/24,窓口,1.日本,13時台,市民利用,個人,女性,40代から50代,物産,,,,,,,酒,,,,お酒についてお問い合わせ。辛口はどれか。（田中）
2026/08/25,窓口,1.日本,12時台,観光,2〜5人,女性,20代から30代,周辺店舗、飲食店,,,,その他,,,,,,,イオンモールへのバスをご案内しました。林
2026/08/25,窓口,1.日本,12時台,観光,2〜5人,女性,20代から30代,周辺店舗、飲食店,,,,その他,,,,,,,イオンモールへのバスをご案内しました。林
2026/08/26,電話,1.日本,09時台,市民利用,個人,男性,40代から50代,交通,,タクシー,小松空港,,,,,,,,土曜日の朝に空港までタクシーを利用したいが、常に常駐しているのか。日によって出払っている場合もある。配車予約をおすすめした。
2026/08/26,窓口,1.日本,10時台,市民利用,個人,男性,60代以上,交通,,タクシー,その他,,,,,,,,寺井に行くタクシーをお探し。小松駅に出入りしているタクシー会社をご案内した。
2026/08/26,電話,1.日本,11時台,観光,個人,女性,60代以上,交通,,タクシー,その他,,,,,,,,尾小屋鉱山資料館までのアクセス。タクシーかレンタカーをおすすめした。イベントデーにはバスも出ているとお伝えした。
2026/08/26,窓口,1.日本,14時台,観光,個人,女性,40代から50代,観光案内,,,,,おすすめの観光地を知りたい,"見て歩きマップ, 個別のパンフレット",,,,,
2026/08/26,窓口,1.日本,13時台,観光,個人,女性,60代以上,観光案内,,,,,小松駅周辺（みよっさ、錦窯など）,見て歩きマップ,,,,,
2026/08/27,窓口,1.日本,10時台,ビジネス,個人,女性,40代から50代,物産,,,,,,,お菓子,,,,
2026/08/27,窓口,1.日本,10時台,ビジネス,個人,男性,40代から50代,物産,,,,,,,お菓子,,,,
2026/08/27,窓口,1.日本,10時台,ビジネス,個人,男性,40代から50代,交通,,バス,その他,,,,,,,,バスでの大聖寺までの行き方。IRが運休の為、タクシーをご案内しました
2026/08/27,窓口,1.日本,16時台,観光,個人,女性,40代から50代,交通,,飛行機,小松空港,,,,,,,,
2026/08/27,窓口,1.日本,14時台,観光,個人,男性,40代から50代,Komatsu九館内,ギャラリーエリア,,,,,,,,,,
2026/08/28,窓口,1.日本,09時台,観光,家族連れ,男女,60代以上,交通,,バス,その他,,,,,,,,大聖寺に行きたいとのこと。大雨の影響で鉄道が運休のため、加賀温泉経由で大聖寺駅前に向かうバスをご案内した。
2026/08/28,窓口,1.日本,10時台,観光,個人,男性,20代から30代,交通,,バス,その他,,,,,,,,下粟津までのアクセ。木場潟線をご案内した。
2026/08/28,窓口,1.日本,12時台,市民利用,個人,女性,60代以上,交通,,バス,その他,,,,,,,,粟津駅までのアクセス。電車が止まっているため、粟津線のバスをご案内しました。
2026/08/28,窓口,1.日本,12時台,ビジネス,個人,男性,40代から50代,交通,,バス,その他,,,,,,,,粟津の青路までのバス。粟津線をご案内した。
2026/08/28,窓口,1.日本,13時台,観光,個人,女性,40代から50代,観光案内,,,,,小松駅周辺で2～3時間観光したい,見て歩きマップ,,,,,ホテルのチェックインまで観光したいとのこと。みよっさや北國通町をご案内した。
2026/08/29,窓口,1.日本,08時台,観光,個人,男性,40代から50代,Komatsu九館内,喫煙所,,,,,,,,,,
2026/08/29,電話,1.日本,10時台,観光,個人,男性,60代以上,イベント,,,,,,,,,航空祭,,航空祭の日に宿泊する場所。片山津と粟津はどちらが近いか。距離はあまり変わらないとお伝えした
2026/08/29,窓口,2.アジア,13時台,観光,個人,男性,20代から30代,観光案内,,,,,おすすめの観光地を知りたい,"見て歩きマップ, 個別のパンフレット",,,,,小松の有名な観光地を知りたいとのこと。那谷寺や安宅、ゆのくにの森などをご案内した。
2026/08/29,窓口,2.アジア,13時台,観光,個人,男性,20代から30代,物産,,,,,,,お菓子,,,,ベジタリアンの方で、大豆パウダーのお菓子をお探し。大豆由来のお菓子は取り扱いなく、他に卵不使用のクッキーやせんべいをご案内した。
2026/08/29,窓口,1.日本,13時台,観光,個人,女性,60代以上,イベント,,,,,,,,,航空祭,,航空祭のシャトルバスについて。出発する場所を知りたい。例年、駅と臨時駐車場から出ているとご案内した。
2026/08/29,窓口,1.日本,13時台,観光,個人,男性,60代以上,Komatsu九館内,お手洗い,,,,,,,,,,
2026/08/29,窓口,1.日本,13時台,観光,家族連れ,女性,40代から50代,その他,,,,,,,,,,スタンプ,記念スタンプをお探し。JRとIRをご案内した。
2026/08/29,窓口,1.日本,13時台,市民利用,個人,女性,20代から30代,Komatsu九館内,お手洗い,,,,,,,,,,オムツ交換出来るトイレをご案内しました
2026/08/29,窓口,1.日本,15時台,観光,個人,男性,40代から50代,物産,,,,,,,取扱いのないもの（金沢土産、栗蒸し羊羹等）,,,,
2026/08/30,窓口,1.日本,11時台,観光,個人,女性,40代から50代,交通,,鉄道,その他,,,,,,,,芦原温泉駅まで。IRが運休のため新幹線をご案内しました。
2026/08/30,窓口,1.日本,11時台,観光,個人,女性,20代から30代,観光案内,,,,,その他,お渡しなし,,,,,サイエンスヒルズまで行き方。
2026/08/30,電話,1.日本,14時台,観光,個人,男性,40代から50代,宿泊,,,,,,,,ハイパーホテル,,,小松駅周辺の安いホテルの問い合わせ。価格はこちらではわからないのでお客様で問い合わせをしてくださいとお伝えし、ハイパーホテル小松、変なホテル小松等をご案内しました。
2026/08/30,窓口,1.日本,15時台,観光,2〜5人,女性,20代から30代,その他,,,,,,,,,,落とし物,バス停で傘を忘れたが届いていないかとの問い合わせ。ここには届いていないので、ナインの事務所ご案内しました。
2026/08/31,窓口,1.日本,08時台,観光,個人,女性,60代以上,観光案内,,,,,おすすめの観光地を知りたい,じゃらん,,,,,神奈川からお越し。おすすめの観光地を知りたいとのこと。安宅や那谷寺をご案内しました。
2026/08/31,窓口,1.日本,09時台,観光,個人,男性,60代以上,交通,,バス,ハニベ巌窟院,,,,,,,,ハニべ線をご案内しました。
2026/08/31,窓口,1.日本,09時台,観光,2〜5人,女性,60代以上,観光案内,,,,,パンフレットをお探し,"じゃらん, 個別のパンフレット",,,,,那谷寺のパンフレットをお探し。じゃらんと那谷寺パンフレットをお渡しした。
2026/08/31,窓口,1.日本,10時台,観光,個人,男性,40代から50代,交通,,バス,那谷寺,,,,,,,,粟津線をご案内しました。
2026/08/31,窓口,1.日本,10時台,観光,個人,女性,20代から30代,交通,,バス,安宅住吉神社、勧進帳ものがたり館,,,,,,,,安宅線をご案内しました
2026/08/31,電話,1.日本,11時台,観光,個人,男性,60代以上,Komatsu九館内,コインロッカー,,,,,,,,,,駅のコインロッカーをお探し。あるとご案内しました。９／10の片山津ゴルフ倶楽部の女子プロ大会に行くとのこと。
2026/08/31,電話,1.日本,14時台,観光,個人,女性,40代から50代,イベント,,,,,,,,,航空祭,,
2026/09/01,窓口,日本,08時台,観光,個人,男性,40代から50代,観光案内,,,,,パンフレットをお探し,,,,,,フランス語の周辺案内の資料はあるかとのおといあわせ。あいにく用意がないとお詫びしました。
2026/09/01,窓口,日本,10時台,観光,個人,女性,60代以上,観光案内,,,,,パンフレットをお探し,,,,,,山代温泉のパンフレットをお探し。お渡しした。
2026/09/01,窓口,日本,11時台,観光,小団体（2～5人）,男性,60代以上,観光案内,,,,,小松駅周辺で2～3時間観光したい,,,,,,小松駅周辺の無料観光スポット。こまつの杜、みよっさ、サイエンスヒルズ、禹橋神社などご案内。
2026/09/01,窓口,日本,11時台,観光,個人,女性,60代以上,Komatsu九館内,休憩所,,,,,,,,,,休憩所をお探し。高齢だったため、カブーレのスタッフに許可をもらいカブーレに案内しました。
2026/09/01,窓口,日本,11時台,観光,個人,女性,40代～50代,その他,,,,,,,,,,その他,こまつの杜の重機を上から見られる所をお探し。新幹線改札内をご案内しました。
2026/09/01,電話,日本,13時台,観光,個人,男性,60代以上,ホテル・宿泊,,,,,,,,小松駅周辺,,,駅周辺の安いホテルをお探し。老松さんや松屋旅館、ハイパーホテルをご案内しました。
2026/09/01,窓口,日本,14時台,観光,小団体（2～5人）,女性,20代～30代,Komatsu九館内,喫煙所,,,,,,,,,,喫煙所をご案内しました
2026/09/01,窓口,アジア（国籍不明）,15時台,観光,個人,男性,40代～50代,Komatsu九館内,喫煙所,,,,,,,,,,喫煙所をご案内しました
2026/09/01,窓口,日本,16時台,観光,個人,女性,40代～50代,物産・お土産,,,,,,,お菓子,,,,
2026/09/01,窓口,日本,15時台,ビジネス,個人,男性,40代～50代,アクセス・交通,,バス,イオンモール,,,,,,,,イオンモール行きのバスとタクシーを案内しました。
2026/09/01,窓口,日本,15時台,ビジネス,個人,男性,20代～30代,Komatsu九館内,喫煙所,,,,,,,,,,
2026/09/02,窓口,日本,10時台,観光,個人,女性,40代～50代,Komatsu九館内,お手洗い,,,,,,,,,,
2026/09/02,窓口,日本,13時台,観光,個人,男性,40代～50代,Komatsu九館内,喫煙所,,,,,,,,,,
2026/09/02,窓口,日本,14時台,観光,個人,女性,20代～30代,その他,,,,,,,,,,記念スタンプ,御周印の押印場所をご案内しました
2026/09/02,電話,日本,16時台,観光,個人,女性,40代～50代,物産・お土産,,,,,,,お菓子,,,,小松駅構内にお土産物店はいくつありますかとの問い合わせに当店とカブーレさん、セブンイレブンさんがありますとお答えしました
2026/09/03,窓口,日本,09時台,ビジネス,個人,女性,20代～30代,Komatsu九館内,ギャラリーエリア,,,,,,,,,,
2026/09/03,窓口,台湾,09時台,観光,ご夫婦・家族連れ,女性,20代～30代,アクセス・交通,,バス,イオンモール,,,,,,,,イオン行きのバスをお探し。コミュニティバスをご案内した。
2026/09/03,窓口,日本,10時台,観光,個人,女性,40代～50代,物産・お土産,,,,,,,食品,,,,冷凍の魚を買いたいが、竹本商店に直接行ったほうがたくさん選べるのか。との問い合わせ。電話で竹本さんに確認してご案内した。
2026/09/03,窓口,日本,11時台,観光,個人,男性,40代～50代,Komatsu九館内,お手洗い,,,,,,,,,,
2026/09/03,窓口,日本,12時台,観光,個人,女性,60代以上,アクセス・交通,,バス,その他,,,,,,,,市役所までのバスをお探し。空港線と循環線、タクシーをご案内した。
2026/09/03,電話,日本,16時台,観光,個人,男性,60代以上,観光案内,,,,,その他,,,,,,観音下までのアクセス。
2026/09/04,窓口,日本,10時台,観光,個人,男性,20代～30代,アクセス・交通,,タクシー,その他,,,,,,,,農口尚彦研究所へのアクセス。タクシーをご案内して、タクシーの連絡先もご案内した。
2026/09/04,電話,日本,11時台,観光,個人,男性,60代以上,イベント,,,,,,,,,航空祭,,航空祭当日の交通手段について問い合わせ。駅からのシャトルバスをご案内した。また、駅周辺の宿泊施設について聞かれたがおそらく満室で、金沢や福井に宿泊することもご提案した。
2026/09/04,窓口,日本,13時台,観光,個人,男性,40代～50代,Komatsu九館内,お手洗い,,,,,,,,,,
2026/09/04,窓口,日本,12時台,ビジネス,個人,男性,40代～50代,Komatsu九館内,喫煙所,,,,,,,,,,
2026/09/04,窓口,日本,13時台,観光,個人,男性,40代～50代,アクセス・交通,,バス,小松空港,,,,,,,,
2026/09/04,窓口,日本,14時台,観光,個人,女性,40代～50代,Komatsu九館内,お手洗い,,,,,,,,,,
2026/09/04,電話,日本,15時台,観光,個人,女性,40代～50代,物産・お土産,,,,,,,駅弁,,,,
2026/09/05,窓口,日本,09時台,観光,個人,男性,40代～50代,観光案内,,,,,日本遺産,,,,,,日本遺産の石切り場と安宅の関をご案内しました
2026/09/05,窓口,日本,10時台,観光,個人,男性,20代～30代,アクセス・交通,,バス,日本自動車博物館,,,,,,,,自動車博物館バスの行き方をご案内しました
2026/09/05,窓口,日本,14時台,観光,個人,男性,20代～30代,Komatsu九館内,喫煙所,,,,,,,,,,喫煙所をご案内しました
2026/09/06,窓口,アジア（国籍不明）,08時台,観光,小団体（2～5人）,女性,40代～50代,アクセス・交通,,鉄道・新幹線,加賀温泉,,,,,,,,
2026/09/06,窓口,日本,09時台,観光,個人,女性,60代以上,観光案内,,,,,安宅町周辺,,,,,,安宅周辺をご案内しました
2026/09/07,窓口,日本,09時台,観光,個人,男性,60代以上,物産・お土産,,,,,,,取扱いのないもの（栗蒸し羊羹、金沢土産）,,,,
2026/09/07,窓口,日本,13時台,観光,個人,女性,60代以上,アクセス・交通,,バス,イオンモール,,,,,,,,
2026/09/08,窓口,アジア（国籍不明）,08時台,観光,ご夫婦・家族連れ,男性,20代～30代,アクセス・交通,,バス,小松空港,,,,,,,,空港行きのバスのチケットをお探し。車内で払ってもらうようお伝えした。
2026/09/08,窓口,日本,09時台,市民利用,個人,男性,40代～50代,アクセス・交通,,バス,その他,,,,,,,,月津線のバス時刻表をお探し。お渡しした。
2026/09/08,窓口,日本,11時台,ビジネス,個人,男性,20代～30代,周辺店舗・飲食店,,,,その他,,,,,,,名刺入れやカードケースを売っている所をお探し。駅周辺では心当たりが無いとお伝えした。
2026/09/08,窓口,日本,17時台,観光,個人,男性,60代以上,周辺店舗・飲食店,,,,小松うどん、塩焼きそば,,,,,,,勝っちゃん、えびす（おでん）の場所のお問い合わせ。それぞれご案内しました。
2026/09/08,窓口,日本,14時台,観光,個人,男性,40代～50代,Komatsu九館内,お手洗い,,,,,,,,,,
2026/09/08,窓口,日本,17時台,観光,個人,女性,20代～30代,物産・お土産,,,,,,,取扱いのないもの（栗蒸し羊羹、金沢土産）,,,,
2026/09/09,窓口,日本,10時台,観光,個人,女性,40代～50代,Komatsu九館内,Komatsu九内の飲食店,,,,,,,,,,ビッケをお探し。ご案内した。
2026/09/09,窓口,日本,12時台,ビジネス,小団体（2～5人）,男性,20代～30代,Komatsu九館内,Komatsu九内の飲食店,,,,,,,,,,アルバをお探し。ご案内した。
2026/09/09,窓口,台湾,11時台,観光,個人,女性,40代～50代,アクセス・交通,,バス,イオンモール,,,,,,,,イオン行きのバスをお探し。時間が合わずタクシーもご案内した。
2026/09/09,窓口,日本,12時台,観光,個人,女性,60代以上,観光案内,,,,,おすすめの観光地を知りたい,,,,,,明日、片山津のゴルフを観戦するために宿泊。小松の観光地を知りたいとのこと。駅前や粟津をご案内した。
2026/09/09,窓口,日本,12時台,観光,個人,男性,60代以上,観光案内,,,,,小松駅周辺で2～3時間観光したい,,,,,,みよっさや禹橋神社、北國通り町をご案内した。
2026/09/09,窓口,日本,12時台,観光,個人,女性,40代～50代,周辺店舗・飲食店,,,,ランチ,,,,,,,和食の店をお探し。つかさやはるおをご案内した。ー
2026/09/10,窓口,日本,14時台,ビジネス,個人,男性,40代～50代,アクセス・交通,,徒歩,その他,,,,,,,,
2026/09/10,窓口,日本,10時台,観光,個人,男性,40代～50代,Komatsu九館内,手荷物預かり・コインロッカー,,,,,,,,,,
2026/09/10,窓口,日本,10時台,観光,個人,男性,60代以上,Komatsu九館内,手荷物預かり・コインロッカー,,,,,,,,,,コインロッカーが空きなしのため手荷物を預かれないかとのお問い合わせ。対応していないとご案内しました（田中）
2026/09/10,窓口,日本,10時台,観光,個人,男性,40代～50代,物産・お土産,,,,,,,取扱いのないもの（栗蒸し羊羹、金沢土産）,,,,
2026/09/10,窓口,日本,10時台,観光,ご夫婦・家族連れ,男性,40代～50代,物産・お土産,,,,,,,取扱いのないもの（栗蒸し羊羹、金沢土産）,,,,
2026/09/10,窓口,日本,10時台,観光,ご夫婦・家族連れ,女性,20代～30代,イベント,,,,,,,,,その他,,ポムポムプリンのイベントについてお問い合わせ。
2026/09/11,窓口,日本,08時台,観光,個人,男性,40代～50代,周辺店舗・飲食店,,,,寿司・海鮮,,,,,,,夜に海鮮系を食べたいとのこと。つばき、竹屋、壱、おととやなどをご案内しました。
2026/09/11,窓口,日本,09時台,観光,個人,女性,20代～30代,Komatsu九館内,手荷物預かり・コインロッカー,,,,,,,,,,ロッカーをお探し。ご案内しました。
2026/09/11,窓口,日本,09時台,観光,小団体（2～5人）,男性,20代～30代,Komatsu九館内,手荷物預かり・コインロッカー,,,,,,,,,,ゴルフ観戦のお客様。ロッカーをお探し。ご案内しました。
2026/09/11,窓口,日本,10時台,観光,個人,男性,40代～50代,Komatsu九館内,手荷物預かり・コインロッカー,,,,,,,,,,ロッカーをお探し。ご案内したがすでにいっぱいとのこと。駅では手荷物預かりはしていないとお伝えした。
2026/09/11,窓口,日本,10時台,観光,ご夫婦・家族連れ,女性,40代～50代,アクセス・交通,,バス,小松市以外（金沢、能登、県外他）,,,,,,,,九谷陶芸村までのアクセス。佐野線と電車のルートをご案内した。
2026/09/11,窓口,日本,11時台,観光,個人,男性,20代～30代,Komatsu九館内,手荷物預かり・コインロッカー,,,,,,,,,,ロッカーをお探し。ご案内したがすでにいっぱい。
2026/09/11,窓口,日本,11時台,観光,個人,女性,60代以上,Komatsu九館内,お手洗い,,,,,,,,,,
2026/09/11,窓口,日本,13時台,観光,ご夫婦・家族連れ,男性,20代～30代,Komatsu九館内,手荷物預かり・コインロッカー,,,,,,,,,,
2026/09/11,電話,日本,13時台,観光,個人,女性,60代以上,アクセス・交通,,バス,安宅町周辺,,,,,,,,安宅までのアクセス。バスとタクシーをご案内した。
2026/09/11,窓口,日本,13時台,観光,小団体（2～5人）,女性,60代以上,物産・お土産,,,,,,,お菓子,,,,御朱印さんの店舗をご案内しました
2026/09/12,窓口,日本,11時台,市民利用,個人,男性,60代以上,その他,,,,,,,,,,その他,時計修理のお店はないかとのお問い合わせにお店をご案内しました
2026/09/12,窓口,日本,16時台,観光,個人,男性,40代～50代,物産・お土産,,,,,,,取扱いのないもの（栗蒸し羊羹、金沢土産）,,,,
2026/09/12,窓口,日本,11時台,観光,個人,女性,40代～50代,Komatsu九館内,お手洗い,,,,,,,,,,
2026/09/12,窓口,日本,11時台,観光,個人,男性,40代～50代,Komatsu九館内,コワーキングエリア,,,,,,,,,,
2026/09/12,窓口,日本,16時台,観光,個人,女性,40代～50代,物産・お土産,,,,,,,お菓子,,,,マルフジの専用袋はあるか？きかれました。
2026/09/12,窓口,日本,14時台,市民利用,個人,女性,20代～30代,Komatsu九館内,コワーキングエリア,,,,,,,,,,
2026/09/12,窓口,日本,15時台,観光,個人,男性,40代～50代,その他,,,,,,,,,,その他,営業時間の確認をされました。